date,pm25_london_mean,n_sensors,temp_mean_c,wind_mean_kmh,prcp_sum_mm,humidity,year,month,month_name,week,dow,season,pm25_above_who,pm25_roll30,pm25_roll30_sd,pm25_extreme,rain_flag,temp_bin,wind_bin,humidity_bin
2016-01-30,3.872,5,6.9,23.4,4.9,74,2016,1,Jan,4,Sat,Winter,0,NA,NA,0,Rainy,Cool,Windy,Low humidity
2016-01-31,5.082,5,7.7,20.3,1.5,88,2016,1,Jan,4,Sun,Winter,0,NA,NA,0,Rainy,Cool,Windy,High humidity
2016-02-01,5.57,6,11,30.3,0,78,2016,2,Feb,5,Mon,Winter,0,NA,NA,0,Dry,Mild,Windy,Low humidity
2016-02-02,8.292857142857143,7,7.4,24.5,0.4,69,2016,2,Feb,5,Tue,Winter,0,NA,NA,0,Rainy,Cool,Windy,Low humidity
2016-02-03,6.918571428571428,7,4.4,20.3,0.2,77,2016,2,Feb,5,Wed,Winter,0,NA,NA,0,Rainy,Cool,Windy,Low humidity
2016-02-04,6.328571428571428,7,7.9,19.1,0.6,87,2016,2,Feb,5,Thu,Winter,0,NA,NA,0,Rainy,Cool,Windy,High humidity
2016-02-05,7.36,7,9.1,22.9,0.2,88,2016,2,Feb,5,Fri,Winter,0,NA,NA,0,Rainy,Mild,Windy,High humidity
2016-02-06,5.9725,8,9.7,32.6,7.7,84,2016,2,Feb,5,Sat,Winter,0,NA,NA,0,Rainy,Mild,Windy,High humidity
2016-02-07,6.0962499999999995,8,7,27.1,5,78,2016,2,Feb,5,Sun,Winter,0,NA,NA,0,Rainy,Cool,Windy,Low humidity
2016-02-08,5.15,8,7.5,35.9,2.9,71,2016,2,Feb,6,Mon,Winter,0,NA,NA,0,Rainy,Cool,Windy,Low humidity
2016-02-09,6.858333333333333,6,4.6,18.7,0.9,75,2016,2,Feb,6,Tue,Winter,0,NA,NA,0,Rainy,Cool,Windy,Low humidity
2016-02-10,5.722857142857142,7,4.2,16.1,0,80,2016,2,Feb,6,Wed,Winter,0,NA,NA,0,Dry,Cool,Windy,High humidity
2016-02-11,15.4,6,2,6.3,0,85,2016,2,Feb,6,Thu,Winter,1,NA,NA,0,Dry,Cool,Calm,High humidity
2016-02-12,15.706666666666669,6,2.8,11.7,0.6,89,2016,2,Feb,6,Fri,Winter,1,NA,NA,0,Rainy,Cool,Calm,High humidity
2016-02-13,19.0125,8,3.1,17.3,4.2,89,2016,2,Feb,6,Sat,Winter,1,NA,NA,0,Rainy,Cool,Windy,High humidity
2016-02-14,17.2625,8,3.3,18.6,0.3,79,2016,2,Feb,6,Sun,Winter,1,NA,NA,0,Rainy,Cool,Windy,Low humidity
2016-02-15,8.1075,8,2.1,18.7,0,78,2016,2,Feb,7,Mon,Winter,0,NA,NA,0,Dry,Cool,Windy,Low humidity
2016-02-16,11.63875,8,1.7,9.8,0,85,2016,2,Feb,7,Tue,Winter,0,NA,NA,0,Dry,Cool,Calm,High humidity
2016-02-17,12.51875,8,4,16.2,5.5,79,2016,2,Feb,7,Wed,Winter,0,NA,NA,0,Rainy,Cool,Windy,Low humidity
2016-02-18,10.666666666666668,6,3.6,12,1.9,82,2016,2,Feb,7,Thu,Winter,0,NA,NA,0,Rainy,Cool,Calm,High humidity
2016-02-19,11.79,6,3.9,18.1,1.2,84,2016,2,Feb,7,Fri,Winter,0,NA,NA,0,Rainy,Cool,Windy,High humidity
2016-02-20,6.288571428571428,7,9.7,26.7,0.6,87,2016,2,Feb,7,Sat,Winter,0,NA,NA,0,Rainy,Mild,Windy,High humidity
2016-02-21,4.517142857142858,7,11.2,29.3,0,85,2016,2,Feb,7,Sun,Winter,0,NA,NA,0,Dry,Mild,Windy,High humidity
2016-02-22,5.484285714285714,7,7.8,14.7,1.7,79,2016,2,Feb,8,Mon,Winter,0,NA,NA,0,Rainy,Cool,Windy,Low humidity
2016-02-23,6.3975,8,3.7,10,0.5,80,2016,2,Feb,8,Tue,Winter,0,NA,NA,0,Rainy,Cool,Calm,High humidity
2016-02-24,16.085714285714285,7,2.4,5.9,0,77,2016,2,Feb,8,Wed,Winter,1,NA,NA,0,Dry,Cool,Calm,Low humidity
2016-02-25,21.4125,8,0.9,8.4,0,77,2016,2,Feb,8,Thu,Winter,1,NA,NA,0,Dry,Cool,Calm,Low humidity
2016-02-26,22.5,8,2.4,9.6,0,75,2016,2,Feb,8,Fri,Winter,1,NA,NA,0,Dry,Cool,Calm,Low humidity
2016-02-27,24.3375,8,3.1,18.5,0,70,2016,2,Feb,8,Sat,Winter,1,NA,NA,0,Dry,Cool,Windy,Low humidity
2016-02-29,6.092499999999999,8,3.4,9.3,0,76,2016,2,Feb,9,Mon,Winter,0,10.281432936507937,5.955343571277283,0,Dry,Cool,Calm,Low humidity
2016-03-01,8.33375,8,7.8,24,3.3,87,2016,3,Mar,9,Tue,Spring,0,10.430157936507936,5.8444387329455685,0,Rainy,Cool,Windy,High humidity
2016-03-02,5.67375,8,5.1,26.8,4.5,77,2016,3,Mar,9,Wed,Spring,0,10.449882936507937,5.826738041333515,0,Rainy,Cool,Windy,Low humidity
2016-03-03,5.3725,8,5.6,19.7,1.8,74,2016,3,Mar,9,Thu,Spring,0,10.443299603174603,5.83255036683681,0,Rainy,Cool,Windy,Low humidity
2016-03-04,6.155,8,4.1,13.6,4.1,77,2016,3,Mar,9,Fri,Spring,0,10.372037698412699,5.872652671517891,0,Rainy,Cool,Windy,Low humidity
2016-03-05,10.91375,8,2,15.7,2.1,87,2016,3,Mar,9,Sat,Spring,0,10.505210317460318,5.83682839939383,0,Rainy,Cool,Windy,High humidity
2016-03-06,10.14625,8,2.2,12.4,0.6,85,2016,3,Mar,9,Sun,Spring,0,10.63246626984127,5.7840062626175754,0,Rainy,Cool,Calm,High humidity
2016-03-07,9.85125,8,1.6,14.4,0.1,78,2016,3,Mar,10,Mon,Spring,0,10.715507936507937,5.753204536588682,0,Rainy,Cool,Windy,Low humidity
2016-03-08,11.7875,8,2.8,13.1,0.1,81,2016,3,Mar,10,Tue,Spring,0,10.909341269841269,5.6854545586628715,0,Rainy,Cool,Calm,High humidity
2016-03-09,7.62125,8,7.2,17.5,14.6,89,2016,3,Mar,10,Wed,Spring,0,10.960174603174604,5.64762870108314,0,Rainy,Cool,Windy,High humidity
2016-03-10,17.225,8,6.1,8.9,0.4,84,2016,3,Mar,10,Thu,Spring,1,11.362674603174604,5.649550819029093,0,Rainy,Cool,Calm,High humidity
2016-03-11,40.75,8,2.7,6.7,0,91,2016,3,Mar,10,Fri,Spring,1,12.492396825396826,7.725111189846372,1,Dry,Cool,Calm,High humidity
2016-03-12,63,7,5,4.2,0,87,2016,3,Mar,10,Sat,Spring,1,14.40163492063492,11.928636294821212,1,Dry,Cool,Calm,High humidity
2016-03-13,56.77142857142857,7,3.7,13.2,0,83,2016,3,Mar,10,Sun,Spring,1,15.78068253968254,14.219496163149362,1,Dry,Cool,Calm,High humidity
2016-03-14,26.314285714285713,7,4.6,19.9,0,78,2016,3,Mar,11,Mon,Spring,1,16.13426984126984,14.348889973859688,1,Dry,Cool,Windy,Low humidity
2016-03-15,20.475,8,5.5,15.4,0,88,2016,3,Mar,11,Tue,Spring,1,16.183019841269843,14.3614847632722,0,Dry,Cool,Windy,High humidity
2016-03-16,16.9125,8,6.1,19.2,0,78,2016,3,Mar,11,Wed,Spring,1,16.171353174603173,14.360719742457492,0,Dry,Cool,Windy,Low humidity
2016-03-17,23.014285714285716,7,5.5,12.8,0,77,2016,3,Mar,11,Thu,Spring,1,16.66824603174603,14.32994308588638,0,Dry,Cool,Calm,Low humidity
2016-03-18,23.225,8,4,12.6,0,87,2016,3,Mar,11,Fri,Spring,1,17.054454365079366,14.34584077951218,0,Dry,Cool,Calm,High humidity
2016-03-19,6.9975000000000005,8,5.7,15.9,0,78,2016,3,Mar,11,Sat,Spring,0,16.870412698412697,14.441134805232624,0,Dry,Cool,Windy,Low humidity
2016-03-20,6.1137500000000005,8,6.1,11.6,0,78,2016,3,Mar,11,Sun,Spring,0,16.71864880952381,14.532215364571117,0,Dry,Cool,Calm,Low humidity
2016-03-21,12.985714285714286,7,7.3,9.1,0,77,2016,3,Mar,12,Mon,Spring,0,16.758505952380954,14.51986603669364,0,Dry,Cool,Calm,Low humidity
2016-03-22,20.975,8,6.9,6.1,0,75,2016,3,Mar,12,Tue,Spring,1,17.24805357142857,14.401793912401962,0,Dry,Cool,Calm,Low humidity
2016-03-23,24.2375,8,7.5,4.8,0,77,2016,3,Mar,12,Wed,Spring,1,17.90539880952381,14.249926267038534,0,Dry,Cool,Calm,Low humidity
2016-03-24,28.5,8,7.4,15.9,5.7,84,2016,3,Mar,12,Thu,Spring,1,18.672589285714288,14.177514551549859,1,Rainy,Cool,Windy,High humidity
2016-03-25,9.8925,8,9.2,13.3,2.9,74,2016,3,Mar,12,Fri,Spring,0,18.789089285714287,14.087241268701618,0,Rainy,Mild,Calm,Low humidity
2016-03-26,9.22375,8,8.7,27.7,4,85,2016,3,Mar,12,Sat,Spring,0,18.560357142857143,14.187997061358752,0,Rainy,Cool,Windy,High humidity
2016-03-27,5.22125,8,7.8,25.1,4.3,81,2016,3,Mar,12,Sun,Spring,0,18.020648809523813,14.382385138293062,0,Rainy,Cool,Windy,High humidity
2016-03-28,4.49375,8,7.8,32.1,11,75,2016,3,Mar,13,Mon,Spring,0,17.42044047619048,14.563584686533304,0,Rainy,Cool,Windy,Low humidity
2016-03-29,4.857142857142857,7,6.9,20.2,3.4,77,2016,3,Mar,13,Tue,Spring,0,16.77109523809524,14.67837164016209,0,Rainy,Cool,Windy,Low humidity
2016-03-30,5.3275,8,7.4,13.3,0.9,76,2016,3,Mar,13,Wed,Spring,0,16.745595238095238,14.698213818773347,0,Rainy,Cool,Calm,Low humidity
2016-03-31,8.11875,8,6.8,9.9,0,76,2016,3,Mar,13,Thu,Spring,0,16.73842857142857,14.702508549772723,0,Dry,Cool,Calm,Low humidity
2016-04-01,14.775,8,6.8,13.7,0,78,2016,4,Apr,13,Fri,Spring,0,17.04180357142857,14.559528009798829,0,Dry,Cool,Windy,Low humidity
2016-04-02,14.685,8,9.1,12.8,3.2,73,2016,4,Apr,13,Sat,Spring,0,17.35222023809524,14.400559067450978,0,Rainy,Mild,Calm,Low humidity
2016-04-03,21.4625,8,10.7,12.2,4.3,82,2016,4,Apr,13,Sun,Spring,1,17.862470238095238,14.260643876000138,0,Rainy,Mild,Calm,High humidity
2016-04-04,15.9875,8,9.6,13.7,2,83,2016,4,Apr,14,Mon,Spring,1,18.03159523809524,14.205372528417676,0,Rainy,Mild,Windy,High humidity
2016-04-05,9.11625,8,9.6,11.6,0.7,76,2016,4,Apr,14,Tue,Spring,0,17.997261904761906,14.22631728258646,0,Rainy,Mild,Calm,Low humidity
2016-04-06,7.44875,8,7.7,22.9,1.5,73,2016,4,Apr,14,Wed,Spring,0,17.917178571428572,14.28041363324893,0,Rainy,Cool,Windy,Low humidity
2016-04-07,6.275,8,6.6,17.8,4.1,78,2016,4,Apr,14,Thu,Spring,0,17.733428571428572,14.396995176423369,0,Rainy,Cool,Windy,Low humidity
2016-04-08,9.13125,8,7.6,9.3,0,80,2016,4,Apr,14,Fri,Spring,0,17.783761904761903,14.363022386970345,0,Dry,Cool,Calm,High humidity
2016-04-09,7.75125,8,7.3,14.6,3.3,82,2016,4,Apr,14,Sat,Spring,0,17.467970238095237,14.479406659972259,0,Rainy,Cool,Windy,High humidity
2016-04-10,6.105,8,6.8,17,0,73,2016,4,Apr,14,Sun,Spring,0,16.313136904761905,13.929623953986681,0,Dry,Cool,Windy,Low humidity
2016-04-11,19.1,8,10.7,11.3,3.2,82,2016,4,Apr,15,Mon,Spring,1,14.849803571428572,10.813244382811403,0,Rainy,Mild,Calm,High humidity
2016-04-12,17.575,8,10,9.1,0.6,79,2016,4,Apr,15,Tue,Spring,1,13.543255952380953,7.403758181044626,0,Rainy,Mild,Calm,Low humidity
2016-04-13,11.205,8,9.9,6.2,1.2,76,2016,4,Apr,15,Wed,Spring,0,13.039613095238094,7.008398845107522,0,Rainy,Mild,Calm,Low humidity
2016-04-14,13.20875,8,10.3,7.8,3.9,80,2016,4,Apr,15,Thu,Spring,0,12.797404761904764,6.866700405625722,0,Rainy,Mild,Calm,High humidity
2016-04-15,9.17,7,9.4,6.5,12.5,92,2016,4,Apr,15,Fri,Spring,0,12.53932142857143,6.852186929123193,0,Rainy,Mild,Calm,High humidity
2016-04-16,7.895,8,6,12.7,2.3,81,2016,4,Apr,15,Sat,Spring,0,12.035345238095237,6.606805765754098,0,Rainy,Cool,Calm,High humidity
2016-04-17,6.59125,8,5.5,8.6,1.1,71,2016,4,Apr,15,Sun,Spring,0,11.480886904761906,6.327427075110487,0,Rainy,Cool,Calm,Low humidity
2016-04-18,9.63625,8,7.7,13.7,0,73,2016,4,Apr,16,Mon,Spring,0,11.568845238095237,6.281125243619342,0,Dry,Cool,Windy,Low humidity
2016-04-19,9.42625,8,9.6,9.4,0,71,2016,4,Apr,16,Tue,Spring,0,11.679261904761905,6.210642674680233,0,Dry,Mild,Calm,Low humidity
2016-04-20,9.48875,8,7.4,16.7,0,76,2016,4,Apr,16,Wed,Spring,0,11.562696428571428,6.218088989664556,0,Dry,Cool,Windy,Low humidity
2016-04-21,12.31125,8,9.5,18.3,0,75,2016,4,Apr,16,Thu,Spring,0,11.273904761904761,5.961778098985431,0,Dry,Mild,Windy,Low humidity
2016-04-22,11.775,8,7.7,17.6,4.3,79,2016,4,Apr,16,Fri,Spring,0,10.858488095238096,5.438560628787322,0,Rainy,Cool,Windy,Low humidity
2016-04-23,8.49125,8,6.3,14.8,0.2,71,2016,4,Apr,16,Sat,Spring,0,10.191529761904762,4.310357137929436,0,Rainy,Cool,Windy,Low humidity
2016-04-24,8.03125,8,6.1,12.1,0.6,71,2016,4,Apr,16,Sun,Spring,0,10.129488095238095,4.328167948162702,0,Rainy,Cool,Calm,Low humidity
2016-04-25,8.0025,8,7.1,15.4,1.9,80,2016,4,Apr,17,Mon,Spring,0,10.088779761904762,4.342699373644115,0,Rainy,Cool,Windy,High humidity
2016-04-26,6.09025,8,4.9,18.2,0.6,70,2016,4,Apr,17,Tue,Spring,0,10.117746428571428,4.311901412274608,0,Rainy,Cool,Windy,Low humidity
2016-04-27,6.80375,8,5.4,11,1.4,73,2016,4,Apr,17,Wed,Spring,0,10.194746428571428,4.227813025528794,0,Rainy,Cool,Calm,Low humidity
2016-04-28,8.625,8,6.2,15.6,0,70,2016,4,Apr,17,Thu,Spring,0,10.320341666666668,4.118329731048141,0,Dry,Cool,Windy,Low humidity
2016-04-29,6.55875,8,7.5,18.8,0.5,65,2016,4,Apr,17,Fri,Spring,0,10.361383333333333,4.0727400115201045,0,Rainy,Cool,Windy,Low humidity
2016-04-30,6.5,8,6.7,9.9,0.2,73,2016,4,Apr,17,Sat,Spring,0,10.307425,4.113990665876919,0,Rainy,Cool,Calm,Low humidity
2016-05-01,8.17,8,8.5,12.5,0,73,2016,5,May,17,Sun,Spring,0,10.087258333333333,4.042779067992781,0,Dry,Cool,Calm,Low humidity
2016-05-02,7.49875,8,11.2,21.1,1.2,84,2016,5,May,18,Mon,Spring,0,9.847716666666667,3.9732621698551807,0,Rainy,Mild,Windy,High humidity
2016-05-03,7.7825,8,9.2,12,0,69,2016,5,May,18,Tue,Spring,0,9.391716666666667,3.326701814118222,0,Dry,Mild,Calm,Low humidity
2016-05-04,10.97,8,10,9.5,0,68,2016,5,May,18,Wed,Spring,0,9.224466666666666,3.1022174909118703,0,Dry,Mild,Calm,Low humidity
2016-05-05,12.5825,8,11.9,11.2,0,63,2016,5,May,18,Thu,Spring,0,9.340008333333333,3.1620215499353805,0,Dry,Mild,Calm,Low humidity
2016-05-06,18.975,8,14,10.1,0,71,2016,5,May,18,Fri,Spring,1,9.724216666666667,3.5949233995803827,0,Dry,Mild,Calm,Low humidity
2016-05-07,35,8,16.1,10.4,0.1,71,2016,5,May,18,Sat,Spring,1,10.681716666666667,5.796088732384811,1,Rainy,Warm,Calm,Low humidity
2016-05-08,21.0375,8,17.9,13.8,0,63,2016,5,May,18,Sun,Spring,1,11.078591666666666,6.086609672371597,0,Dry,Warm,Windy,Low humidity
2016-05-09,18.1125,8,17.8,13.6,2.1,69,2016,5,May,19,Mon,Spring,1,11.423966666666667,6.184474022088302,0,Rainy,Warm,Windy,Low humidity
2016-05-10,23.2,8,15.4,10.8,6.8,91,2016,5,May,19,Tue,Spring,1,11.9938,6.458958234565546,0,Rainy,Warm,Calm,High humidity
2016-05-11,28.65,8,15.3,8.1,8.6,92,2016,5,May,19,Wed,Spring,1,12.312133333333332,7.031252744285544,1,Rainy,Warm,Calm,High humidity
2016-05-12,27.0625,8,16.5,17.1,1.1,76,2016,5,May,19,Thu,Spring,1,12.628383333333334,7.475458857653574,1,Rainy,Warm,Windy,Low humidity
2016-05-13,19.8125,8,12.9,21.6,0.2,75,2016,5,May,19,Fri,Spring,1,12.9153,7.5833482410362505,0,Rainy,Mild,Windy,Low humidity
2016-05-14,10.4825,8,9.1,13.5,0,61,2016,5,May,19,Sat,Spring,0,12.824425,7.596034811274552,0,Dry,Mild,Windy,Low humidity
2016-05-15,10.68625,8,10.6,8.9,0,68,2016,5,May,19,Sun,Spring,0,12.874966666666667,7.575898574714937,0,Dry,Mild,Calm,Low humidity
2016-05-16,12.75,8,11.8,6.8,0,71,2016,5,May,20,Mon,Spring,0,13.0368,7.517480284597383,0,Dry,Mild,Calm,Low humidity
2016-05-17,14.075,8,12,12.6,0,74,2016,5,May,20,Tue,Spring,0,13.286258333333334,7.419751472939426,0,Dry,Mild,Calm,Low humidity
2016-05-18,10.22,8,11.8,17.7,11.6,85,2016,5,May,20,Wed,Spring,0,13.305716666666665,7.410609045231328,0,Rainy,Mild,Windy,High humidity
2016-05-19,10.45,7,13.1,16.2,1.4,77,2016,5,May,20,Thu,Spring,0,13.339841666666667,7.394468078629892,0,Rainy,Mild,Windy,Low humidity
2016-05-20,9.72,7,14,17.9,0.4,76,2016,5,May,20,Fri,Spring,0,13.34755,7.390434523469486,0,Rainy,Mild,Windy,Low humidity
2016-05-21,9.402857142857144,7,14.4,20.6,0.8,82,2016,5,May,20,Sat,Spring,0,13.250603571428572,7.423499213638407,0,Rainy,Mild,Windy,High humidity
2016-05-22,8.407142857142857,7,13.8,8,1.6,76,2016,5,May,20,Sun,Spring,0,13.138341666666667,7.471891004717117,0,Rainy,Mild,Calm,Low humidity
2016-05-23,7.281428571428571,7,13.2,12.5,0.1,72,2016,5,May,21,Mon,Spring,0,13.098014285714287,7.501045172052379,0,Rainy,Mild,Calm,Low humidity
2016-05-24,7.8425,8,11.4,14.9,0,71,2016,5,May,21,Tue,Spring,0,13.09172261904762,7.50551940367706,0,Dry,Mild,Windy,Low humidity
2016-05-25,6.545,8,10.4,11,0.5,75,2016,5,May,21,Wed,Spring,0,13.043139285714286,7.544215422808262,0,Rainy,Mild,Calm,Low humidity
2016-05-26,11.18,8,13.2,5.1,0,72,2016,5,May,21,Thu,Spring,0,13.212797619047619,7.438959660539515,0,Dry,Mild,Calm,Low humidity
2016-05-27,14.1375,8,14.2,12.2,0,76,2016,5,May,21,Fri,Spring,0,13.457255952380953,7.340938328895881,0,Dry,Mild,Calm,Low humidity
2016-05-28,18.285714285714285,7,14.5,13.4,0,75,2016,5,May,21,Sat,Spring,1,13.779279761904762,7.3335417965751715,0,Dry,Mild,Windy,Low humidity
2016-05-29,18.275,8,13.8,18.2,0.1,80,2016,5,May,21,Sun,Spring,1,14.169821428571428,7.24722060825299,0,Rainy,Mild,Windy,High humidity
2016-05-30,12.55,8,13.8,24.4,0,76,2016,5,May,22,Mon,Spring,0,14.371488095238096,7.109298348367369,0,Dry,Mild,Windy,Low humidity
2016-05-31,7.3425,8,11.5,26.5,11.4,89,2016,5,May,22,Tue,Spring,0,14.343904761904762,7.135745281657345,0,Rainy,Mild,Windy,High humidity
2016-06-01,6.46375,8,12.5,21.9,0.5,90,2016,6,Jun,22,Wed,Summer,0,14.309404761904762,7.172389465917438,0,Rainy,Mild,Windy,High humidity
2016-06-02,7.02375,8,11.7,21.8,0.2,79,2016,6,Jun,22,Thu,Summer,0,14.284113095238096,7.197492471304123,0,Rainy,Mild,Windy,Low humidity
2016-06-03,6.296250000000001,8,11.6,13,0,80,2016,6,Jun,22,Fri,Summer,0,14.128321428571429,7.321219792559681,0,Dry,Mild,Calm,High humidity
2016-06-04,13.5625,8,15.6,9.9,0,85,2016,6,Jun,22,Sat,Summer,0,14.160988095238094,7.316269293663568,0,Dry,Warm,Calm,High humidity
2016-06-05,19.7,8,16.6,12,0,79,2016,6,Jun,22,Sun,Summer,1,14.185154761904762,7.333895131918362,0,Dry,Warm,Calm,Low humidity
2016-06-06,15.3875,8,15.9,11.1,0,68,2016,6,Jun,23,Mon,Summer,1,13.531404761904762,6.201114183212711,0,Dry,Warm,Calm,Low humidity
2016-06-07,15.3125,8,16.9,3.8,18.2,83,2016,6,Jun,23,Tue,Summer,1,13.340571428571428,6.048365438850315,0,Rainy,Warm,Calm,High humidity
2016-06-08,20.5,7,18.7,6.3,0.9,82,2016,6,Jun,23,Wed,Summer,1,13.420154761904762,6.128495118043839,0,Rainy,Warm,Calm,High humidity
2016-06-09,17.125,8,16.1,7.5,0,77,2016,6,Jun,23,Thu,Summer,1,13.217654761904761,5.889925465841478,0,Dry,Warm,Calm,Low humidity
2016-06-10,14.075714285714286,7,16.5,5.6,0.4,70,2016,6,Jun,23,Fri,Summer,0,12.73184523809524,5.124464976607362,0,Rainy,Warm,Calm,Low humidity
2016-06-11,16.2875,8,17.5,4.4,1.9,74,2016,6,Jun,23,Sat,Summer,1,12.37267857142857,4.413728940497648,0,Rainy,Warm,Calm,Low humidity
2016-06-12,13.448571428571428,7,15.5,12.1,5,89,2016,6,Jun,23,Sun,Summer,0,12.160547619047618,4.191147106443686,0,Rainy,Warm,Calm,High humidity
2016-06-13,8.72,8,15.6,12.8,4.9,88,2016,6,Jun,24,Mon,Summer,0,12.10179761904762,4.227674363539848,0,Rainy,Warm,Calm,High humidity
2016-06-14,7.58125,8,14.8,14.7,7.6,86,2016,6,Jun,24,Tue,Summer,0,11.998297619047618,4.300897634512557,0,Rainy,Warm,Windy,High humidity
2016-06-15,7.515000000000001,8,14.6,13.2,3.6,78,2016,6,Jun,24,Wed,Summer,0,11.82379761904762,4.374909997046813,0,Rainy,Mild,Calm,Low humidity
2016-06-16,7.31625,8,14.6,8,8.5,86,2016,6,Jun,24,Thu,Summer,0,11.598505952380952,4.42867875646683,0,Rainy,Mild,Calm,High humidity
2016-06-17,11.09875,8,14.4,8.8,5.7,88,2016,6,Jun,24,Fri,Summer,0,11.62779761904762,4.422148048842421,0,Rainy,Mild,Calm,High humidity
2016-06-18,9.70125,8,14.3,10.5,0.2,79,2016,6,Jun,24,Sat,Summer,0,11.602839285714285,4.431128518807498,0,Rainy,Mild,Calm,Low humidity
2016-06-19,10.5225,8,15.2,15,2.6,82,2016,6,Jun,24,Sun,Summer,0,11.629589285714285,4.421782605414781,0,Rainy,Warm,Windy,High humidity
2016-06-20,6.32875,8,16.1,18.2,15,90,2016,6,Jun,25,Mon,Summer,0,11.527119047619047,4.50990571612967,0,Rainy,Warm,Windy,High humidity
2016-06-21,6.72625,8,16.6,12.5,0,78,2016,6,Jun,25,Tue,Summer,0,11.471089285714287,4.560165414572636,0,Dry,Warm,Calm,Low humidity
2016-06-22,8.98875,8,17.4,11.2,0.5,88,2016,6,Jun,25,Wed,Summer,0,11.527999999999999,4.516520388552966,0,Rainy,Warm,Calm,High humidity
2016-06-23,9.35,5,18.9,6.7,22,91,2016,6,Jun,25,Thu,Summer,0,11.57825,4.4823591312412185,0,Rainy,Warm,Calm,High humidity
2016-06-24,10.431428571428572,7,16.3,15,1.4,78,2016,6,Jun,25,Fri,Summer,0,11.70779761904762,4.387021903688069,0,Rainy,Warm,Windy,Low humidity
2016-06-25,7.934285714285714,7,14.7,10.1,5.1,81,2016,6,Jun,25,Sat,Summer,0,11.599607142857142,4.4401869357754,0,Rainy,Mild,Calm,High humidity
2016-06-26,7.3585714285714285,7,15.4,15.2,2.4,79,2016,6,Jun,25,Sun,Summer,0,11.373642857142858,4.478901607719144,0,Rainy,Warm,Windy,Low humidity
2016-06-27,8,7,16.5,13.2,0.8,76,2016,6,Jun,26,Mon,Summer,0,11.030785714285715,4.322493025936726,0,Rainy,Warm,Calm,Low humidity
2016-06-28,8.68,8,14.9,12.4,2.9,75,2016,6,Jun,26,Tue,Summer,0,10.710952380952381,4.118139791143934,0,Rainy,Warm,Calm,Low humidity
2016-06-29,7.55,8,14.5,22.9,0.7,81,2016,6,Jun,26,Wed,Summer,0,10.544285714285714,4.1422523246828655,0,Rainy,Mild,Windy,High humidity
2016-06-30,7.733750000000001,8,16.6,16.1,1.5,79,2016,6,Jun,26,Thu,Summer,0,10.557327380952382,4.132428325130419,0,Rainy,Warm,Windy,Low humidity
2016-07-01,7.84,8,15.8,21,0.8,77,2016,7,Jul,26,Fri,Summer,0,10.60320238095238,4.092867255910155,0,Rainy,Warm,Windy,Low humidity
2016-07-02,6.405,8,14.3,20,1.5,69,2016,7,Jul,26,Sat,Summer,0,10.582577380952381,4.1130363439196875,0,Rainy,Mild,Windy,Low humidity
2016-07-03,7.0737499999999995,8,15.3,11.6,0,73,2016,7,Jul,26,Sun,Summer,0,10.608494047619047,4.087466494600665,0,Dry,Warm,Calm,Low humidity
2016-07-04,7.96375,8,16.2,13.6,0.1,80,2016,7,Jul,27,Mon,Summer,0,10.421869047619047,4.0757387364322355,0,Rainy,Warm,Windy,High humidity
2016-07-05,7.3925,8,16.9,15.7,0.2,70,2016,7,Jul,27,Tue,Summer,0,10.011619047619048,3.712894363886926,0,Rainy,Warm,Windy,Low humidity
2016-07-06,6.8025,8,15.8,7.4,0,66,2016,7,Jul,27,Wed,Summer,0,9.725452380952381,3.613783767257886,0,Dry,Warm,Calm,Low humidity
2016-07-07,9.9525,8,16.7,10.6,0.3,74,2016,7,Jul,27,Thu,Summer,0,9.546785714285713,3.4571383251074597,0,Rainy,Warm,Calm,Low humidity
2016-07-08,9.84875,8,17.9,18.4,0.1,75,2016,7,Jul,27,Fri,Summer,0,9.191744047619048,2.7726434433703036,0,Rainy,Warm,Windy,Low humidity
2016-07-09,9.7475,8,17.8,19.9,0,80,2016,7,Jul,27,Sat,Summer,0,8.94582738095238,2.337822909447218,0,Dry,Warm,Windy,High humidity
2016-07-10,7.6825,8,17.5,21.9,0.2,82,2016,7,Jul,27,Sun,Summer,0,8.732720238095238,2.13682716377751,0,Rainy,Warm,Windy,High humidity
2016-07-11,7.61125,8,17.4,22.9,3.9,76,2016,7,Jul,28,Mon,Summer,0,8.443511904761905,1.5983680680708743,0,Rainy,Warm,Windy,Low humidity
2016-07-12,6.97,8,15,12.6,6.3,80,2016,7,Jul,28,Tue,Summer,0,8.227559523809525,1.31056959874203,0,Rainy,Warm,Calm,High humidity
2016-07-13,7.65625,8,14.8,12.5,2.2,73,2016,7,Jul,28,Wed,Summer,0,8.19210119047619,1.3111769609989647,0,Rainy,Warm,Calm,Low humidity
2016-07-14,6.56,8,15.1,11.2,0,67,2016,7,Jul,28,Thu,Summer,0,8.158059523809523,1.3405121992723814,0,Dry,Warm,Calm,Low humidity
2016-07-15,8.76875,8,15.9,12.9,0,77,2016,7,Jul,28,Fri,Summer,0,8.19985119047619,1.3393157895501064,0,Dry,Warm,Calm,Low humidity
2016-07-16,6.61,8,19.8,16.2,0,80,2016,7,Jul,28,Sat,Summer,0,8.176309523809524,1.361407564985248,0,Dry,Warm,Windy,High humidity
2016-07-17,6.29,7,20.5,13.1,1.5,79,2016,7,Jul,28,Sun,Summer,0,8.016017857142858,1.286483966859734,0,Rainy,Warm,Calm,Low humidity
2016-07-18,8.091428571428573,7,21,5,0,75,2016,7,Jul,29,Mon,Summer,0,7.962357142857143,1.2467265295552323,0,Dry,Warm,Calm,Low humidity
2016-07-19,12.434285714285714,7,23.2,12.5,0,69,2016,7,Jul,29,Tue,Summer,0,8.026083333333334,1.4190510066384887,0,Dry,Warm,Calm,Low humidity
2016-07-20,16.01,7,23.6,17.5,0.2,67,2016,7,Jul,29,Wed,Summer,1,8.348791666666667,2.0011654523919007,0,Rainy,Warm,Windy,Low humidity
2016-07-21,20.42857142857143,7,19.5,7.5,0.1,70,2016,7,Jul,29,Thu,Summer,1,8.805535714285716,2.9546294227787753,0,Rainy,Warm,Calm,Low humidity
2016-07-22,11.39,7,20,4.2,0.3,77,2016,7,Jul,29,Fri,Summer,0,8.885577380952382,2.9920521378346763,0,Rainy,Warm,Calm,Low humidity
2016-07-23,15.633333333333333,6,20.8,7.4,0.1,74,2016,7,Jul,29,Sat,Summer,1,9.095021825396826,3.235681544337702,0,Rainy,Warm,Calm,Low humidity
2016-07-24,9.341666666666669,6,19.1,13.2,0.4,78,2016,7,Jul,29,Sun,Summer,0,9.05869642857143,3.226264420870714,0,Rainy,Warm,Calm,Low humidity
2016-07-25,7.051666666666667,6,18.8,13.6,0,66,2016,7,Jul,30,Mon,Summer,0,9.029275793650793,3.240862928326918,0,Dry,Warm,Windy,Low humidity
2016-07-26,6.098571428571429,7,17.9,10.6,0,72,2016,7,Jul,30,Tue,Summer,0,8.987275793650793,3.271282771097538,0,Dry,Warm,Calm,Low humidity
2016-07-27,7.833333333333333,6,18.7,13.6,1.7,82,2016,7,Jul,30,Wed,Summer,0,8.981720238095239,3.2731582442701552,0,Rainy,Warm,Windy,High humidity
2016-07-28,7.286,5,18.1,11.8,0.7,73,2016,7,Jul,30,Thu,Summer,0,8.935253571428571,3.2874528414577635,0,Rainy,Warm,Calm,Low humidity
2016-07-29,6.733333333333333,6,18.6,14.2,1.7,78,2016,7,Jul,30,Fri,Summer,0,8.908031349206349,3.3026652411387136,0,Rainy,Warm,Windy,Low humidity
2016-07-30,7.032,5,18.3,8.6,0,71,2016,7,Jul,30,Sat,Summer,0,8.884639682539682,3.3137356510688547,0,Dry,Warm,Calm,Low humidity
2016-07-31,7.118,5,17.3,9.6,0.3,64,2016,7,Jul,30,Sun,Summer,0,8.860573015873017,3.324189517803841,0,Rainy,Warm,Calm,Low humidity
2016-08-01,6.15,5,15.2,10.9,12.7,79,2016,8,Aug,31,Mon,Summer,0,8.852073015873016,3.3310040026069716,0,Rainy,Warm,Calm,Low humidity
2016-08-02,6.778333333333333,6,17.8,17.8,8.4,93,2016,8,Aug,31,Tue,Summer,0,8.842225793650794,3.336873907616991,0,Rainy,Warm,Windy,High humidity
2016-08-03,7.168333333333333,6,19.2,22.6,0,77,2016,8,Aug,31,Wed,Summer,0,8.815711904761905,3.3472387150186655,0,Dry,Warm,Windy,Low humidity
2016-08-04,6.7139999999999995,5,17.7,19.9,0.4,69,2016,8,Aug,31,Thu,Summer,0,8.793095238095239,3.3594566414141265,0,Rainy,Warm,Windy,Low humidity
2016-08-05,7.112,5,17.7,10.8,0.1,73,2016,8,Aug,31,Fri,Summer,0,8.803411904761905,3.3536029910715057,0,Rainy,Warm,Calm,Low humidity
2016-08-06,7.415714285714285,7,18.5,11.6,0,71,2016,8,Aug,31,Sat,Summer,0,8.71885238095238,3.3556115094552847,0,Dry,Warm,Calm,Low humidity
2016-08-07,7.827142857142857,7,19.5,21.1,0,74,2016,8,Aug,31,Sun,Summer,0,8.651465476190477,3.352435948456481,0,Dry,Warm,Windy,Low humidity
2016-08-08,6.822857142857143,7,16.7,16.8,0,62,2016,8,Aug,32,Mon,Summer,0,8.55397738095238,3.3619748699780563,0,Dry,Warm,Windy,Low humidity
2016-08-09,6.761666666666667,6,14.9,13.7,0,62,2016,8,Aug,32,Tue,Summer,0,8.523282936507936,3.374386361420063,0,Dry,Warm,Windy,Low humidity
2016-08-10,7.83,4,14.8,12.4,0.1,65,2016,8,Aug,32,Wed,Summer,0,8.530574603174603,3.3725834682991076,0,Rainy,Warm,Calm,Low humidity
2016-08-11,8.686,5,17.2,16.6,0.8,75,2016,8,Aug,32,Thu,Summer,0,8.587774603174603,3.359730423456073,0,Rainy,Warm,Windy,Low humidity
2016-08-12,10.271666666666668,6,19.5,15.7,0,70,2016,8,Aug,32,Fri,Summer,0,8.67495515873016,3.3686465508280006,0,Dry,Warm,Windy,Low humidity
2016-08-13,8.3,6,18.7,14.7,0.1,72,2016,8,Aug,32,Sat,Summer,0,8.73295515873016,3.3458788031483992,0,Rainy,Warm,Windy,Low humidity
2016-08-14,6.94,6,18.3,8.1,0,62,2016,8,Aug,32,Sun,Summer,0,8.671996825396826,3.361825106601182,0,Dry,Warm,Calm,Low humidity
2016-08-15,8.476666666666667,6,17,11,0,72,2016,8,Aug,33,Mon,Summer,0,8.734219047619048,3.3395454377270455,0,Dry,Warm,Calm,Low humidity
2016-08-16,8.998333333333333,6,16.9,11.8,0,76,2016,8,Aug,33,Tue,Summer,0,8.824496825396826,3.307647332851252,0,Dry,Warm,Calm,Low humidity
2016-08-17,11.954,5,18.1,10.6,0,75,2016,8,Aug,33,Wed,Summer,0,8.953249206349206,3.3529939337022063,0,Dry,Warm,Calm,Low humidity
2016-08-18,15.38,5,18.2,8.8,1.5,78,2016,8,Aug,33,Thu,Summer,1,9.051439682539684,3.49842699021234,0,Rainy,Warm,Calm,Low humidity
2016-08-19,17.55,6,17.2,15.9,2.2,88,2016,8,Aug,33,Fri,Summer,1,9.102773015873018,3.613459815047754,0,Rainy,Warm,Windy,High humidity
2016-08-20,10.231666666666667,6,16.8,27.2,1.4,76,2016,8,Aug,33,Sat,Summer,0,8.762876190476192,2.9254558079645885,0,Rainy,Warm,Windy,Low humidity
2016-08-21,6.23,6,17.5,22.2,4.1,75,2016,8,Aug,33,Sun,Summer,0,8.590876190476191,2.917347762963481,0,Rainy,Warm,Windy,Low humidity
2016-08-22,6.8100000000000005,6,19,18.1,0.6,79,2016,8,Aug,34,Mon,Summer,0,8.29676507936508,2.6116245318035674,0,Rainy,Warm,Windy,Low humidity
2016-08-23,8.818333333333333,6,21.1,10.9,0,70,2016,8,Aug,34,Tue,Summer,0,8.279320634920635,2.6061464683186983,0,Dry,Warm,Calm,Low humidity
2016-08-24,13.44,7,23.8,6.2,0.8,70,2016,8,Aug,34,Wed,Summer,0,8.49226507936508,2.7588922075052613,0,Rainy,Warm,Calm,Low humidity
2016-08-25,18.714285714285715,7,23.1,6.3,1,76,2016,8,Aug,34,Thu,Summer,1,8.912788888888889,3.2915137933467493,0,Rainy,Warm,Calm,Low humidity
2016-08-26,21.714285714285715,7,20.7,8.3,0.3,68,2016,8,Aug,34,Fri,Summer,1,9.375487301587302,4.027826617432274,0,Rainy,Warm,Calm,Low humidity
2016-08-27,9.671666666666669,6,19.2,11.9,8.3,83,2016,8,Aug,34,Sat,Summer,0,9.455009523809524,4.008655643861302,0,Rainy,Warm,Calm,High humidity
2016-08-28,15.9,6,18.2,14.6,1.5,85,2016,8,Aug,34,Sun,Summer,1,9.76056507936508,4.1412131201443945,0,Rainy,Warm,Windy,High humidity
2016-08-29,7.096666666666667,6,18.1,7.2,0.4,74,2016,8,Aug,35,Mon,Summer,0,9.762720634920635,4.139760467231291,0,Rainy,Warm,Calm,Low humidity
2016-08-30,11.24,6,18.5,7,0,71,2016,8,Aug,35,Tue,Summer,0,9.900120634920635,4.117298785323624,0,Dry,Warm,Calm,Low humidity
2016-08-31,11.625714285714286,7,17.4,11.9,0,78,2016,8,Aug,35,Wed,Summer,0,10.082644444444444,4.066376637495485,0,Dry,Warm,Calm,Low humidity
2016-09-01,8.62,7,17.4,9.7,0,73,2016,9,Sep,35,Thu,Autumn,0,10.144033333333335,4.028497404323461,0,Dry,Warm,Calm,Low humidity
2016-09-02,9.3533333333333335,6,17.2,15,1.3,83,2016,9,Sep,35,Fri,Autumn,0,10.216866666666668,3.992433463825997,0,Rainy,Warm,Windy,High humidity
2016-09-03,8.861666666666666,6,16.9,18,2.8,82,2016,9,Sep,35,Sat,Autumn,0,10.288455555555554,3.9464474072802314,0,Rainy,Warm,Windy,High humidity
2016-09-04,6.648333333333333,6,17.9,19.8,0.7,74,2016,9,Sep,35,Sun,Autumn,0,10.273,3.960200363638912,0,Rainy,Warm,Windy,Low humidity
2016-09-05,6.715,6,18,9,2.3,88,2016,9,Sep,36,Mon,Autumn,0,10.249642857142858,3.979652282281025,0,Rainy,Warm,Calm,High humidity
2016-09-06,9.4975,4,20.8,8.2,0.1,86,2016,9,Sep,36,Tue,Autumn,0,10.30532142857143,3.9562065855378297,0,Rainy,Warm,Calm,High humidity
2016-09-07,10.836,5,20.7,8.3,0,78,2016,9,Sep,36,Wed,Autumn,0,10.439092857142859,3.901868536766184,0,Dry,Warm,Calm,Low humidity
2016-09-08,14.94,5,18.5,16.4,0,69,2016,9,Sep,36,Thu,Autumn,0,10.71170396825397,3.921725348017277,0,Dry,Warm,Windy,Low humidity
2016-09-09,7.891666666666667,6,18.5,21.2,0.2,78,2016,9,Sep,36,Fri,Autumn,0,10.713759523809525,3.920178687498426,0,Rainy,Warm,Windy,Low humidity
2016-09-10,7.166666666666666,6,17.6,17.9,7.5,91,2016,9,Sep,36,Sat,Autumn,0,10.66311507936508,3.956920348007468,0,Rainy,Warm,Windy,High humidity
2016-09-11,6.863333333333333,6,15.6,8.1,0,74,2016,9,Sep,36,Sun,Autumn,0,10.549503968253967,4.017020793017123,0,Dry,Warm,Calm,Low humidity
2016-09-12,8.498333333333333,6,18.7,12.9,0,77,2016,9,Sep,37,Mon,Autumn,0,10.55611507936508,4.013352486135338,0,Dry,Warm,Calm,Low humidity
2016-09-13,11.355,6,23.3,10.4,0,70,2016,9,Sep,37,Tue,Autumn,0,10.703281746031745,3.9567277283693754,0,Dry,Warm,Calm,Low humidity
2016-09-14,18.2,6,22,10.5,0,71,2016,9,Sep,37,Wed,Autumn,1,11.027392857142859,4.161012247014437,0,Dry,Warm,Calm,Low humidity
2016-09-15,19.0125,8,20.6,10.6,3.1,80,2016,9,Sep,37,Thu,Autumn,1,11.361198412698412,4.388105921372993,0,Rainy,Warm,Calm,High humidity
2016-09-16,16.45,8,16.4,15.6,16.6,85,2016,9,Sep,37,Fri,Autumn,1,11.511065079365078,4.484761251778476,0,Rainy,Warm,Windy,High humidity
2016-09-17,7.325,8,15.2,21.1,0.2,78,2016,9,Sep,37,Sat,Autumn,0,11.242565079365079,4.486266925993866,0,Rainy,Warm,Windy,Low humidity
2016-09-18,8.93625,8,16.6,7.7,0,79,2016,9,Sep,37,Sun,Autumn,0,10.95544007936508,4.341989326394698,0,Dry,Warm,Calm,Low humidity
2016-09-19,13.74,8,16.6,6.8,1.6,82,2016,9,Sep,38,Mon,Autumn,0,11.072384523809523,4.368985181273058,0,Rainy,Warm,Calm,High humidity
2016-09-20,14.7125,8,15.9,6.9,0,85,2016,9,Sep,38,Tue,Autumn,0,11.355134523809523,4.31898870602309,0,Dry,Warm,Calm,High humidity
2016-09-21,12.6925,8,16.6,9,0,81,2016,9,Sep,38,Wed,Autumn,0,11.551217857142857,4.238302678362155,0,Dry,Warm,Calm,High humidity
2016-09-22,16.525,8,15.8,11,0.4,82,2016,9,Sep,38,Thu,Autumn,1,11.808106746031745,4.300052815056693,0,Rainy,Warm,Calm,High humidity
2016-09-23,8.557500000000001,8,13.2,8.7,0,71,2016,9,Sep,38,Fri,Autumn,0,11.645356746031746,4.328461994535594,0,Dry,Mild,Calm,Low humidity
2016-09-24,7.41625,8,17.4,19,0,71,2016,9,Sep,38,Sat,Autumn,0,11.268755555555556,4.181208566897858,0,Dry,Warm,Windy,Low humidity
2016-09-25,8.714285714285714,7,16.3,17.8,0,68,2016,9,Sep,38,Sun,Autumn,0,10.835422222222222,3.7082179466543086,0,Dry,Warm,Windy,Low humidity
2016-09-26,6.974285714285714,7,13.4,11.3,0.7,81,2016,9,Sep,39,Mon,Autumn,0,10.745509523809524,3.7696018686535875,0,Rainy,Mild,Calm,High humidity
2016-09-27,8.258750000000001,8,16.1,16.3,0,85,2016,9,Sep,39,Tue,Autumn,0,10.49080119047619,3.6660415559310047,0,Dry,Warm,Windy,High humidity
2016-09-28,8.44625,8,16.5,19,0,83,2016,9,Sep,39,Wed,Autumn,0,10.535787301587302,3.6310694154921492,0,Dry,Warm,Windy,High humidity
2016-09-29,8.0125,8,16.6,21.9,0.1,75,2016,9,Sep,39,Thu,Autumn,0,10.428203968253968,3.657204160977039,0,Rainy,Warm,Windy,Low humidity
2016-09-30,7.23,7,13.8,13.6,0.3,72,2016,9,Sep,39,Fri,Autumn,0,10.281680158730158,3.69542833519535,0,Rainy,Mild,Windy,Low humidity
2016-10-01,7.6,7,11.7,8.8,3.2,85,2016,10,Oct,39,Sat,Autumn,0,10.247680158730159,3.7158795977310635,0,Rainy,Mild,Calm,High humidity
2016-10-02,6.9471428571428575,7,11.5,12.5,0,78,2016,10,Oct,39,Sun,Autumn,0,10.167473809523809,3.7615375288234367,0,Dry,Mild,Calm,Low humidity
2016-10-03,9.94125,8,11.3,7,0,80,2016,10,Oct,40,Mon,Autumn,0,10.20345992063492,3.753770370108076,0,Dry,Mild,Calm,High humidity
2016-10-04,11.63,8,13.8,17.9,0,82,2016,10,Oct,40,Tue,Autumn,0,10.369515476190477,3.700893768443941,0,Dry,Mild,Windy,High humidity
2016-10-05,11.49,7,12.9,21.9,0,69,2016,10,Oct,40,Wed,Autumn,0,10.528682142857143,3.6404897702092907,0,Dry,Mild,Windy,Low humidity
2016-10-06,6.775714285714286,7,12,16.7,0,63,2016,10,Oct,40,Thu,Autumn,0,10.437955952380952,3.7004953122279347,0,Dry,Mild,Windy,Low humidity
2016-10-07,7.19375,8,12.6,11.5,0.1,81,2016,10,Oct,40,Fri,Autumn,0,10.316547619047618,3.7464490535491595,0,Rainy,Mild,Calm,High humidity
2016-10-08,8.7425,8,12.1,11.2,0.6,87,2016,10,Oct,40,Sat,Autumn,0,10.109964285714286,3.652403783783592,0,Rainy,Mild,Calm,High humidity
2016-10-09,5.6425,8,10.7,12.7,0.4,80,2016,10,Oct,40,Sun,Autumn,0,10.034992063492064,3.7219308874071064,0,Rainy,Mild,Calm,High humidity
2016-10-10,5.1175,8,9.1,11.8,0,81,2016,10,Oct,41,Mon,Autumn,0,9.966686507936508,3.7944823123040377,0,Dry,Mild,Calm,High humidity
2016-10-11,7.154999999999999,8,9.8,9,0,84,2016,10,Oct,41,Tue,Autumn,0,9.976408730158731,3.7866222277622086,0,Dry,Mild,Calm,High humidity
2016-10-12,9.7175,8,10.9,14,0.3,86,2016,10,Oct,41,Wed,Autumn,0,10.017047619047618,3.7767414811642275,0,Rainy,Mild,Windy,High humidity
2016-10-13,8.9525,8,10.4,15.1,0.5,81,2016,10,Oct,41,Thu,Autumn,0,9.936964285714286,3.7728625147549155,0,Rainy,Mild,Windy,High humidity
2016-10-14,14.6375,8,11.3,11.2,0,78,2016,10,Oct,41,Fri,Autumn,0,9.818214285714285,3.5535047537498228,0,Dry,Mild,Calm,Low humidity
2016-10-15,19.3375,8,12.5,10.9,1.6,83,2016,10,Oct,41,Sat,Autumn,1,9.82904761904762,3.5828753377685234,0,Rainy,Mild,Calm,High humidity
2016-10-16,8.956249999999999,8,12.8,16.1,7.5,90,2016,10,Oct,41,Sun,Autumn,0,9.579255952380953,3.3596272568524945,0,Rainy,Mild,Windy,High humidity
2016-10-17,6.7775,8,12.7,15.7,0.7,83,2016,10,Oct,42,Mon,Autumn,0,9.561005952380953,3.373752328703097,0,Rainy,Mild,Windy,High humidity
2016-10-18,6.07,8,10.8,19.9,0.7,75,2016,10,Oct,42,Tue,Autumn,0,9.465464285714287,3.4321346265337045,0,Rainy,Mild,Windy,Low humidity
2016-10-19,4.66,8,10.7,16.9,0,75,2016,10,Oct,42,Wed,Autumn,0,9.162797619047618,3.4425307092519337,0,Dry,Mild,Windy,Low humidity
2016-10-20,6.4775,8,10.7,16.6,0.1,82,2016,10,Oct,42,Thu,Autumn,0,8.88829761904762,3.310540283678316,0,Rainy,Mild,Windy,High humidity
2016-10-21,7.6975,8,9.5,13.4,0,84,2016,10,Oct,42,Fri,Autumn,0,8.721797619047619,3.2374159972600114,0,Dry,Mild,Windy,High humidity
2016-10-22,9.3475,8,9.1,10.7,0,85,2016,10,Oct,42,Sat,Autumn,0,8.482547619047619,2.8871255663277977,0,Dry,Mild,Calm,High humidity
2016-10-23,11.81625,8,9.6,16.1,0,81,2016,10,Oct,42,Sun,Autumn,0,8.591172619047619,2.950647497748831,0,Dry,Mild,Windy,High humidity
2016-10-24,16.375,8,10.5,11.5,2.7,83,2016,10,Oct,43,Mon,Autumn,1,8.889797619047618,3.264308121444547,0,Rainy,Mild,Calm,High humidity
2016-10-25,17.75,8,10.5,6.2,0.1,89,2016,10,Oct,43,Tue,Autumn,1,9.190988095238094,3.6425002239103508,0,Rainy,Mild,Calm,High humidity
2016-10-26,25.475,8,11,11.2,0.1,91,2016,10,Oct,43,Wed,Autumn,1,9.807678571428571,4.674259994983562,1,Rainy,Mild,Calm,High humidity
2016-10-27,14.61625,8,10.4,14.2,0,89,2016,10,Oct,43,Thu,Autumn,0,10.019595238095238,4.745191423689955,0,Dry,Mild,Windy,High humidity
2016-10-28,10.63625,8,13.1,10.7,0,86,2016,10,Oct,43,Fri,Autumn,0,10.092595238095239,4.736990844747777,0,Dry,Mild,Calm,High humidity
2016-10-29,18.575,8,13.7,3.6,0,89,2016,10,Oct,43,Sat,Autumn,1,10.444678571428572,4.964143499309645,0,Dry,Mild,Calm,High humidity
2016-10-30,24.375,8,12.1,7.2,0,93,2016,10,Oct,43,Sun,Autumn,1,11.016178571428572,5.53534171469901,0,Dry,Mild,Calm,High humidity
2016-11-09,8.668750000000001,8,6.4,15.8,12.6,89,2016,11,Nov,45,Wed,Autumn,0,11.051803571428572,5.51600273718845,0,Rainy,Cool,Windy,High humidity
2016-11-10,7.76625,8,6.8,15.6,0.2,85,2016,11,Nov,45,Thu,Autumn,0,11.079107142857143,5.49697897546489,0,Rainy,Cool,Windy,High humidity
2016-11-11,10.345,8,5.3,9.1,0,85,2016,11,Nov,45,Fri,Autumn,0,11.092565476190478,5.494590814867452,0,Dry,Cool,Calm,High humidity
2016-11-12,15.5375,8,8.4,15.7,10.1,87,2016,11,Nov,45,Sat,Autumn,1,11.222815476190476,5.5537653385680565,0,Rainy,Cool,Windy,High humidity
2016-11-13,11.14375,8,6.9,11.4,0,90,2016,11,Nov,45,Sun,Autumn,0,11.21127380952381,5.553550716055441,0,Dry,Cool,Calm,High humidity
2016-11-14,15.675,8,9.3,12.4,1.6,94,2016,11,Nov,46,Mon,Autumn,1,11.507916666666667,5.546128176614455,0,Rainy,Mild,Calm,High humidity
2016-11-15,11.4575,8,12.7,13.2,0.2,97,2016,11,Nov,46,Tue,Autumn,0,11.650041666666668,5.4860673595604945,0,Rainy,Mild,Calm,High humidity
2016-11-16,7.12375,8,11.6,18.7,0.3,87,2016,11,Nov,46,Wed,Autumn,0,11.596083333333333,5.523483688921477,0,Rainy,Mild,Windy,High humidity
2016-11-17,6.5975,8,8.7,21.8,0.3,77,2016,11,Nov,46,Thu,Autumn,0,11.627916666666668,5.490642729136816,0,Rainy,Cool,Windy,Low humidity
2016-11-18,6.01125,8,4.9,17.2,0,79,2016,11,Nov,46,Fri,Autumn,0,11.657708333333334,5.456417805447139,0,Dry,Cool,Windy,Low humidity
2016-11-19,7.34375,8,4.4,13.4,2.2,85,2016,11,Nov,46,Sat,Autumn,0,11.664,5.4511530870494065,0,Rainy,Cool,Windy,High humidity
2016-11-20,6.38,8,6.7,17.3,15.8,90,2016,11,Nov,46,Sun,Autumn,0,11.55275,5.525793830473279,0,Rainy,Cool,Windy,High humidity
2016-11-21,9.87,8,9.3,19.1,12.9,92,2016,11,Nov,47,Mon,Autumn,0,11.583333333333334,5.513431291390604,0,Rainy,Mild,Windy,High humidity
2016-11-22,6.62625,8,9.2,23,1.5,85,2016,11,Nov,47,Tue,Autumn,0,11.316291666666666,5.5542627839916845,0,Rainy,Mild,Windy,High humidity
2016-11-23,9.56,8,7.3,13.5,0,92,2016,11,Nov,47,Wed,Autumn,0,10.990375,5.350486101727999,0,Dry,Cool,Windy,High humidity
2016-11-25,5.70875,8,7.1,21.8,0,76,2016,11,Nov,47,Fri,Autumn,0,10.882125,5.425386369425048,0,Dry,Cool,Windy,Low humidity
2016-11-26,9.71,7,5.3,12,0,91,2016,11,Nov,47,Sat,Autumn,0,10.979875,5.3750668936294534,0,Dry,Cool,Calm,High humidity
2016-11-27,14.214285714285714,7,6.5,14.1,0,86,2016,11,Nov,47,Sun,Autumn,0,11.251351190476191,5.323961902088963,0,Dry,Cool,Windy,High humidity
2016-11-28,7.905714285714286,7,5.2,14.8,0,71,2016,11,Nov,48,Mon,Autumn,0,11.359541666666667,5.217307933513917,0,Dry,Cool,Windy,Low humidity
2016-11-29,12.825,8,0.6,8.1,0,85,2016,11,Nov,48,Tue,Autumn,0,11.571125,5.14063920687799,0,Dry,Cool,Calm,High humidity
2016-11-30,35.35,8,-0.6,6.8,0,90,2016,11,Nov,48,Wed,Autumn,1,12.492875,6.672899917482612,1,Dry,Cool,Calm,High humidity
2016-12-01,44.675,8,1.1,9.3,0,91,2016,12,Dec,48,Thu,Winter,1,13.670458333333334,8.858066490143147,1,Dry,Cool,Calm,High humidity
2016-12-02,33.1125,8,3.3,6.6,0,96,2016,12,Dec,48,Fri,Winter,1,14.380333333333335,9.532036972533026,1,Dry,Cool,Calm,High humidity
2016-12-03,16.885714285714286,7,4.4,13.5,0,83,2016,12,Dec,48,Sat,Winter,1,14.397357142857143,9.536177360414323,0,Dry,Cool,Windy,High humidity
2016-12-04,10.447142857142858,7,2.3,14.9,0,84,2016,12,Dec,48,Sun,Winter,0,14.15392857142857,9.540852155107492,0,Dry,Cool,Windy,High humidity
2016-12-05,26.55,8,1.8,7.9,0,95,2016,12,Dec,49,Mon,Winter,1,14.189761904761905,9.586746136816208,1,Dry,Cool,Calm,High humidity
2016-12-06,49.0375,8,6.4,8.5,0,98,2016,12,Dec,49,Tue,Winter,1,15.337136904761905,11.507050641928391,1,Dry,Cool,Calm,High humidity
2016-12-07,34.2375,8,10.1,17.1,0,92,2016,12,Dec,49,Wed,Winter,1,16.12384523809524,11.971967699285932,1,Dry,Mild,Windy,High humidity
2016-12-08,20.3125,8,11.3,17.3,0.4,92,2016,12,Dec,49,Thu,Winter,1,16.181761904761906,11.98842595004105,0,Rainy,Mild,Windy,High humidity
2016-12-09,20.075,8,11.3,16.8,0,93,2016,12,Dec,49,Fri,Winter,1,16.03842857142857,11.912555192297559,0,Dry,Mild,Windy,High humidity
2016-12-10,19.775,8,11.3,16,5.4,93,2016,12,Dec,49,Sat,Winter,1,16.408636904761906,11.848029579477574,0,Rainy,Mild,Windy,High humidity
2016-12-11,9.7275,8,6.3,11.9,0,92,2016,12,Dec,49,Sun,Winter,0,16.474011904761905,11.804027461113478,0,Dry,Cool,Calm,High humidity
2016-12-12,12.84625,8,6.8,11.6,1.4,97,2016,12,Dec,50,Mon,Winter,0,16.557386904761906,11.768022411089284,0,Rainy,Cool,Calm,High humidity
2016-12-13,11.3525,8,10.3,12,0,98,2016,12,Dec,50,Tue,Winter,0,16.417886904761904,11.805275067939855,0,Dry,Mild,Calm,High humidity
2016-12-14,18.875,8,8.7,12.4,0,91,2016,12,Dec,50,Wed,Winter,1,16.675595238095237,11.770506010542773,0,Dry,Cool,Calm,High humidity
2016-12-15,21.5,6,7.2,12.2,0,95,2016,12,Dec,50,Thu,Winter,1,16.869761904761905,11.801435053336318,0,Dry,Cool,Calm,High humidity
2016-12-16,30.366666666666667,6,8.5,6.5,0,95,2016,12,Dec,50,Fri,Winter,1,17.50006746031746,12.005598574243724,1,Dry,Cool,Calm,High humidity
2016-12-17,31.016666666666666,6,7.2,5.2,0,99,2016,12,Dec,50,Sat,Winter,1,18.296498015873016,12.08575530549358,1,Dry,Cool,Calm,High humidity
2016-12-18,25.6,5,7,4.1,0.1,96,2016,12,Dec,50,Sun,Winter,1,18.929914682539682,11.948650254565809,1,Rainy,Cool,Calm,High humidity
2016-12-19,24.336666666666662,6,5.6,4.9,0,92,2016,12,Dec,51,Mon,Winter,1,19.540761904761904,11.731895934386849,0,Dry,Cool,Calm,High humidity
2016-12-20,32.42857142857143,7,4.1,10.3,0,89,2016,12,Dec,51,Tue,Winter,1,20.37692261904762,11.72653589228271,1,Dry,Cool,Calm,High humidity
2016-12-21,18.642857142857142,7,8.7,17.9,0.4,88,2016,12,Dec,51,Wed,Winter,1,20.785684523809525,11.431834299952309,0,Rainy,Cool,Windy,High humidity
2016-12-22,13.551428571428572,7,5.6,11.6,0,92,2016,12,Dec,51,Thu,Winter,0,20.90839880952381,11.32992490931243,0,Dry,Cool,Calm,High humidity
2016-12-23,10.552857142857142,7,8,22.4,1,91,2016,12,Dec,51,Fri,Winter,0,21.039285714285715,11.180944815740864,0,Rainy,Cool,Windy,High humidity
2016-12-25,7.645714285714286,7,10.5,25.3,0,85,2016,12,Dec,51,Sun,Winter,0,20.97547619047619,11.253940133998142,0,Dry,Mild,Windy,High humidity
2016-12-26,4.88,7,6.9,17.5,0.2,75,2016,12,Dec,52,Mon,Winter,0,20.94785119047619,11.293654639928342,0,Rainy,Cool,Windy,Low humidity
2016-12-27,13.814285714285717,7,1.6,5.9,0,91,2016,12,Dec,52,Tue,Winter,0,21.084660714285715,11.17708457808289,0,Dry,Cool,Calm,High humidity
2016-12-28,37.51428571428571,7,2,8.6,0,96,2016,12,Dec,52,Wed,Winter,1,21.861327380952382,11.488410294831919,1,Dry,Cool,Calm,High humidity
2016-12-29,31.785714285714285,7,1.1,8.9,0,96,2016,12,Dec,52,Thu,Winter,1,22.65732738095238,11.314088563320341,1,Dry,Cool,Calm,High humidity
2016-12-30,31.5,7,2.2,7,0,99,2016,12,Dec,52,Fri,Winter,1,23.27982738095238,11.268115545357752,1,Dry,Cool,Calm,High humidity
2016-12-31,22.84285714285714,7,6.4,12.1,0,97,2016,12,Dec,52,Sat,Winter,1,22.862922619047616,11.0351007352602,0,Dry,Cool,Calm,High humidity
2017-01-01,19.771428571428572,7,5.8,16.1,9.8,92,2017,1,Jan,52,Sun,Winter,1,22.032803571428573,10.246189679768559,0,Rainy,Cool,Windy,High humidity
2017-01-02,7.408571428571428,7,1.3,11.9,0.1,89,2017,1,Jan,1,Mon,Winter,0,21.17600595238095,10.361788411870407,0,Rainy,Cool,Calm,High humidity
2017-01-03,12.492857142857144,7,0.9,13.6,0,90,2017,1,Jan,1,Tue,Winter,0,21.029577380952382,10.455126352814434,0,Dry,Cool,Windy,High humidity
2017-01-04,9.2,6,4.1,13.8,0,82,2017,1,Jan,1,Wed,Winter,0,20.988005952380952,10.501033577367764,0,Dry,Cool,Windy,High humidity
2017-01-05,11.783333333333331,6,0.2,6.9,0,87,2017,1,Jan,1,Thu,Winter,0,20.49578373015873,10.577140638242659,0,Dry,Cool,Calm,High humidity
2017-01-06,21.966666666666665,3,2.1,11.2,2.8,92,2017,1,Jan,1,Fri,Winter,1,19.59342261904762,9.11139392812966,0,Rainy,Cool,Calm,High humidity
2017-01-07,13.2,1,6.3,8.9,5,98,2017,1,Jan,1,Sat,Winter,0,18.89217261904762,8.747771703784817,0,Rainy,Cool,Calm,High humidity
2017-01-08,18.85,6,6.8,4.6,1.5,97,2017,1,Jan,1,Sun,Winter,1,18.84342261904762,8.743657672752697,0,Rainy,Cool,Calm,High humidity
2017-01-09,14.866666666666667,6,7.5,17.5,2.5,92,2017,1,Jan,2,Mon,Winter,0,18.669811507936508,8.770028341032358,0,Rainy,Cool,Windy,High humidity
2017-01-10,7.473333333333334,6,5.6,14,0.2,87,2017,1,Jan,2,Tue,Winter,0,18.259755952380953,9.001118380943346,0,Rainy,Cool,Windy,High humidity
2017-01-11,10.67,7,7.4,19.4,0,76,2017,1,Jan,2,Wed,Winter,0,18.29117261904762,8.971908697662094,0,Dry,Cool,Windy,Low humidity
2017-01-12,8.71,7,4.2,18,17.8,82,2017,1,Jan,2,Thu,Winter,0,18.15329761904762,9.089479757610233,0,Rainy,Cool,Windy,High humidity
2017-01-13,5.895714285714286,7,1.8,22.9,1.1,77,2017,1,Jan,2,Fri,Winter,0,17.97140476190476,9.282808686565978,0,Rainy,Cool,Windy,Low humidity
2017-01-14,6.7275,8,1.4,14,2,85,2017,1,Jan,2,Sat,Winter,0,17.566488095238093,9.50432888842709,0,Rainy,Cool,Windy,High humidity
2017-01-15,12.41625,8,4.9,11.5,8.1,94,2017,1,Jan,2,Sun,Winter,0,17.26369642857143,9.5193771777087,0,Rainy,Cool,Calm,High humidity
2017-01-16,12.89125,8,3.7,5.6,2.4,95,2017,1,Jan,3,Mon,Winter,0,16.681182539682542,9.219896961577025,0,Rainy,Cool,Calm,High humidity
2017-01-17,19.425,8,0.7,6.9,0,88,2017,1,Jan,3,Tue,Winter,1,16.29479365079365,8.833189835398912,0,Dry,Cool,Calm,High humidity
2017-01-18,29.025,8,-1.2,6.1,0,82,2017,1,Jan,3,Wed,Winter,1,16.408960317460316,8.978542053977774,1,Dry,Cool,Calm,High humidity
2017-01-19,34.55,8,0.3,8.2,0,88,2017,1,Jan,3,Thu,Winter,1,16.74940476190476,9.469704917020847,1,Dry,Cool,Calm,High humidity
2017-01-20,28.7375,8,0.4,10.6,0,86,2017,1,Jan,3,Fri,Winter,1,16.626369047619047,9.281067216641764,1,Dry,Cool,Calm,High humidity
2017-01-21,22.357142857142858,7,-1,9.1,0,83,2017,1,Jan,3,Sat,Winter,1,16.75017857142857,9.333520849487948,0,Dry,Cool,Calm,High humidity
2017-01-22,48.41428571428571,7,-0.6,5.9,0,89,2017,1,Jan,3,Sun,Winter,1,17.91227380952381,10.951607426194204,1,Dry,Cool,Calm,High humidity
2017-01-24,67.7125,8,1.3,8.3,0,96,2017,1,Jan,4,Tue,Winter,1,19.817595238095237,14.136267216741464,1,Dry,Cool,Calm,High humidity
2017-01-25,36.6375,8,0.9,6.4,0,97,2017,1,Jan,4,Wed,Winter,1,20.783988095238097,14.265855703356848,1,Dry,Cool,Calm,High humidity
2017-01-26,33.925,8,-1.2,10.8,0,84,2017,1,Jan,4,Thu,Winter,1,21.752154761904762,14.134274172642286,1,Dry,Cool,Calm,High humidity
2017-01-27,50.07142857142857,7,1.8,11.7,0,87,2017,1,Jan,4,Fri,Winter,1,22.96072619047619,14.95822417357193,1,Dry,Cool,Calm,High humidity
2017-01-28,24.042857142857144,7,5.5,16,0.5,86,2017,1,Jan,4,Sat,Winter,1,22.51167857142857,14.706345383984216,0,Rainy,Cool,Windy,High humidity
2017-01-29,7.63,7,5.4,16.2,10.1,92,2017,1,Jan,4,Sun,Winter,0,21.706488095238097,14.841725791489315,0,Rainy,Cool,Windy,High humidity
2017-01-30,8.625714285714286,7,7,10,0.6,93,2017,1,Jan,5,Mon,Winter,0,20.944011904761904,14.908665126094697,0,Rainy,Cool,Calm,High humidity
2017-01-31,15.366666666666667,6,6.8,14.6,3.6,94,2017,1,Jan,5,Tue,Winter,1,20.694805555555554,14.938285263677422,0,Rainy,Cool,Windy,High humidity
2017-02-01,15.605714285714289,7,9.8,16.1,3.2,94,2017,2,Feb,5,Wed,Winter,1,20.555948412698413,14.966498701024582,0,Rainy,Mild,Windy,High humidity
2017-02-02,11.371666666666666,6,10,25.4,1.4,86,2017,2,Feb,5,Thu,Winter,0,20.688051587301587,14.863587061641471,0,Rainy,Mild,Windy,High humidity
2017-02-03,9.583333333333334,6,7.8,23,2.3,83,2017,2,Feb,5,Fri,Winter,0,20.59106746031746,14.928255744614702,0,Rainy,Cool,Windy,High humidity
2017-02-04,7.736666666666667,6,4.1,8.5,4.6,90,2017,2,Feb,5,Sat,Winter,0,20.542289682539682,14.969094128089143,0,Rainy,Cool,Calm,High humidity
2017-02-05,11.98,6,4.3,10.9,1.6,89,2017,2,Feb,5,Sun,Winter,0,20.548845238095236,14.965168513485315,0,Rainy,Cool,Calm,High humidity
2017-02-06,21.78333333333333,6,3.8,9.8,3.5,86,2017,2,Feb,6,Mon,Winter,1,20.542734126984126,14.964606995492735,0,Rainy,Cool,Calm,High humidity
2017-02-07,13.577142857142857,7,5.9,10.4,1,87,2017,2,Feb,6,Tue,Winter,0,20.555305555555556,14.958382944841672,0,Rainy,Cool,Calm,High humidity
2017-02-08,18.15714285714286,7,3,9.3,0.2,87,2017,2,Feb,6,Wed,Winter,1,20.53221031746032,14.961641189020611,0,Rainy,Cool,Calm,High humidity
2017-02-09,23.728571428571428,7,1.9,13.8,0,80,2017,2,Feb,6,Thu,Winter,1,20.82760714285714,14.933382029072899,0,Dry,Cool,Windy,High humidity
2017-02-10,39.5,7,1.3,14.4,0.3,84,2017,2,Feb,6,Fri,Winter,1,21.8951626984127,15.089734402802714,1,Rainy,Cool,Windy,High humidity
2017-02-11,34.525,4,1.6,15.8,1.2,83,2017,2,Feb,6,Sat,Winter,1,22.690329365079364,15.106338311076351,1,Rainy,Cool,Windy,High humidity
2017-02-12,44.483333333333334,6,3.1,19.1,0.5,87,2017,2,Feb,6,Sun,Winter,1,23.882773809523812,15.374261920163327,1,Rainy,Cool,Windy,High humidity
2017-02-13,49.27142857142857,7,5.1,24.3,0,83,2017,2,Feb,7,Mon,Winter,1,25.32863095238095,15.66129024508532,1,Dry,Cool,Windy,High humidity
2017-02-14,38.542857142857144,7,6.4,12.4,0,82,2017,2,Feb,7,Tue,Winter,1,26.389142857142858,15.43381586019358,1,Dry,Cool,Calm,High humidity
2017-02-15,22.91125,8,8,14.3,2.2,92,2017,2,Feb,7,Wed,Winter,1,26.73897619047619,15.223688428054304,0,Rainy,Cool,Windy,High humidity
2017-02-16,10.55875,8,7.3,12.9,0.5,85,2017,2,Feb,7,Thu,Winter,0,26.661226190476192,15.302601579958308,0,Rainy,Cool,Calm,High humidity
2017-02-17,11.924285714285714,7,7.4,9,0.1,87,2017,2,Feb,7,Fri,Winter,0,26.411202380952382,15.485096201022271,0,Rainy,Cool,Calm,High humidity
2017-02-18,18.475,8,6.8,9.6,0,88,2017,2,Feb,7,Sat,Winter,1,26.059535714285712,15.543375585535133,0,Dry,Cool,Calm,High humidity
2017-02-19,20.9875,8,7.4,12.6,0,88,2017,2,Feb,7,Sun,Winter,1,25.60745238095238,15.485037712188326,0,Dry,Cool,Calm,High humidity
2017-02-20,11.11625,8,11.6,18.8,0,89,2017,2,Feb,8,Mon,Winter,0,25.020077380952383,15.694994657992972,0,Dry,Mild,Windy,High humidity
2017-02-21,8.417142857142856,7,11,21,1,88,2017,2,Feb,8,Tue,Winter,0,24.555410714285713,15.980312913199,0,Rainy,Mild,Windy,High humidity
2017-02-23,5.1375,8,9,36.9,1.9,73,2017,2,Feb,8,Thu,Winter,0,23.112851190476192,15.703197153225734,0,Rainy,Mild,Windy,Low humidity
2017-02-24,5.485,8,5.1,14.2,0,69,2017,2,Feb,8,Fri,Winter,0,21.03860119047619,13.574391071558924,0,Dry,Cool,Windy,Low humidity
2017-02-25,10.476666666666668,6,8.3,26.2,1.8,82,2017,2,Feb,8,Sat,Winter,0,20.166573412698416,13.376606625263085,0,Rainy,Cool,Windy,High humidity
2017-02-26,7.743333333333333,6,10.3,27.5,1.1,82,2017,2,Feb,8,Sun,Winter,0,19.29385119047619,13.30188968815631,0,Rainy,Mild,Windy,High humidity
2017-02-27,5.082857142857143,7,6.9,22.2,10.7,84,2017,2,Feb,9,Mon,Winter,0,17.794232142857144,12.203017112430663,0,Rainy,Cool,Windy,High humidity
2017-02-28,4.826666666666667,6,4.1,19.1,3.7,81,2017,2,Feb,9,Tue,Winter,0,17.153692460317462,12.366945487709557,0,Rainy,Cool,Windy,High humidity
2017-03-01,7.093333333333334,6,6.1,16.7,0.6,83,2017,3,Mar,9,Wed,Spring,0,17.135803571428575,12.381576117567235,0,Rainy,Cool,Windy,High humidity
2017-03-02,8.704,5,6.7,26.8,0,63,2017,3,Mar,9,Thu,Spring,0,17.138413095238096,12.379728807438728,0,Dry,Cool,Windy,Low humidity
2017-03-03,12.238333333333332,6,7.8,14.5,4.4,86,2017,3,Mar,9,Fri,Spring,0,17.03413531746032,12.408309723512518,0,Rainy,Cool,Windy,High humidity
2017-03-04,11.617142857142856,7,7.8,16.4,1,81,2017,3,Mar,9,Sat,Spring,0,16.901182936507936,12.445455459513115,0,Rainy,Cool,Windy,High humidity
2017-03-05,6.905,6,6.5,23.2,6.9,78,2017,3,Mar,9,Sun,Spring,0,16.75229404761905,12.540244968640208,0,Rainy,Cool,Windy,Low humidity
2017-03-06,6.332857142857143,7,6.1,15.2,0.6,77,2017,3,Mar,10,Mon,Spring,0,16.64394484126984,12.618121961885533,0,Rainy,Cool,Windy,Low humidity
2017-03-07,8.12125,8,6.3,12.1,1,79,2017,3,Mar,10,Tue,Spring,0,16.656764285714285,12.608952547815042,0,Rainy,Cool,Calm,Low humidity
2017-03-08,7.34625,8,10.3,16.9,5.8,88,2017,3,Mar,10,Wed,Spring,0,16.50230595238095,12.696296876644327,0,Rainy,Mild,Windy,High humidity
2017-03-09,8.37625,8,11,15.2,0,79,2017,3,Mar,10,Thu,Spring,0,16.055403174603175,12.739883815547817,0,Dry,Mild,Windy,Low humidity
2017-03-10,10.05375,8,8.7,10.6,0.1,88,2017,3,Mar,10,Fri,Spring,0,15.937956746031746,12.779696729033017,0,Rainy,Cool,Calm,High humidity
2017-03-11,20.014285714285712,7,11.2,9.5,0,84,2017,3,Mar,10,Sat,Spring,1,15.999861507936508,12.795305592516911,0,Dry,Mild,Calm,High humidity
2017-03-12,24.557142857142857,7,10.1,7.3,2,85,2017,3,Mar,10,Sun,Spring,1,16.027480555555556,12.81344489692485,1,Rainy,Mild,Calm,High humidity
2017-03-13,15.285714285714286,7,9.9,10.4,0,76,2017,3,Mar,11,Mon,Spring,1,15.220337698412699,12.022096601306917,0,Dry,Mild,Calm,Low humidity
2017-03-14,11.692857142857145,7,10.3,13.8,0,87,2017,3,Mar,11,Tue,Spring,0,14.45926626984127,11.467780404776903,0,Dry,Mild,Windy,High humidity
2017-03-15,14.597142857142858,7,10.5,6.4,0,86,2017,3,Mar,11,Wed,Spring,0,13.46305992063492,9.969939696783793,0,Dry,Mild,Calm,High humidity
2017-03-16,19.3125,8,9.2,13.8,0,85,2017,3,Mar,11,Thu,Spring,1,12.46442896825397,7.438599236895197,0,Dry,Mild,Windy,High humidity
2017-03-17,13.41,8,8,20.5,0.7,75,2017,3,Mar,11,Fri,Spring,0,11.626667063492063,5.584474592805542,0,Rainy,Cool,Windy,Low humidity
2017-03-18,6.34125,8,12,26.2,0.8,83,2017,3,Mar,11,Sat,Spring,0,11.074333730158731,5.238603380619889,0,Rainy,Mild,Windy,High humidity
2017-03-19,6.39875,8,12.3,27.7,0.1,76,2017,3,Mar,11,Sun,Spring,0,10.935667063492064,5.307328697855737,0,Rainy,Mild,Windy,Low humidity
2017-03-20,6.05875,8,10.1,24.6,4.4,88,2017,3,Mar,12,Mon,Spring,0,10.740149206349207,5.377233411013383,0,Rainy,Mild,Windy,High humidity
2017-03-21,5.91625,8,6.7,20.4,0.5,66,2017,3,Mar,12,Tue,Spring,0,10.321524206349206,5.241443653373747,0,Rainy,Cool,Windy,Low humidity
2017-03-22,6.865,8,6.2,17.6,3.2,80,2017,3,Mar,12,Wed,Spring,0,9.850774206349206,4.8716122398796085,0,Rainy,Cool,Windy,High humidity
2017-03-23,13.6625,8,7.6,21.4,6.4,80,2017,3,Mar,12,Thu,Spring,0,9.935649206349206,4.916395091687559,0,Rainy,Cool,Windy,High humidity
2017-03-25,18.2875,8,8.3,21.6,0,61,2017,3,Mar,12,Sat,Spring,1,10.264661111111112,5.1366075124510555,0,Dry,Cool,Windy,Low humidity
2017-03-26,7.9525,8,8.6,20,0,70,2017,3,Mar,12,Sun,Spring,0,10.358494444444444,5.064928540474226,0,Dry,Cool,Windy,Low humidity
2017-03-27,19.9875,8,8.7,11.9,0,83,2017,3,Mar,13,Mon,Spring,1,10.841911111111111,5.271614233452258,0,Dry,Cool,Calm,High humidity
2017-03-28,42.7625,8,10.1,13.6,0.3,81,2017,3,Mar,13,Tue,Spring,1,11.918105555555554,7.85636649191975,1,Rainy,Mild,Windy,High humidity
2017-03-29,16.175,8,12.6,20.7,0.4,80,2017,3,Mar,13,Wed,Spring,1,12.199161111111112,7.852684583016198,0,Rainy,Mild,Windy,High humidity
2017-03-30,10.13,8,14.4,15.4,1.7,69,2017,3,Mar,13,Thu,Spring,0,12.367399206349207,7.748338027545972,0,Rainy,Mild,Windy,Low humidity
2017-03-31,11.31125,8,12.5,18.2,0,73,2017,3,Mar,13,Fri,Spring,0,12.583551984126984,7.6201110198608735,0,Dry,Mild,Windy,Low humidity
2017-04-01,8.63875,8,10.5,15,0,78,2017,4,Apr,13,Sat,Spring,0,12.635065873015872,7.586867097123738,0,Dry,Mild,Windy,Low humidity
2017-04-02,10.595,8,9.6,7.9,0.1,78,2017,4,Apr,13,Sun,Spring,0,12.698099206349207,7.560891691547538,0,Rainy,Mild,Calm,Low humidity
2017-04-03,15.9375,8,9.8,11.1,0,79,2017,4,Apr,14,Mon,Spring,1,12.821404761904763,7.583265644032748,0,Dry,Mild,Calm,Low humidity
2017-04-04,14.842857142857143,7,11,12.2,1.1,82,2017,4,Apr,14,Tue,Spring,0,12.928928571428571,7.588468563223291,0,Rainy,Mild,Calm,High humidity
2017-04-05,11.40625,8,9.8,12.4,0,71,2017,4,Apr,14,Wed,Spring,0,13.07897023809524,7.509341902525991,0,Dry,Mild,Calm,Low humidity
2017-04-06,13.2375,8,10.4,6.3,0,75,2017,4,Apr,14,Thu,Spring,0,13.309125,7.40047112158453,0,Dry,Mild,Calm,Low humidity
2017-04-07,19.9125,8,10.1,7.1,0,78,2017,4,Apr,14,Fri,Spring,1,13.702166666666667,7.428505845132138,0,Dry,Mild,Calm,Low humidity
2017-04-08,26.425,8,11,7.3,0,78,2017,4,Apr,14,Sat,Spring,1,14.338125,7.67808748399781,1,Dry,Mild,Calm,Low humidity
2017-04-09,32.675,8,13.6,14.4,0,70,2017,4,Apr,14,Sun,Spring,1,15.148083333333334,8.285121377887878,1,Dry,Mild,Windy,Low humidity
2017-04-10,15.6625,8,10.1,13.1,0,65,2017,4,Apr,15,Mon,Spring,1,15.335041666666667,8.229295107424738,0,Dry,Mild,Calm,Low humidity
2017-04-11,7.9175,8,9.8,11.7,0,69,2017,4,Apr,15,Tue,Spring,0,14.931815476190478,8.288264448929848,0,Dry,Mild,Calm,Low humidity
2017-04-12,9.68,8,10.4,17.6,0,73,2017,4,Apr,15,Wed,Spring,0,14.435910714285715,8.13617187859992,0,Dry,Mild,Windy,Low humidity
2017-04-13,7.95625,8,9.6,10.5,0,67,2017,4,Apr,15,Thu,Spring,0,14.191595238095237,8.219393860549959,0,Dry,Mild,Calm,Low humidity
2017-04-25,5.7212499999999995,8,5.6,14.6,0.7,55,2017,4,Apr,17,Tue,Spring,0,13.992541666666666,8.353213328157466,0,Rainy,Cool,Windy,Low humidity
2017-04-26,7.08375,8,5.5,16.9,2.3,69,2017,4,Apr,17,Wed,Spring,0,13.742095238095239,8.446572803361036,0,Rainy,Cool,Windy,Low humidity
2017-04-27,9.1525,8,6.1,12.4,1,74,2017,4,Apr,17,Thu,Spring,0,13.403428571428572,8.419163881527775,0,Rainy,Cool,Calm,Low humidity
2017-04-28,11.1925,8,9.3,8,1.9,73,2017,4,Apr,17,Fri,Spring,0,13.329511904761906,8.428832997336327,0,Rainy,Mild,Calm,Low humidity
2017-04-29,11.7525,8,11,13.3,0.1,62,2017,4,Apr,17,Sat,Spring,0,13.509886904761906,8.331466429461447,0,Rainy,Mild,Calm,Low humidity
2017-04-30,14.725,8,12.4,20.3,2.7,60,2017,4,Apr,17,Sun,Spring,0,13.78742857142857,8.224404398403568,0,Rainy,Mild,Windy,Low humidity
2017-05-01,9.52125,8,10.2,14.4,4.6,76,2017,5,May,18,Mon,Spring,0,13.902845238095239,8.136024998436747,0,Rainy,Mild,Windy,Low humidity
2017-05-02,8.85375,8,11.1,11.4,1.2,76,2017,5,May,18,Tue,Spring,0,14.000761904761905,8.053853670648433,0,Rainy,Mild,Calm,Low humidity
2017-05-03,15.154125,8,9.1,19.6,0.7,80,2017,5,May,18,Wed,Spring,1,14.277066071428573,7.942016243157576,0,Rainy,Mild,Windy,High humidity
2017-05-04,19.47142857142857,7,10.8,19.6,0.2,78,2017,5,May,18,Thu,Spring,1,14.470697023809524,7.99713733295997,0,Rainy,Mild,Windy,Low humidity
2017-05-05,12.871428571428572,7,10.9,23.8,0,68,2017,5,May,18,Fri,Spring,0,14.290161309523809,7.9690864799964105,0,Dry,Mild,Windy,Low humidity
2017-05-06,18.11428571428571,7,11.7,18.1,0.2,75,2017,5,May,18,Sat,Spring,1,14.6288875,7.906129778302776,0,Rainy,Mild,Windy,Low humidity
2017-05-07,24.8,7,11.1,11.7,0.4,74,2017,5,May,18,Sun,Spring,1,14.789304166666666,8.065816653660997,1,Rainy,Mild,Calm,Low humidity
2017-05-08,13.6875,8,9.3,16.1,0,73,2017,5,May,19,Mon,Spring,0,13.8201375,6.094656554160886,0,Dry,Mild,Windy,Low humidity
2017-05-09,11.415,8,9.2,10.4,0,67,2017,5,May,19,Tue,Spring,0,13.661470833333334,6.093196807035548,0,Dry,Mild,Calm,Low humidity
2017-05-10,11.535,8,10.4,10.1,0,72,2017,5,May,19,Wed,Spring,0,13.708304166666666,6.070474513276302,0,Dry,Mild,Calm,Low humidity
2017-05-11,22.45,8,13.5,13.8,0.7,72,2017,5,May,19,Thu,Spring,1,14.079595833333334,6.256596011786219,0,Rainy,Mild,Windy,Low humidity
2017-05-12,29.1375,8,14.1,16.9,4.6,80,2017,5,May,19,Fri,Spring,1,14.7628875,6.7423925597019725,1,Rainy,Mild,Windy,High humidity
2017-05-13,11.755714285714284,7,13.3,18.1,1.1,72,2017,5,May,19,Sat,Spring,0,14.801577976190476,6.720947083775077,0,Rainy,Mild,Windy,Low humidity
2017-05-14,9.475714285714286,7,13.9,17.3,1.1,67,2017,5,May,19,Sun,Spring,0,14.58618511904762,6.786511581939954,0,Rainy,Mild,Windy,Low humidity
2017-05-15,7.433333333333334,6,14,18.5,1.3,78,2017,5,May,20,Mon,Spring,0,14.339200992063493,6.910543712012614,0,Rainy,Mild,Windy,Low humidity
2017-05-16,7.85,6,17.9,19.3,2.3,76,2017,5,May,20,Tue,Spring,0,14.220659325396825,6.992603929337358,0,Rainy,Warm,Windy,Low humidity
2017-05-17,9.748571428571427,7,15.3,7.5,25.5,90,2017,5,May,20,Wed,Spring,0,14.104361706349206,7.038382444158397,0,Rainy,Warm,Calm,High humidity
2017-05-18,9.872857142857145,7,12.5,8.4,12.8,79,2017,5,May,20,Thu,Spring,0,13.769706944444444,6.991219472382513,0,Rainy,Mild,Calm,Low humidity
2017-05-19,8.6625,8,11,9.7,7.1,83,2017,5,May,20,Fri,Spring,0,13.17762361111111,6.625050635753525,0,Rainy,Mild,Calm,High humidity
2017-05-20,7.675,8,11.6,17,1.8,75,2017,5,May,20,Sat,Spring,0,12.344290277777779,5.577496129258367,0,Rainy,Mild,Windy,Low humidity
2017-05-21,6.55625,8,13.6,12.2,0,73,2017,5,May,20,Sun,Spring,0,12.04074861111111,5.638146544557651,0,Dry,Mild,Calm,Low humidity
2017-05-22,12.03375,8,16.5,12.1,0,67,2017,5,May,21,Mon,Spring,0,12.177956944444444,5.584171853362702,0,Dry,Warm,Calm,Low humidity
2017-05-23,13.714285714285714,7,15.8,11.7,0,80,2017,5,May,21,Tue,Spring,0,12.312433134920635,5.570502005383149,0,Dry,Warm,Calm,High humidity
2017-05-24,10.28375,8,18.1,6.7,0,76,2017,5,May,21,Wed,Spring,0,12.390016468253968,5.523751017248196,0,Dry,Warm,Calm,Low humidity
2017-05-25,14.365,8,18.2,10.2,0,72,2017,5,May,21,Thu,Spring,0,12.678141468253967,5.387663324957828,0,Dry,Warm,Calm,Low humidity
2017-05-26,12.628571428571428,7,18.9,15.9,0,69,2017,5,May,21,Fri,Spring,0,12.862968849206348,5.283223198063206,0,Dry,Warm,Windy,Low humidity
2017-05-27,15.84,7,18,17.4,0.8,74,2017,5,May,21,Sat,Spring,1,13.085885515873015,5.262310209992588,0,Rainy,Warm,Windy,Low humidity
2017-05-28,10.59142857142857,7,17.5,6.9,0.3,72,2017,5,May,21,Sun,Spring,0,13.065849801587301,5.2709049065409825,0,Rainy,Warm,Calm,Low humidity
2017-05-29,10.184285714285714,7,17.3,11.2,5.6,86,2017,5,May,22,Mon,Spring,0,13.013575992063492,5.292112754660497,0,Rainy,Warm,Calm,High humidity
2017-05-30,10.10125,8,16.8,17.6,0.4,76,2017,5,May,22,Tue,Spring,0,12.859450992063492,5.307857870123496,0,Rainy,Warm,Windy,Low humidity
2017-05-31,8.23375,8,16.8,6.9,0.9,77,2017,5,May,22,Wed,Spring,0,12.816534325396825,5.340881912548217,0,Rainy,Warm,Calm,Low humidity
2017-06-01,9.49,8,17,8.2,0,75,2017,6,Jun,22,Thu,Summer,0,12.837742658730159,5.3258453941721156,0,Dry,Warm,Calm,Low humidity
2017-06-02,11.6275,8,17.3,5.5,3.3,79,2017,6,Jun,22,Fri,Summer,0,12.720188492063492,5.311856407733969,0,Rainy,Warm,Calm,Low humidity
2017-06-03,13.68375,8,16.4,14.3,0.2,70,2017,6,Jun,22,Sat,Summer,0,12.527265873015873,5.161165901619964,0,Rainy,Warm,Windy,Low humidity
2017-06-04,6.0825,8,14.1,17.4,0.9,70,2017,6,Jun,22,Sun,Summer,0,12.300968253968254,5.2927133100228785,0,Rainy,Mild,Windy,Low humidity
2017-06-05,6.92375,8,14.1,25.3,7.9,78,2017,6,Jun,23,Mon,Summer,0,11.927950396825397,5.263135154182837,0,Rainy,Mild,Windy,Low humidity
2017-06-06,5.79875,8,12.8,32,12.2,73,2017,6,Jun,23,Tue,Summer,0,11.294575396825397,4.7820053421701365,0,Rainy,Mild,Windy,Low humidity
2017-06-07,6.255,8,14.3,27.7,0.6,65,2017,6,Jun,23,Wed,Summer,0,11.046825396825398,4.845863888081569,0,Rainy,Mild,Windy,Low humidity
2017-06-08,7.59125,8,15.3,25.4,1.4,79,2017,6,Jun,23,Thu,Summer,0,10.919367063492064,4.8859671961551285,0,Rainy,Warm,Windy,Low humidity
2017-06-09,8.685,8,15.7,18.1,0.7,75,2017,6,Jun,23,Fri,Summer,0,10.824367063492064,4.901267359244676,0,Rainy,Warm,Windy,Low humidity
2017-06-10,8.705714285714286,7,17.4,20.3,0,72,2017,6,Jun,23,Sat,Summer,0,10.366224206349207,4.39312445630496,0,Dry,Warm,Windy,Low humidity
2017-06-11,7.914285714285715,7,17.6,21.8,0.1,72,2017,6,Jun,23,Sun,Summer,0,9.65878373015873,2.6151005703344405,0,Rainy,Warm,Windy,Low humidity
2017-06-12,7.5285714285714285,7,15,19.6,0.9,70,2017,6,Jun,24,Mon,Summer,0,9.517878968253969,2.6120994392351844,0,Rainy,Warm,Windy,Low humidity
2017-06-13,8.648571428571428,7,16.2,7.1,0,74,2017,6,Jun,24,Tue,Summer,0,9.49030753968254,2.616920756716139,0,Dry,Warm,Calm,Low humidity
2017-06-14,11.21,8,18.7,10.9,0,65,2017,6,Jun,24,Wed,Summer,0,9.61619642857143,2.605370528040889,0,Dry,Warm,Calm,Low humidity
2017-06-15,15.35,8,17.7,18.1,0,67,2017,6,Jun,24,Thu,Summer,1,9.86619642857143,2.783775442009784,0,Dry,Warm,Windy,Low humidity
2017-06-16,9.05875,8,17.2,14.3,0,70,2017,6,Jun,24,Fri,Summer,0,9.843202380952382,2.7876268360948964,0,Dry,Warm,Windy,Low humidity
2017-06-17,11.68125,8,21,8.7,0,74,2017,6,Jun,24,Sat,Summer,0,9.903482142857143,2.807769811374421,0,Dry,Warm,Calm,Low humidity
2017-06-18,13.3875,8,22.9,6.6,0,69,2017,6,Jun,24,Sun,Summer,0,10.060982142857142,2.8676418543892233,0,Dry,Warm,Calm,Low humidity
2017-06-19,16.9,7,23.3,8.2,0,67,2017,6,Jun,25,Mon,Summer,1,10.368482142857143,3.089025576247287,0,Dry,Warm,Calm,Low humidity
2017-06-20,27.185714285714287,7,22,11.5,0,69,2017,6,Jun,25,Tue,Summer,1,11.056130952380952,4.2783361565672,1,Dry,Warm,Calm,Low humidity
2017-06-21,17.985714285714288,7,23.8,13.4,0,68,2017,6,Jun,25,Wed,Summer,1,11.254529761904761,4.4594076123205255,0,Dry,Warm,Windy,Low humidity
2017-06-22,18.285714285714285,7,21.1,18.1,1.3,69,2017,6,Jun,25,Thu,Summer,1,11.406910714285715,4.621515384981404,0,Rainy,Warm,Windy,Low humidity
2017-06-23,10.412857142857142,7,18.4,21.4,0,67,2017,6,Jun,25,Fri,Summer,0,11.411214285714287,4.620493428068562,0,Dry,Warm,Windy,Low humidity
2017-06-24,7.828,5,18.6,21.1,3.1,76,2017,6,Jun,25,Sat,Summer,0,11.193314285714285,4.630520892413825,0,Rainy,Warm,Windy,Low humidity
2017-06-25,6.148571428571429,7,18.1,20.7,1.2,68,2017,6,Jun,25,Sun,Summer,0,10.977314285714288,4.711686775147584,0,Rainy,Warm,Windy,Low humidity
2017-06-26,5.83,8,17.5,8.8,2.8,57,2017,6,Jun,26,Mon,Summer,0,10.643647619047618,4.709890197170151,0,Rainy,Warm,Calm,Low humidity
2017-06-27,10.583333333333334,6,17,12.5,19.5,80,2017,6,Jun,26,Tue,Summer,0,10.643377777777777,4.709893523989698,0,Rainy,Warm,Calm,High humidity
2017-06-28,14.128571428571428,7,15,12,7,87,2017,6,Jun,26,Wed,Summer,0,10.77485396825397,4.751504454356026,0,Rainy,Warm,Calm,High humidity
2017-06-29,7.511428571428572,7,14.3,10.4,0.4,80,2017,6,Jun,26,Thu,Summer,0,10.688526587301588,4.787554531342353,0,Rainy,Mild,Calm,High humidity
2017-06-30,8.08375,8,17,8,0.3,75,2017,6,Jun,26,Fri,Summer,0,10.683526587301587,4.790284191061632,0,Rainy,Warm,Calm,Low humidity
2017-07-01,8.62875,8,17.3,14.8,0,71,2017,7,Jul,26,Sat,Summer,0,10.654818253968253,4.800254060661281,0,Dry,Warm,Windy,Low humidity
2017-07-02,7.448,5,17.8,13,0.4,64,2017,7,Jul,26,Sun,Summer,0,10.515501587301587,4.831598692681571,0,Rainy,Warm,Calm,Low humidity
2017-07-03,7.6825,8,17.6,15.2,0.2,71,2017,7,Jul,27,Mon,Summer,0,10.31545992063492,4.820121731985291,0,Rainy,Warm,Windy,Low humidity
2017-07-04,8.02375,8,18.3,8.6,0.1,75,2017,7,Jul,27,Tue,Summer,0,10.380168253968256,4.774147338357743,0,Rainy,Warm,Calm,Low humidity
2017-07-05,8.955,8,19.9,6.6,0,68,2017,7,Jul,27,Wed,Summer,0,10.447876587301588,4.737701851930453,0,Dry,Warm,Calm,Low humidity
2017-07-06,10.28625,8,21.4,10.9,5,74,2017,7,Jul,27,Thu,Summer,0,10.59745992063492,4.655990713554279,0,Rainy,Warm,Calm,Low humidity
2017-07-07,13.2275,8,21.6,10.9,0,66,2017,7,Jul,27,Fri,Summer,0,10.829876587301587,4.605502195331218,0,Dry,Warm,Calm,Low humidity
2017-07-08,7.84,8,20.4,9.1,0,65,2017,7,Jul,27,Sat,Summer,0,10.838168253968254,4.599690622834861,0,Dry,Warm,Calm,Low humidity
2017-07-09,10.5225,8,20.7,9.3,0.1,68,2017,7,Jul,27,Sun,Summer,0,10.899418253968255,4.582231149777405,0,Rainy,Warm,Calm,Low humidity
2017-07-10,10.23875,8,19.4,11.6,1.3,69,2017,7,Jul,28,Mon,Summer,0,10.950519444444444,4.565440766881287,0,Rainy,Warm,Calm,Low humidity
2017-07-11,7.52,8,16.2,15.1,8.5,80,2017,7,Jul,28,Tue,Summer,0,10.937376587301587,4.575040225317367,0,Rainy,Warm,Windy,High humidity
2017-07-12,6.29375,8,16.7,16.2,4.5,72,2017,7,Jul,28,Wed,Summer,0,10.896215873015873,4.612170137630184,0,Rainy,Warm,Windy,Low humidity
2017-07-13,7.1075,8,16.5,7.2,0.1,65,2017,7,Jul,28,Thu,Summer,0,10.844846825396825,4.646521082825756,0,Rainy,Warm,Calm,Low humidity
2017-07-14,7.828749999999999,8,16.7,14.8,1.3,69,2017,7,Jul,28,Fri,Summer,0,10.732138492063491,4.678258573695638,0,Rainy,Warm,Windy,Low humidity
2017-07-15,8.17625,8,17.4,13.5,2.4,79,2017,7,Jul,28,Sat,Summer,0,10.493013492063492,4.617020584663456,0,Rainy,Warm,Windy,Low humidity
2017-07-16,7.275,8,20.3,14.4,1,78,2017,7,Jul,28,Sun,Summer,0,10.43355515873016,4.6475129929344074,0,Rainy,Warm,Windy,Low humidity
2017-07-17,6.83,8,19.1,10.1,0.4,63,2017,7,Jul,29,Mon,Summer,0,10.271846825396826,4.68683524345081,0,Rainy,Warm,Calm,Low humidity
2017-07-18,9.585,8,20.1,18.7,2.7,71,2017,7,Jul,29,Tue,Summer,0,10.145096825396825,4.65095025648437,0,Rainy,Warm,Windy,Low humidity
2017-07-19,14.45,8,20,19.6,1.3,80,2017,7,Jul,29,Wed,Summer,0,10.06343015873016,4.548634510796959,0,Rainy,Warm,Windy,High humidity
2017-07-20,10.2575,8,17.1,17,2.3,74,2017,7,Jul,29,Thu,Summer,0,9.499156349206348,3.2019665449062233,0,Rainy,Warm,Windy,Low humidity
2017-08-10,6.916666666666667,6,14.7,14.8,0,77,2017,8,Aug,32,Thu,Summer,0,9.130188095238095,2.8032528092464104,0,Dry,Mild,Windy,Low humidity
2017-08-11,11.147142857142857,7,15.4,14,0,78,2017,8,Aug,32,Fri,Summer,0,8.892235714285714,2.2471005815382483,0,Dry,Warm,Windy,Low humidity
2017-08-12,7.101428571428571,7,17.6,15,0.2,76,2017,8,Aug,32,Sat,Summer,0,8.78185476190476,2.251157187003733,0,Rainy,Warm,Windy,Low humidity
2017-08-13,5.6414285714285715,7,15.8,6.7,0,67,2017,8,Aug,32,Sun,Summer,0,8.708969047619046,2.317524092557657,0,Dry,Warm,Calm,Low humidity
2017-08-14,8.181428571428572,7,16.7,9.9,0,71,2017,8,Aug,33,Mon,Summer,0,8.776730952380952,2.26929681028755,0,Dry,Warm,Calm,Low humidity
2017-08-15,11.305714285714286,7,17.2,10.4,2.3,75,2017,8,Aug,33,Tue,Summer,0,8.959254761904761,2.2441849572304333,0,Rainy,Warm,Calm,Low humidity
2017-08-16,8.870000000000001,7,15.6,11.7,0.9,76,2017,8,Aug,33,Wed,Summer,0,8.90214365079365,2.22313154699045,0,Rainy,Warm,Calm,Low humidity
2017-08-17,6.57875,8,18.7,20.2,3.6,80,2017,8,Aug,33,Thu,Summer,0,8.650482936507936,2.0300307426606876,0,Rainy,Warm,Windy,High humidity
2017-08-18,7.272,5,16.1,21.6,3.2,73,2017,8,Aug,33,Fri,Summer,0,8.642501984126985,2.0351275412026735,0,Rainy,Warm,Windy,Low humidity
2017-08-19,6.108333333333333,6,15.7,21.1,0,67,2017,8,Aug,33,Sat,Summer,0,8.576654761904763,2.085171872768447,0,Dry,Warm,Windy,Low humidity
2017-08-20,6.488333333333333,6,15.7,13.1,5.9,74,2017,8,Aug,33,Sun,Summer,0,8.50530753968254,2.1196614085678966,0,Rainy,Warm,Calm,Low humidity
2017-08-21,6.5,6,16.6,8.9,3.1,86,2017,8,Aug,34,Mon,Summer,0,8.47370753968254,2.142906279970935,0,Rainy,Warm,Calm,High humidity
2017-08-22,10.686666666666667,6,18.3,8.5,0.6,86,2017,8,Aug,34,Tue,Summer,0,8.57384642857143,2.1746162343340116,0,Rainy,Warm,Calm,High humidity
2017-08-23,19.857142857142858,7,18.5,13.1,0.1,80,2017,8,Aug,34,Wed,Summer,1,8.968292857142858,2.9912645803275653,0,Rainy,Warm,Calm,High humidity
2017-08-24,9.128571428571428,7,16.6,11.1,0,77,2017,8,Aug,34,Thu,Summer,0,8.974078571428572,2.9914058405409887,0,Dry,Warm,Calm,Low humidity
2017-08-25,9.78125,8,16.7,6.2,0,77,2017,8,Aug,34,Fri,Summer,0,8.957245238095238,2.985181731923414,0,Dry,Warm,Calm,Low humidity
2017-08-26,13.25875,8,18.3,5.8,0,75,2017,8,Aug,34,Sat,Summer,0,8.958286904761906,2.9867282534498067,0,Dry,Warm,Calm,Low humidity
2017-08-27,13.10625,8,19,6.8,0,73,2017,8,Aug,34,Sun,Summer,0,9.133828571428571,3.0722698004430478,0,Dry,Warm,Calm,Low humidity
2017-08-28,21.95,8,19.9,7.1,0,77,2017,8,Aug,35,Mon,Summer,1,9.514745238095237,3.8582617428612855,0,Dry,Warm,Calm,Low humidity
2017-08-29,19.125,8,19.3,8.6,1.3,78,2017,8,Aug,35,Tue,Summer,1,9.810953571428572,4.238167947591442,0,Rainy,Warm,Calm,Low humidity
2017-08-30,10.40875,8,13.7,11.1,8.4,81,2017,8,Aug,35,Wed,Summer,0,9.90724523809524,4.217086299065613,0,Rainy,Mild,Calm,High humidity
2017-08-31,10.065,8,13.3,7.2,7.4,85,2017,8,Aug,35,Thu,Summer,0,10.032953571428571,4.16149902507922,0,Rainy,Mild,Calm,High humidity
2017-09-01,10.454285714285714,7,14.8,7.8,0.2,70,2017,9,Sep,35,Fri,Autumn,0,10.144513095238095,4.125070642202911,0,Rainy,Warm,Calm,Low humidity
2017-09-02,10.27625,8,15.1,4.9,0.3,72,2017,9,Sep,35,Sat,Autumn,0,10.226096428571429,4.1018286375470945,0,Rainy,Warm,Calm,Low humidity
2017-09-03,11.42625,8,14.7,14.4,3.6,82,2017,9,Sep,35,Sun,Autumn,0,10.334429761904763,4.08872023592913,0,Rainy,Mild,Windy,High humidity
2017-09-04,6.8575,8,17.7,13.4,3.8,88,2017,9,Sep,36,Mon,Autumn,0,10.320513095238095,4.100187051057177,0,Rainy,Warm,Windy,High humidity
2017-09-05,6.87,8,17.4,17.7,1.5,86,2017,9,Sep,36,Tue,Autumn,0,10.32184642857143,4.099019173576558,0,Rainy,Warm,Windy,High humidity
2017-09-06,7.78125,8,14.8,14.7,0.2,72,2017,9,Sep,36,Wed,Autumn,0,10.261721428571429,4.123356619183306,0,Rainy,Warm,Windy,Low humidity
2017-09-07,12.5875,8,15.4,14.9,0.1,76,2017,9,Sep,36,Thu,Autumn,0,10.199638095238095,4.071820582487159,0,Rainy,Warm,Windy,Low humidity
2017-09-08,7.86875,8,15.2,18.4,5.4,84,2017,9,Sep,36,Fri,Autumn,0,10.120013095238097,4.093946118931716,0,Rainy,Warm,Windy,High humidity
2017-09-09,6.5175,8,13,12.8,0.4,79,2017,9,Sep,36,Sat,Autumn,0,10.106707539682539,4.105348954223717,0,Rainy,Mild,Calm,Low humidity
2017-09-10,6.97,8,13.1,20.3,1.6,83,2017,9,Sep,36,Sun,Autumn,0,9.967469444444445,4.139538630660318,0,Rainy,Mild,Windy,High humidity
2017-09-11,6.279999999999999,8,14,25.8,4.2,72,2017,9,Sep,37,Mon,Autumn,0,9.940088492063492,4.161806517932505,0,Rainy,Mild,Windy,Low humidity
2017-09-12,6.016249999999999,8,13.8,21.8,3.4,74,2017,9,Sep,37,Tue,Autumn,0,9.95258253968254,4.148999545591384,0,Rainy,Mild,Windy,Low humidity
2017-09-13,5.505,8,14.2,29.1,1.2,69,2017,9,Sep,37,Wed,Autumn,0,9.863368253968254,4.216621249355484,0,Rainy,Mild,Windy,Low humidity
2017-09-14,5,8,12,17,0.5,74,2017,9,Sep,37,Thu,Autumn,0,9.653177777777778,4.298610584126421,0,Rainy,Mild,Windy,Low humidity
2017-09-15,5.94875,8,10.9,9.4,8.4,82,2017,9,Sep,37,Fri,Autumn,0,9.555802777777778,4.349746313155015,0,Rainy,Mild,Calm,High humidity
2017-09-16,8.24625,8,10.6,7.4,3.6,86,2017,9,Sep,37,Sat,Autumn,0,9.611386111111111,4.320950951780699,0,Rainy,Mild,Calm,High humidity
2017-09-17,7.3725,8,11.2,7.7,1.7,84,2017,9,Sep,37,Sun,Autumn,0,9.614736111111112,4.3191132697453,0,Rainy,Mild,Calm,High humidity
2017-09-18,7.9825,8,12,10.7,2.6,82,2017,9,Sep,38,Mon,Autumn,0,9.677208333333335,4.280024551153135,0,Rainy,Mild,Calm,High humidity
2017-09-19,9.42,8,11.4,7.1,1.1,80,2017,9,Sep,38,Tue,Autumn,0,9.774930555555555,4.23796648525976,0,Rainy,Mild,Calm,High humidity
2017-09-20,9.5,2,13.8,13.5,0.6,83,2017,9,Sep,38,Wed,Autumn,0,9.874930555555554,4.19318352700004,0,Rainy,Mild,Windy,High humidity
2017-09-21,9.365,8,14.7,16.7,1.8,84,2017,9,Sep,38,Thu,Autumn,0,9.830874999999999,4.191303564566874,0,Rainy,Mild,Windy,High humidity
2017-09-22,9.61625,8,12.9,10.1,0.6,77,2017,9,Sep,38,Fri,Autumn,0,9.489511904761905,3.7392046702008868,0,Rainy,Mild,Calm,Low humidity
2017-09-23,7.61125,8,14.5,10.8,0,77,2017,9,Sep,38,Sat,Autumn,0,9.438934523809525,3.7544857906588573,0,Dry,Mild,Calm,Low humidity
2017-09-24,14.00625,8,15.8,11.7,0.2,75,2017,9,Sep,38,Sun,Autumn,0,9.579767857142857,3.845897558823602,0,Rainy,Warm,Calm,Low humidity
2017-09-25,24.275,8,14.9,8.1,10.2,91,2017,9,Sep,39,Mon,Autumn,1,9.94697619047619,4.6509420339024965,0,Rainy,Warm,Calm,High humidity
2017-09-26,28.5375,8,15.5,7.6,0.1,85,2017,9,Sep,39,Tue,Autumn,1,10.46135119047619,5.738543932732385,1,Rainy,Warm,Calm,High humidity
2017-09-27,40.6875,8,15.8,11.7,5.7,85,2017,9,Sep,39,Wed,Autumn,1,11.085934523809524,7.712335836843738,1,Rainy,Warm,Calm,High humidity
2017-09-28,22.65,8,16.3,13,2.7,84,2017,9,Sep,39,Thu,Autumn,1,11.203434523809525,7.864390383141056,0,Rainy,Warm,Calm,High humidity
2017-09-29,8.821428571428571,7,16.2,15.3,1.4,84,2017,9,Sep,39,Fri,Autumn,0,11.15052380952381,7.87525344837694,0,Rainy,Warm,Windy,High humidity
2017-09-30,10.36,7,13.4,13.5,1.3,81,2017,9,Sep,39,Sat,Autumn,0,11.160357142857144,7.87403536407862,0,Rainy,Mild,Windy,High humidity
2017-10-01,6.3742857142857146,7,16.1,22.4,1,88,2017,10,Oct,39,Sun,Autumn,0,11.024357142857143,7.921741399868235,0,Rainy,Warm,Windy,High humidity
2017-10-02,8.685714285714285,7,14.5,23.5,0.5,72,2017,10,Oct,40,Mon,Autumn,0,10.971339285714286,7.932236447486132,0,Rainy,Mild,Windy,Low humidity
2017-10-03,8.39,6,11.9,13.9,0,72,2017,10,Oct,40,Tue,Autumn,0,10.870130952380952,7.945590734866537,0,Dry,Mild,Windy,Low humidity
2017-10-04,8.886666666666667,6,11.9,19.5,0,74,2017,10,Oct,40,Wed,Autumn,0,10.93776984126984,7.9188461900924425,0,Dry,Mild,Windy,Low humidity
2017-10-05,6.531666666666666,6,13.7,23.8,0.4,68,2017,10,Oct,40,Thu,Autumn,0,10.926492063492065,7.925077618554872,0,Rainy,Mild,Windy,Low humidity
2017-10-06,5.875,6,11.4,13.1,0,72,2017,10,Oct,40,Fri,Autumn,0,10.862950396825397,7.958735605416795,0,Dry,Mild,Calm,Low humidity
2017-10-07,7.836666666666667,6,13.5,19.7,0.7,80,2017,10,Oct,40,Sat,Autumn,0,10.704589285714286,7.970494458133969,0,Rainy,Mild,Windy,High humidity
2017-10-08,5.8,6,11.8,8.4,0.2,86,2017,10,Oct,40,Sun,Autumn,0,10.635630952380952,8.004750807817182,0,Rainy,Mild,Calm,High humidity
2017-10-09,12.697142857142858,7,13.2,9.8,0.8,85,2017,10,Oct,41,Mon,Autumn,0,10.841619047619048,7.974577981036574,0,Rainy,Mild,Calm,High humidity
2017-10-10,8.298333333333334,6,14,18.5,0.2,86,2017,10,Oct,41,Tue,Autumn,0,10.885896825396825,7.956006141144243,0,Rainy,Mild,Windy,High humidity
2017-10-11,6.123333333333333,6,15.1,26.8,0.6,81,2017,10,Oct,41,Wed,Autumn,0,10.880674603174604,7.959184426078119,0,Rainy,Warm,Windy,High humidity
2017-10-12,6.706666666666667,6,12.9,15.7,0,80,2017,10,Oct,41,Thu,Autumn,0,10.903688492063491,7.945620592682654,0,Dry,Mild,Windy,High humidity
2017-10-13,8.262857142857143,7,15.6,21.2,0,88,2017,10,Oct,41,Fri,Autumn,0,10.995617063492064,7.896809347814715,0,Dry,Warm,Windy,High humidity
2017-10-14,10.12625,8,16.1,14.8,0,86,2017,10,Oct,41,Sat,Autumn,0,11.166492063492063,7.8176651544513875,0,Dry,Warm,Windy,High humidity
2017-10-15,14.0875,8,15.7,14.6,0,86,2017,10,Oct,41,Sun,Autumn,0,11.437783730158731,7.771433644019403,0,Dry,Warm,Windy,High humidity
2017-10-16,21.375,8,17.1,23,0,77,2017,10,Oct,42,Mon,Autumn,1,11.87540873015873,7.9530457319986825,0,Dry,Warm,Windy,Low humidity
2017-10-17,12.07,8,12.5,13.9,0.9,71,2017,10,Oct,42,Tue,Autumn,0,12.031992063492064,7.907445824521291,0,Rainy,Mild,Windy,Low humidity
2017-10-18,15.55,8,13.6,10.2,1.5,90,2017,10,Oct,42,Wed,Autumn,1,12.284242063492064,7.89450349284668,0,Rainy,Mild,Calm,High humidity
2017-10-19,25.125,8,15.1,15.8,8,90,2017,10,Oct,42,Thu,Autumn,1,12.807742063492064,8.212337209522232,1,Rainy,Warm,Windy,High humidity
2017-10-20,18.857142857142858,7,13.2,25.9,3.2,77,2017,10,Oct,42,Fri,Autumn,1,13.119646825396824,8.259931422093338,0,Rainy,Mild,Windy,Low humidity
2017-10-21,7.49375,8,13.4,31.3,2.8,77,2017,10,Oct,42,Sat,Autumn,0,13.057271825396827,8.296247944871304,0,Rainy,Mild,Windy,Low humidity
2017-10-22,6.48625,8,10.9,23.6,0,70,2017,10,Oct,42,Sun,Autumn,0,12.952938492063492,8.360447319773048,0,Dry,Mild,Windy,Low humidity
2017-10-23,6.03875,8,13.1,12.2,0.1,90,2017,10,Oct,43,Mon,Autumn,0,12.900521825396826,8.399928660541718,0,Rainy,Mild,Calm,High humidity
2017-10-24,8.08,8,16,22.1,0,88,2017,10,Oct,43,Tue,Autumn,0,12.702980158730158,8.442604104990455,0,Dry,Warm,Windy,High humidity
2017-10-25,7.76125,8,14,15.2,0,84,2017,10,Oct,43,Wed,Autumn,0,12.152521825396827,8.19686289988816,0,Dry,Mild,Windy,High humidity
2017-10-26,13.2625,8,11.6,6.2,0.8,97,2017,10,Oct,43,Thu,Autumn,0,11.643355158730158,7.596404098310129,0,Rainy,Mild,Calm,High humidity
2017-10-27,12.3375,8,10.5,9,0,84,2017,10,Oct,43,Fri,Autumn,0,10.698355158730159,5.2640093511467905,0,Dry,Mild,Calm,High humidity
2017-10-28,12.38875,8,10.5,17.7,0,86,2017,10,Oct,43,Sat,Autumn,0,10.356313492063492,4.770924454172889,0,Dry,Mild,Windy,High humidity
2017-10-29,7.4225,8,11.5,17.1,0.7,73,2017,10,Oct,43,Sun,Autumn,0,10.30968253968254,4.793228128236982,0,Rainy,Mild,Windy,Low humidity
2017-10-30,8.67875,8,6.2,6.7,0,84,2017,10,Oct,44,Mon,Autumn,0,10.253640873015874,4.8024391426270014,0,Dry,Cool,Calm,High humidity
2017-10-31,14.685714285714283,7,9.1,13.3,1.4,84,2017,10,Oct,44,Tue,Autumn,0,10.530688492063492,4.810657875405495,0,Rainy,Mild,Calm,High humidity
2017-11-01,13.465714285714286,7,9.6,8.5,0,87,2017,11,Nov,44,Wed,Autumn,0,10.690021825396826,4.8265761402303795,0,Dry,Mild,Calm,High humidity
2017-11-02,22.84285714285714,7,8.4,5.4,0.1,92,2017,11,Nov,44,Thu,Autumn,1,11.17178373015873,5.288301173525451,0,Rainy,Cool,Calm,High humidity
2017-11-03,29.8,7,10.5,7,0.2,91,2017,11,Nov,44,Fri,Autumn,1,11.868894841269842,6.264920161090996,1,Rainy,Mild,Calm,High humidity
2017-11-04,28.15714285714286,7,10.7,12.6,6.2,89,2017,11,Nov,44,Sat,Autumn,1,12.589744047619048,6.846745578817049,1,Rainy,Mild,Calm,High humidity
2017-11-05,17.271428571428572,7,5.8,13.3,0.1,82,2017,11,Nov,44,Sun,Autumn,1,12.969625,6.777144454675073,0,Rainy,Cool,Calm,High humidity
2017-11-06,25.771428571428572,7,5.1,8.8,0,87,2017,11,Nov,45,Mon,Autumn,1,13.567450396825397,7.092438856599528,1,Dry,Cool,Calm,High humidity
2017-11-07,12.087142857142858,7,9.5,16.5,3.6,83,2017,11,Nov,45,Tue,Autumn,0,13.777021825396824,6.946391765757627,0,Rainy,Mild,Windy,High humidity
2017-11-08,8.314285714285715,7,6.3,14.2,1.7,82,2017,11,Nov,45,Wed,Autumn,0,13.630926587301587,7.015631391975062,0,Rainy,Cool,Windy,High humidity
2017-11-09,12.881428571428572,7,7.6,9,0.3,91,2017,11,Nov,45,Thu,Autumn,0,13.78369642857143,6.945051497401968,0,Rainy,Cool,Calm,High humidity
2017-11-10,10.9,6,9.1,17.2,0.4,76,2017,11,Nov,45,Fri,Autumn,0,13.94291865079365,6.816947591785066,0,Rainy,Mild,Windy,Low humidity
2017-11-11,9.151666666666667,6,7.9,7.3,8.2,92,2017,11,Nov,45,Sat,Autumn,0,14.02441865079365,6.7416511456068475,0,Rainy,Cool,Calm,High humidity
2017-11-12,12.634,5,6.3,18.7,2.4,77,2017,11,Nov,45,Sun,Autumn,0,14.170123412698413,6.659571078629637,0,Rainy,Cool,Windy,Low humidity
2017-11-13,6.176666666666667,6,4,12.5,0,78,2017,11,Nov,46,Mon,Autumn,0,14.038470634920635,6.780217641060118,0,Dry,Cool,Calm,Low humidity
2017-11-14,9.418333333333331,6,8.2,13,0.3,86,2017,11,Nov,46,Tue,Autumn,0,13.882831746031746,6.832442253913925,0,Rainy,Cool,Calm,High humidity
2017-11-15,11.941666666666666,6,10.2,7,0,92,2017,11,Nov,46,Wed,Autumn,0,13.568387301587302,6.691360938062164,0,Dry,Mild,Calm,High humidity
2017-11-16,16.875,8,10,11.2,0.2,87,2017,11,Nov,46,Thu,Autumn,1,13.72855396825397,6.71173431283808,0,Rainy,Mild,Calm,High humidity
2017-11-17,11.49375,8,3.6,6.7,0,88,2017,11,Nov,46,Fri,Autumn,0,13.593345634920635,6.7146319677962545,0,Dry,Cool,Calm,High humidity
2017-11-18,13.95,8,5.5,11.8,3.1,91,2017,11,Nov,46,Sat,Autumn,0,13.220845634920636,6.353081396988466,0,Rainy,Cool,Calm,High humidity
2017-11-20,10.7225,8,10.3,19.5,0.8,86,2017,11,Nov,47,Mon,Autumn,0,12.949690873015873,6.277369840321757,0,Rainy,Mild,Windy,High humidity
2017-11-21,9.09875,8,12.2,22.4,1.9,87,2017,11,Nov,47,Tue,Autumn,0,13.003190873015873,6.235970124872793,0,Rainy,Mild,Windy,High humidity
2017-11-22,11.4775,8,13.8,33,0.2,74,2017,11,Nov,47,Wed,Autumn,0,13.169565873015873,6.121638200930743,0,Rainy,Mild,Windy,Low humidity
2017-11-23,9.67,8,10.5,25.8,2.5,71,2017,11,Nov,47,Thu,Autumn,0,13.290607539682538,6.010674606014909,0,Rainy,Mild,Windy,Low humidity
2017-11-24,8.54125,8,4.7,6,0.6,88,2017,11,Nov,47,Fri,Autumn,0,13.305982539682539,5.99746193948273,0,Rainy,Cool,Calm,High humidity
2017-11-25,20.6875,8,2.2,13.3,0,85,2017,11,Nov,47,Sat,Autumn,1,13.736857539682541,6.049480128311916,0,Dry,Cool,Calm,High humidity
2017-11-26,7.915,8,3.8,15.9,0,83,2017,11,Nov,47,Sun,Autumn,0,13.558607539682539,6.142014448618984,0,Dry,Cool,Windy,High humidity
2017-11-27,6.76875,8,8.1,22.6,4.1,82,2017,11,Nov,48,Mon,Autumn,0,13.372982539682539,6.263146905651126,0,Rainy,Cool,Windy,High humidity
2017-11-28,6.1525,8,3.8,11.9,0.1,84,2017,11,Nov,48,Tue,Autumn,0,13.16510753968254,6.398958858299801,0,Rainy,Cool,Calm,High humidity
2017-11-29,7.8475,8,3.3,17.8,0,81,2017,11,Nov,48,Wed,Autumn,0,13.179274206349207,6.386264753073524,0,Dry,Cool,Windy,High humidity
2017-11-30,7.83875,8,0.9,16.9,0,75,2017,11,Nov,48,Thu,Autumn,0,13.151274206349205,6.408480125531931,0,Dry,Cool,Windy,Low humidity
2017-12-01,6.73625,8,3.2,19.4,0,82,2017,12,Dec,48,Fri,Winter,0,12.886292063492062,6.506446329153997,0,Dry,Cool,Windy,High humidity
2017-12-02,12.55625,8,3.6,8.6,0.9,90,2017,12,Dec,48,Sat,Winter,0,12.855976587301589,6.505772232780866,0,Rainy,Cool,Calm,High humidity
2017-12-03,16.15,8,7.3,9.1,0.7,93,2017,12,Dec,48,Sun,Winter,1,12.632881349206349,6.2616698237123405,0,Rainy,Cool,Calm,High humidity
2017-12-04,11.9675,8,5.8,8.3,0,93,2017,12,Dec,49,Mon,Winter,0,12.038464682539683,5.356850576326552,0,Dry,Cool,Calm,High humidity
2017-12-05,10.151428571428571,7,6.3,11.2,0,88,2017,12,Dec,49,Tue,Winter,0,11.438274206349206,4.414403758593036,0,Dry,Cool,Calm,High humidity
2017-12-06,7.378571428571429,7,8.7,20.4,0,77,2017,12,Dec,49,Wed,Winter,0,11.108512301587302,4.332376369307215,0,Dry,Cool,Windy,Low humidity
2017-12-07,8.686250000000001,8,8.6,26.3,5.5,83,2017,12,Dec,49,Thu,Winter,0,10.53900634920635,3.349993285541447,0,Rainy,Cool,Windy,High humidity
2017-12-08,6.26375,8,2.2,21.6,0.1,70,2017,12,Dec,49,Fri,Winter,0,10.344893253968253,3.4250692858531644,0,Rainy,Cool,Windy,Low humidity
2017-12-09,5.6775,8,0.1,13.3,0,84,2017,12,Dec,49,Sat,Winter,0,10.257000396825397,3.511711081857671,0,Dry,Cool,Calm,High humidity
2017-12-10,10.44375,8,1,10.5,22.4,94,2017,12,Dec,49,Sun,Winter,0,10.175744444444444,3.476921464444502,0,Rainy,Cool,Calm,High humidity
2017-12-11,9.08,8,1.2,22.5,9.6,90,2017,12,Dec,50,Mon,Winter,0,10.115077777777778,3.4797255127181024,0,Rainy,Cool,Windy,High humidity
2017-12-12,13.16875,8,-0.9,10.8,1.9,89,2017,12,Dec,50,Tue,Winter,0,10.248980555555557,3.518449178979763,0,Rainy,Cool,Calm,High humidity
2017-12-13,10.855,8,6,21.9,9.5,88,2017,12,Dec,50,Wed,Winter,0,10.189680555555556,3.4917563076258595,0,Rainy,Cool,Windy,High humidity
2017-12-14,6.37375,8,3.3,21.5,0,80,2017,12,Dec,50,Thu,Winter,0,10.19625,3.484122865167479,0,Dry,Cool,Windy,High humidity
2017-12-15,7.69625,8,3.3,17.9,0.7,86,2017,12,Dec,50,Fri,Winter,0,10.138847222222221,3.5114602785182205,0,Rainy,Cool,Windy,High humidity
2017-12-16,8.47125,8,1.7,11.1,1,88,2017,12,Dec,50,Sat,Winter,0,10.023166666666667,3.507182325963706,0,Rainy,Cool,Calm,High humidity
2017-12-17,13.15,8,3.6,13.5,3.8,95,2017,12,Dec,50,Sun,Winter,0,9.899000000000001,3.317022210441722,0,Rainy,Cool,Windy,High humidity
2017-12-18,10.825,8,2.5,8.5,0,91,2017,12,Dec,51,Mon,Winter,0,9.876708333333333,3.308170631454707,0,Dry,Cool,Calm,High humidity
2017-12-20,20.7,8,8.4,9.2,0,97,2017,12,Dec,51,Wed,Winter,1,10.101708333333333,3.7893179368877763,0,Dry,Cool,Calm,High humidity
2017-12-21,17.865,8,9.8,11.7,0.4,96,2017,12,Dec,51,Thu,Winter,1,10.339791666666667,4.045396648971407,0,Rainy,Mild,Calm,High humidity
2017-12-22,11.64625,8,9.3,6.3,0.7,95,2017,12,Dec,51,Fri,Winter,0,10.424708333333333,4.045184924496179,0,Rainy,Mild,Calm,High humidity
2017-12-23,9.965,8,9.1,16.9,0.2,94,2017,12,Dec,51,Sat,Winter,0,10.374291666666666,4.041034424491195,0,Rainy,Mild,Windy,High humidity
2017-12-24,6.48375,8,9,21.5,0,87,2017,12,Dec,51,Sun,Winter,0,10.268083333333333,4.101600607601418,0,Dry,Mild,Windy,High humidity
2017-12-25,5.31375,8,9.7,30,1.7,85,2017,12,Dec,52,Mon,Winter,0,10.1605,4.18983556171586,0,Rainy,Mild,Windy,High humidity
2017-12-26,6.7475000000000005,8,5.4,19.5,14.7,86,2017,12,Dec,52,Tue,Winter,0,9.695833333333333,3.7298438797826634,0,Rainy,Cool,Windy,High humidity
2017-12-27,4.58625,8,3.1,24.1,4.4,86,2017,12,Dec,52,Wed,Winter,0,9.584875,3.8327420974711406,0,Rainy,Cool,Windy,High humidity
2017-12-28,6.1499999999999995,8,0.5,12.7,0,89,2017,12,Dec,52,Thu,Winter,0,9.56425,3.850044747242632,0,Dry,Cool,Calm,High humidity
2017-12-29,11.11125,8,4.5,20.9,4.9,82,2017,12,Dec,52,Fri,Winter,0,9.729541666666668,3.804697745042276,0,Rainy,Cool,Windy,High humidity
2017-12-30,8.71375,8,10.8,26.8,3.7,81,2017,12,Dec,52,Sat,Winter,0,9.758416666666667,3.793191549973923,0,Rainy,Mild,Windy,High humidity
2017-12-31,9.58875,8,10.2,28.6,4,85,2017,12,Dec,52,Sun,Winter,0,9.81675,3.7760695915304483,0,Rainy,Mild,Windy,High humidity
2018-01-01,6.74125,8,6,20.8,2.3,80,2018,1,Jan,1,Mon,Winter,0,9.816916666666666,3.775929044888814,0,Rainy,Cool,Windy,High humidity
2018-01-02,6.88,8,7,22.3,7.7,86,2018,1,Jan,1,Tue,Winter,0,9.627708333333334,3.7761461060038974,0,Rainy,Cool,Windy,High humidity
2018-01-03,9.2175,8,8.4,36.1,1.8,66,2018,1,Jan,1,Wed,Winter,0,9.396625,3.5697247072747054,0,Rainy,Cool,Windy,Low humidity
2018-01-04,10.30625,8,8.2,23.2,4.4,79,2018,1,Jan,1,Thu,Winter,0,9.34125,3.5412404204252135,0,Rainy,Cool,Windy,Low humidity
2018-01-05,6.96125,8,5.4,15.2,0.8,84,2018,1,Jan,1,Fri,Winter,0,9.234910714285714,3.5638989551553193,0,Rainy,Cool,Windy,High humidity
2018-01-06,14.3875,8,3,14.9,0.2,88,2018,1,Jan,1,Sat,Winter,0,9.468541666666665,3.6662748888625387,0,Rainy,Cool,Windy,High humidity
2018-01-07,7.98125,8,3.2,25.4,0,74,2018,1,Jan,1,Sun,Winter,0,9.445041666666667,3.6737140091532505,0,Dry,Cool,Windy,Low humidity
2018-01-08,9.84375,8,3.9,18.1,0,84,2018,1,Jan,2,Mon,Winter,0,9.564375,3.6246293619973677,0,Dry,Cool,Windy,High humidity
2018-01-09,21.775,8,5.1,8.3,0,91,2018,1,Jan,2,Tue,Winter,1,10.100958333333333,4.178574735400183,0,Dry,Cool,Calm,High humidity
2018-01-10,18.7,8,6.8,10.3,0.8,92,2018,1,Jan,2,Wed,Winter,1,10.376166666666666,4.464063173205305,0,Rainy,Cool,Calm,High humidity
2018-01-11,20.9875,8,5.3,7.9,0,95,2018,1,Jan,2,Thu,Winter,1,10.773083333333334,4.8569253872129865,0,Dry,Cool,Calm,High humidity
2018-01-12,23.5375,8,5.7,7.6,0.2,93,2018,1,Jan,2,Fri,Winter,1,11.118708333333332,5.374619207475,0,Rainy,Cool,Calm,High humidity
2018-01-13,20.775,8,5.6,13.7,0.1,85,2018,1,Jan,2,Sat,Winter,1,11.449375,5.655646036053645,0,Rainy,Cool,Windy,High humidity
2018-01-14,24.4,8,3.5,7.7,0,87,2018,1,Jan,2,Sun,Winter,1,12.05025,6.042175978928852,0,Dry,Cool,Calm,High humidity
2018-01-15,17.0375,8,7.5,26.4,9.3,86,2018,1,Jan,3,Mon,Winter,1,12.361625,6.050749571957437,0,Rainy,Cool,Windy,High humidity
2018-01-16,5.718571428571429,7,5,26.5,0.1,75,2018,1,Jan,3,Tue,Winter,0,12.269869047619046,6.132103508028464,0,Rainy,Cool,Windy,Low humidity
2018-01-17,5.4557142857142855,7,4.3,27.2,1,67,2018,1,Jan,3,Wed,Winter,0,12.013392857142858,6.253723809554536,0,Rainy,Cool,Windy,Low humidity
2018-01-19,5.4383333333333335,6,2.6,16.5,0,82,2018,1,Jan,3,Fri,Winter,0,11.833837301587302,6.365355334048508,0,Dry,Cool,Windy,High humidity
2018-01-20,8.173333333333334,6,2.6,11.1,6.2,94,2018,1,Jan,3,Sat,Winter,0,11.416281746031746,6.171610688941669,0,Rainy,Cool,Calm,High humidity
2018-01-21,12.378333333333334,6,3.9,12.8,8.9,96,2018,1,Jan,3,Sun,Winter,0,11.233392857142857,6.054097222335177,0,Rainy,Cool,Calm,High humidity
2018-01-22,9.7716666666666665,6,7.4,13.3,0.1,88,2018,1,Jan,4,Mon,Winter,0,11.170906746031745,6.0593608379220845,0,Rainy,Cool,Calm,High humidity
2018-01-23,6.626666666666667,6,9.7,22.6,0.2,92,2018,1,Jan,4,Tue,Winter,0,11.059628968253968,6.112689412238082,0,Rainy,Mild,Windy,High humidity
2018-01-24,5.414,5,9.7,29.8,8.1,87,2018,1,Jan,4,Wed,Winter,0,11.023970634920634,6.143346544691832,0,Rainy,Mild,Windy,High humidity
2018-01-25,7.236,5,6.7,17.8,0.3,82,2018,1,Jan,4,Thu,Winter,0,11.088045634920634,6.091541421880052,0,Rainy,Cool,Windy,High humidity
2018-01-26,10.284,5,3.8,7.7,0,88,2018,1,Jan,4,Fri,Winter,0,11.205928968253968,6.038636202807334,0,Dry,Cool,Calm,High humidity
2018-01-27,15.816666666666666,6,6.7,18.9,1.2,89,2018,1,Jan,4,Sat,Winter,1,11.58027619047619,5.961726681444184,0,Rainy,Cool,Windy,High humidity
2018-01-28,6.55,6,10.7,23.1,0,88,2018,1,Jan,4,Sun,Winter,0,11.593609523809524,5.949598107022098,0,Dry,Mild,Windy,High humidity
2018-01-29,4.985,6,8.8,23,0.3,79,2018,1,Jan,5,Mon,Winter,0,11.389401190476189,6.070629772599692,0,Rainy,Cool,Windy,Low humidity
2018-01-30,10.037142857142856,7,3.5,9.7,0.1,90,2018,1,Jan,5,Tue,Winter,0,11.433514285714287,6.055305293123822,0,Rainy,Cool,Calm,High humidity
2018-01-31,8.632857142857143,7,6.4,24.6,2.7,78,2018,1,Jan,5,Wed,Winter,0,11.40165119047619,6.067849164617454,0,Rainy,Cool,Windy,Low humidity
2018-02-01,6.188571428571429,7,4,20.4,0.5,74,2018,2,Feb,5,Thu,Winter,0,11.383228571428571,6.0833058464239125,0,Rainy,Cool,Windy,Low humidity
2018-02-02,7.401428571428571,7,3.7,15.4,0,78,2018,2,Feb,5,Fri,Winter,0,11.400609523809523,6.070727648714757,0,Dry,Cool,Windy,Low humidity
2018-02-03,12.338571428571427,7,2.5,6.8,3.6,90,2018,2,Feb,5,Sat,Winter,0,11.504645238095238,6.058756540822015,0,Rainy,Cool,Calm,High humidity
2018-02-04,9.861428571428572,7,2.3,18.2,0,80,2018,2,Feb,5,Sun,Winter,0,11.489817857142858,6.062333703763438,0,Dry,Cool,Windy,High humidity
2018-02-05,7.644285714285714,7,0.8,15.2,0.2,85,2018,2,Feb,6,Mon,Winter,0,11.512585714285713,6.046000238126175,0,Rainy,Cool,Windy,High humidity
2018-02-06,14.35,6,0.4,12.3,0,79,2018,2,Feb,6,Tue,Winter,0,11.511335714285714,6.045389204283629,0,Dry,Cool,Calm,Low humidity
2018-02-07,15.55,6,1.4,13.1,0.3,75,2018,2,Feb,6,Wed,Winter,1,11.76362738095238,6.050918880966927,0,Rainy,Cool,Calm,Low humidity
2018-02-08,13.642857142857142,7,2.1,14.4,0,82,2018,2,Feb,6,Thu,Winter,0,11.890264285714286,6.049107736962265,0,Dry,Cool,Windy,High humidity
2018-02-09,7.75,7,4.2,22.5,5.7,78,2018,2,Feb,6,Fri,Winter,0,11.422764285714287,5.795469481152738,0,Rainy,Cool,Windy,Low humidity
2018-02-10,7.213333333333333,6,3.8,20.1,3.6,89,2018,2,Feb,6,Sat,Winter,0,11.039875396825398,5.676325793688662,0,Rainy,Cool,Windy,High humidity
2018-02-11,6.016,5,4.5,24.6,0.7,71,2018,2,Feb,6,Sun,Winter,0,10.540825396825397,5.424122756496981,0,Rainy,Cool,Windy,Low humidity
2018-02-12,5.368,5,1.9,14.3,0.1,73,2018,2,Feb,7,Mon,Winter,0,9.935175396825397,4.913220507201382,0,Rainy,Cool,Windy,Low humidity
2018-02-13,7.193333333333333,6,3.8,21.1,3.5,86,2018,2,Feb,7,Tue,Winter,0,9.482453174603174,4.487221377299336,0,Rainy,Cool,Windy,High humidity
2018-02-14,10.221666666666668,6,3.4,20.3,6.1,89,2018,2,Feb,7,Wed,Winter,0,9.009842063492064,3.499910887567261,0,Rainy,Cool,Windy,High humidity
2018-02-15,8.18,6,7,18.3,0,77,2018,2,Feb,7,Thu,Winter,0,8.714592063492063,3.156067388359944,0,Dry,Cool,Windy,Low humidity
2018-02-16,9.812,5,3.4,9.7,0,81,2018,2,Feb,7,Fri,Winter,0,8.851039682539684,3.110226210800336,0,Dry,Cool,Calm,High humidity
2018-02-18,14.6,6,5.4,9.8,0,85,2018,2,Feb,7,Sun,Winter,0,9.155849206349208,3.2124045682612636,0,Dry,Cool,Calm,High humidity
2018-02-19,16.066666666666666,6,7.7,9.4,4.7,95,2018,2,Feb,8,Mon,Winter,1,9.510126984126986,3.3704642143401435,0,Rainy,Cool,Calm,High humidity
2018-02-20,10.565714285714286,7,7.7,18.2,2.2,85,2018,2,Feb,8,Tue,Winter,0,9.589873015873016,3.366043958486144,0,Rainy,Cool,Windy,High humidity
2018-02-21,19.5625,8,4.2,11.2,0.2,81,2018,2,Feb,8,Wed,Winter,1,9.829345238095238,3.7989775196500024,0,Rainy,Cool,Calm,High humidity
2018-02-22,25.84285714285714,7,2.4,14,0,75,2018,2,Feb,8,Thu,Winter,1,10.365051587301588,4.793510244926794,1,Dry,Cool,Windy,Low humidity
2018-02-23,21.34285714285714,7,2,17.2,0,69,2018,2,Feb,8,Fri,Winter,1,10.855591269841268,5.138335605926057,0,Dry,Cool,Windy,Low humidity
2018-02-24,23.428571428571427,7,1.3,18.4,0,70,2018,2,Feb,8,Sat,Winter,1,11.456076984126984,5.519007009969464,0,Dry,Cool,Windy,Low humidity
2018-02-25,16.771428571428572,7,0.6,19.3,0,66,2018,2,Feb,8,Sun,Winter,1,11.773924603174603,5.54211714924688,0,Dry,Cool,Windy,Low humidity
2018-02-26,8.734285714285715,7,-0.5,20.1,0.1,63,2018,2,Feb,9,Mon,Winter,0,11.72226746031746,5.563663788593746,0,Rainy,Cool,Windy,Low humidity
2018-02-27,6.933333333333334,6,-2.8,12.6,0.9,71,2018,2,Feb,9,Tue,Winter,0,11.426156349206348,5.574621123141562,0,Rainy,Cool,Calm,Low humidity
2018-02-28,13.771428571428572,7,-3.3,18.6,0.7,65,2018,2,Feb,9,Wed,Winter,0,11.666870634920635,5.512370787803714,0,Rainy,Cool,Windy,Low humidity
2018-03-01,26.442857142857143,7,-2,31.2,4.2,72,2018,3,Mar,9,Thu,Spring,1,12.38213253968254,5.987156119830581,1,Rainy,Cool,Windy,Low humidity
2018-03-02,31.6125,8,-0.6,27.9,5.1,82,2018,3,Mar,9,Fri,Spring,1,13.10131111111111,6.9190557338936625,1,Rainy,Cool,Windy,High humidity
2018-03-03,55.98571428571429,7,2.2,18.5,1.8,90,2018,3,Mar,9,Sat,Spring,1,14.679739682539683,10.393447019281155,1,Rainy,Cool,Windy,High humidity
2018-03-04,38.6375,8,5.3,12.6,1.3,91,2018,3,Mar,9,Sun,Spring,1,15.761370634920635,11.140892465539528,1,Rainy,Cool,Calm,High humidity
2018-03-05,10.67625,8,6.8,17,1.1,85,2018,3,Mar,10,Mon,Spring,0,15.870531349206349,11.071986087377269,0,Rainy,Cool,Windy,High humidity
2018-03-06,9.685,8,6.3,10.7,1.1,85,2018,3,Mar,10,Tue,Spring,0,15.782078968253968,11.111703591000513,0,Rainy,Cool,Calm,High humidity
2018-03-07,13.45,8,4.8,10.3,4.9,86,2018,3,Mar,10,Wed,Spring,0,15.901698015873016,11.06498667563824,0,Rainy,Cool,Calm,High humidity
2018-03-08,6.4350000000000005,8,5.8,22.9,5,76,2018,3,Mar,10,Thu,Spring,0,15.861388492063492,11.098258237845934,0,Rainy,Cool,Windy,Low humidity
2018-03-09,7.502857142857143,7,6,11.3,6.3,87,2018,3,Mar,10,Fri,Spring,0,15.633150396825396,11.200348999799107,0,Rainy,Cool,Calm,High humidity
2018-03-10,12.101428571428572,7,10.4,17,0.7,90,2018,3,Mar,10,Sat,Spring,0,15.518198015873017,11.21891327543254,0,Rainy,Mild,Windy,High humidity
2018-03-11,13.414285714285716,7,8.1,11.3,3.6,90,2018,3,Mar,10,Sun,Spring,0,15.51057896825397,11.220308311356206,0,Rainy,Cool,Calm,High humidity
2018-03-12,12.124285714285714,7,8.3,14.8,9.7,90,2018,3,Mar,11,Mon,Spring,0,15.656388492063492,11.144144624617192,0,Rainy,Cool,Windy,High humidity
2018-03-13,8.121428571428572,7,6.9,11.6,1.3,84,2018,3,Mar,11,Tue,Spring,0,15.686658333333334,11.121631261692535,0,Rainy,Cool,Calm,High humidity
2018-03-14,9.25875,8,8,19.8,0,74,2018,3,Mar,11,Wed,Spring,0,15.79475,11.039858248715513,0,Dry,Cool,Windy,Low humidity
2018-03-15,7.6875,8,8.9,15.6,7,84,2018,3,Mar,11,Thu,Spring,0,15.872066666666667,10.972232484921596,0,Rainy,Cool,Windy,High humidity
2018-03-16,8.6925,8,8.5,11.5,1.2,81,2018,3,Mar,11,Fri,Spring,0,15.92203888888889,10.934692550353729,0,Rainy,Cool,Calm,High humidity
2018-03-17,12.03875,8,1.4,26.2,3.3,77,2018,3,Mar,11,Sat,Spring,0,15.982608333333333,10.907025833342399,0,Rainy,Cool,Windy,Low humidity
2018-03-18,15.5375,8,-0.1,23.6,4.9,78,2018,3,Mar,11,Sun,Spring,1,16.227858333333334,10.807797569980721,0,Rainy,Cool,Windy,Low humidity
2018-03-20,8.48125,8,3.7,16.6,0,73,2018,3,Mar,12,Tue,Spring,0,16.1835,10.837727579858177,0,Dry,Cool,Windy,Low humidity
2018-03-21,10.63625,8,3.8,11.9,0,76,2018,3,Mar,12,Wed,Spring,0,16.051375,10.8817700030912,0,Dry,Cool,Calm,Low humidity
2018-03-22,11.05,7,6.5,16.5,0,77,2018,3,Mar,12,Thu,Spring,0,15.884152777777778,10.920005768459534,0,Dry,Cool,Windy,Low humidity
2018-03-23,7.357142857142858,7,8.1,19.1,0.4,74,2018,3,Mar,12,Fri,Spring,0,15.777200396825398,10.989383904401897,0,Rainy,Cool,Windy,Low humidity
2018-03-24,14.78375,8,7.5,7.1,2.2,88,2018,3,Mar,12,Sat,Spring,0,15.61790873015873,10.967235584960312,0,Rainy,Cool,Calm,High humidity
2018-03-25,28.475,8,7.5,7.6,0.9,83,2018,3,Mar,12,Sun,Spring,1,15.705646825396826,11.061975444929663,1,Rainy,Cool,Calm,High humidity
2018-03-26,16.5,8,6.8,9,0.2,71,2018,3,Mar,13,Mon,Spring,1,15.544218253968255,11.012098053841378,0,Rainy,Cool,Calm,Low humidity
2018-03-27,7.91625,8,8.2,15.7,5.3,81,2018,3,Mar,13,Tue,Spring,0,15.027140873015874,10.993296714659865,0,Rainy,Cool,Windy,High humidity
2018-03-28,6.061249999999999,8,5.2,10.5,11.2,89,2018,3,Mar,13,Wed,Spring,0,14.67013492063492,11.108005297688694,0,Rainy,Cool,Calm,High humidity
2018-03-29,6.215,8,4.6,13.3,4.8,87,2018,3,Mar,13,Thu,Spring,0,14.586158730158731,11.163810234829972,0,Rainy,Cool,Calm,High humidity
2018-03-30,6.025,8,5,14.9,8.9,92,2018,3,Mar,13,Fri,Spring,0,14.555880952380953,11.18649017365544,0,Rainy,Cool,Windy,High humidity
2018-03-31,6.7925,8,5.4,14,1.4,86,2018,3,Mar,13,Sat,Spring,0,14.32325,11.27557707557087,0,Rainy,Cool,Windy,High humidity
2018-04-01,8.5,8,5.5,9.3,2,76,2018,4,Apr,13,Sun,Spring,0,13.725154761904763,11.08480528669979,0,Rainy,Cool,Calm,Low humidity
2018-04-02,8.64125,8,8.4,17.5,9.4,88,2018,4,Apr,14,Mon,Spring,0,12.959446428571429,10.588891429532874,0,Rainy,Cool,Windy,High humidity
2018-04-03,7.19625,8,10.3,21.4,3.4,84,2018,4,Apr,14,Tue,Spring,0,11.333130952380952,6.833542212683777,0,Rainy,Mild,Windy,High humidity
2018-04-04,7.48125,8,9.6,26.6,2.2,79,2018,4,Apr,14,Wed,Spring,0,10.294589285714286,4.5150057470618945,0,Rainy,Mild,Windy,Low humidity
2018-04-05,5.2825,8,7,13.6,0,67,2018,4,Apr,14,Thu,Spring,0,10.114797619047618,4.605763453839995,0,Dry,Cool,Windy,Low humidity
2018-04-06,8.105,8,9.2,16.1,0,75,2018,4,Apr,14,Fri,Spring,0,10.062130952380953,4.619859678164489,0,Dry,Mild,Windy,Low humidity
2018-04-07,15.9,7,11.3,14.4,0.6,83,2018,4,Apr,14,Sat,Spring,1,10.14379761904762,4.702724723523635,0,Rainy,Mild,Windy,High humidity
2018-04-08,17.67142857142857,7,9.8,6.3,3.9,93,2018,4,Apr,14,Sun,Spring,1,10.518345238095238,4.84253583234971,0,Rainy,Mild,Calm,High humidity
2018-04-09,18.057142857142857,7,8.7,13.2,5.8,94,2018,4,Apr,15,Mon,Spring,1,10.870154761904761,4.996832266192042,0,Rainy,Cool,Calm,High humidity
2018-04-10,19.428571428571427,7,10.3,13.4,4.5,89,2018,4,Apr,15,Tue,Spring,1,11.114392857142857,5.232598554778303,0,Rainy,Mild,Windy,High humidity
2018-04-11,36,7,10.1,10.5,1.7,88,2018,4,Apr,15,Wed,Spring,1,11.86725,6.925770617688608,1,Rainy,Mild,Calm,High humidity
2018-04-12,35.12857142857143,7,9.2,12.6,1.6,91,2018,4,Apr,15,Thu,Spring,1,12.634059523809524,8.12489949579659,1,Rainy,Mild,Calm,High humidity
2018-04-13,23.571428571428573,7,8.7,8.6,1,85,2018,4,Apr,15,Fri,Spring,1,13.149059523809523,8.316396799879852,0,Rainy,Cool,Calm,High humidity
2018-04-14,25.414285714285715,7,11,7.3,0,81,2018,4,Apr,15,Sat,Spring,1,13.687577380952382,8.5748478162773,1,Dry,Mild,Calm,High humidity
2018-04-15,32.57142857142857,7,10.5,13.2,1.2,86,2018,4,Apr,15,Sun,Spring,1,14.517041666666668,9.158133777414363,1,Rainy,Mild,Calm,High humidity
2018-04-16,11.54,8,10.6,18,0.2,73,2018,4,Apr,16,Mon,Spring,0,14.611958333333332,9.110316680433042,0,Rainy,Mild,Windy,Low humidity
2018-04-17,8.372857142857143,7,13.4,21.3,0,67,2018,4,Apr,16,Tue,Spring,0,14.489761904761904,9.17040828264011,0,Dry,Mild,Windy,Low humidity
2018-04-18,8.428571428571429,7,16.1,13.1,0,71,2018,4,Apr,16,Wed,Spring,0,14.25279761904762,9.234028087180743,0,Dry,Warm,Calm,Low humidity
2018-04-19,23.5625,8,17.4,7.5,0,70,2018,4,Apr,16,Thu,Spring,1,14.755505952380952,9.319111422013803,0,Dry,Warm,Calm,Low humidity
2018-04-20,19.9,8,16.8,7.5,0,78,2018,4,Apr,16,Fri,Spring,1,15.064297619047618,9.33138248578422,0,Dry,Warm,Calm,Low humidity
2018-04-21,26.825,8,16.3,10.5,0,76,2018,4,Apr,16,Sat,Spring,1,15.590130952380951,9.539519954794457,1,Dry,Warm,Calm,Low humidity
2018-04-22,29.5125,8,15.9,16,4.2,77,2018,4,Apr,16,Sun,Spring,1,16.328642857142857,9.735748310837435,1,Rainy,Warm,Windy,Low humidity
2018-04-23,10.22,8,11.2,18.6,0,74,2018,4,Apr,17,Mon,Spring,0,16.17651785714286,9.79618789884452,0,Dry,Mild,Windy,Low humidity
2018-04-24,6.842499999999999,8,12.3,22.4,0.7,80,2018,4,Apr,17,Tue,Spring,0,15.455434523809524,9.65484694117062,0,Rainy,Mild,Windy,High humidity
2018-04-25,6.05125,8,10.3,21.5,1.4,73,2018,4,Apr,17,Wed,Spring,0,15.107142857142858,9.803191547930819,0,Rainy,Mild,Windy,Low humidity
2018-04-26,5.8675,8,9.7,19.7,1,68,2018,4,Apr,17,Thu,Spring,0,15.03885119047619,9.861972452093715,0,Rainy,Mild,Windy,Low humidity
2018-04-27,7.43875,8,9.5,10.3,12.1,88,2018,4,Apr,17,Fri,Spring,0,15.084767857142857,9.821857194089793,0,Rainy,Mild,Calm,High humidity
2018-04-28,9.92125,8,8.5,11.7,4.1,90,2018,4,Apr,17,Sat,Spring,0,15.208309523809524,9.729317128837184,0,Rainy,Cool,Calm,High humidity
2018-04-29,6.7225,8,7.3,22.2,0.5,80,2018,4,Apr,17,Sun,Spring,0,15.231559523809524,9.707423953542198,0,Rainy,Cool,Windy,High humidity
2018-04-30,5.775,8,6.3,24.5,8.3,78,2018,4,Apr,18,Mon,Spring,0,15.197642857142856,9.739649849921072,0,Rainy,Cool,Windy,Low humidity
2018-05-01,8.19,8,8.3,17.3,0,69,2018,5,May,18,Tue,Spring,0,15.187309523809523,9.747162331551813,0,Dry,Cool,Windy,Low humidity
2018-05-02,6.16625,8,9.2,21.5,4.7,80,2018,5,May,18,Wed,Spring,0,15.104809523809525,9.814718827377568,0,Rainy,Mild,Windy,High humidity
2018-05-03,7.12125,8,9.9,8.5,0,73,2018,5,May,18,Thu,Spring,0,15.102309523809526,9.816812084523379,0,Dry,Mild,Calm,Low humidity
2018-05-04,9.888571428571428,7,13.3,4.8,0,73,2018,5,May,18,Fri,Spring,0,15.18255357142857,9.762054491627127,0,Dry,Mild,Calm,Low humidity
2018-05-05,14.285714285714286,7,13.5,8.4,0,70,2018,5,May,18,Sat,Spring,0,15.482660714285714,9.583975239049767,0,Dry,Mild,Calm,Low humidity
2018-05-06,22.228571428571428,7,14.5,8.5,0,72,2018,5,May,18,Sun,Spring,1,15.953446428571429,9.5559209271017,0,Dry,Mild,Calm,Low humidity
2018-05-07,31.35,6,16.4,7.7,0,70,2018,5,May,19,Mon,Spring,1,16.46844642857143,9.960694085950399,1,Dry,Warm,Calm,Low humidity
2018-05-08,27.433333333333337,6,16.5,9.3,0,76,2018,5,May,19,Tue,Spring,1,16.793843253968255,10.158829113092684,1,Dry,Warm,Calm,Low humidity
2018-05-09,13.114285714285714,7,13.7,10.4,0,72,2018,5,May,19,Wed,Spring,0,16.62908134920635,10.177699223037958,0,Dry,Mild,Calm,Low humidity
2018-05-10,8.30375,8,12.2,13.7,1.1,67,2018,5,May,19,Thu,Spring,0,16.25825396825397,10.274390479009869,0,Rainy,Mild,Windy,Low humidity
2018-05-11,8.84625,8,12.8,15.1,0,64,2018,5,May,19,Fri,Spring,0,15.35312896825397,9.652503016842749,0,Dry,Mild,Windy,Low humidity
2018-05-12,8.935,4,12,6.9,16.3,83,2018,5,May,19,Sat,Spring,0,14.480009920634922,8.962003641864436,0,Rainy,Mild,Calm,High humidity
2018-05-13,11.59125,8,12.1,8.4,0.3,75,2018,5,May,19,Sun,Spring,0,14.080670634920635,8.808527713427866,0,Rainy,Mild,Calm,Low humidity
2018-05-14,10.925,8,13.5,16.2,0,61,2018,5,May,20,Mon,Spring,0,13.597694444444445,8.559374977665813,0,Dry,Mild,Windy,Low humidity
2018-05-15,7.21875,8,15,13.2,0,69,2018,5,May,20,Tue,Spring,0,12.752605158730159,7.843044730555663,0,Dry,Warm,Calm,Low humidity
2018-05-16,10.04,8,12.3,20.3,0.5,72,2018,5,May,20,Wed,Spring,0,12.70260515873016,7.855812660601641,0,Rainy,Mild,Windy,Low humidity
2018-05-17,8.87625,8,10.7,15.6,0,68,2018,5,May,20,Thu,Spring,0,12.719384920634921,7.846777975491507,0,Dry,Mild,Windy,Low humidity
2018-05-18,8.571428571428571,7,10.7,8,0,72,2018,5,May,20,Fri,Spring,0,12.724146825396826,7.844127156300763,0,Dry,Mild,Calm,Low humidity
2018-05-19,13.057142857142855,7,12.5,6.9,0,75,2018,5,May,20,Sat,Spring,0,12.373968253968254,7.573415005101347,0,Dry,Mild,Calm,Low humidity
2018-05-20,15.314285714285717,7,13,8.5,0,78,2018,5,May,20,Sun,Spring,1,12.22111111111111,7.461730371765329,0,Dry,Mild,Calm,Low humidity
2018-05-21,22.742857142857144,7,15,8.7,3.7,78,2018,5,May,21,Mon,Spring,1,12.085039682539682,7.2195216432282106,0,Rainy,Warm,Calm,Low humidity
2018-05-22,18.314285714285713,7,15.2,16.4,0,73,2018,5,May,21,Tue,Spring,1,11.711765873015874,6.545412773410023,0,Dry,Warm,Windy,Low humidity
2018-05-23,15.971428571428572,7,14.4,17.9,0,75,2018,5,May,21,Wed,Spring,1,11.90348015873016,6.58432609260549,0,Dry,Mild,Windy,Low humidity
2018-05-24,17.314285714285713,7,15.5,10.5,4.5,80,2018,5,May,21,Thu,Spring,1,12.252539682539684,6.584347093485678,0,Rainy,Warm,Calm,High humidity
2018-05-25,20.11428571428571,7,15.7,7.6,0.6,80,2018,5,May,21,Fri,Spring,1,12.72130753968254,6.628085307864368,0,Rainy,Warm,Calm,High humidity
2018-05-26,33.3375,8,17.9,19.1,2.1,82,2018,5,May,21,Sat,Spring,1,13.636974206349207,7.490023896278822,1,Rainy,Warm,Windy,High humidity
2018-05-27,27.275,8,18.9,9.5,9.3,83,2018,5,May,21,Sun,Spring,1,14.29818253968254,7.793399398766292,1,Rainy,Warm,Calm,High humidity
2018-05-28,27.15,8,19.1,10.8,4.2,86,2018,5,May,22,Mon,Spring,1,14.872474206349207,8.088929210701242,1,Rainy,Warm,Calm,High humidity
2018-05-29,23.975,8,16.4,19.7,4.2,87,2018,5,May,22,Tue,Spring,1,15.44755753968254,8.102798087480657,0,Rainy,Warm,Windy,High humidity
2018-05-30,16.4875,8,16,7.9,5.8,89,2018,5,May,22,Wed,Spring,1,15.804640873015872,7.89522471192489,0,Rainy,Warm,Calm,High humidity
2018-05-31,24.225,8,17.4,10.7,4.3,88,2018,5,May,22,Thu,Spring,1,16.33914087301587,7.904716202465888,0,Rainy,Warm,Calm,High humidity
2018-06-01,27.0375,8,17.9,9.8,1.6,84,2018,6,Jun,22,Fri,Summer,1,17.034849206349207,7.896962501489106,1,Rainy,Warm,Calm,High humidity
2018-06-02,11.84625,8,18,12.1,0.4,78,2018,6,Jun,22,Sat,Summer,0,17.192349206349206,7.737941477011131,0,Rainy,Warm,Calm,Low humidity
2018-06-03,8.10125,8,18.6,5.2,0,76,2018,6,Jun,22,Sun,Summer,0,17.132771825396826,7.802724638560371,0,Dry,Warm,Calm,Low humidity
2018-06-04,13.65,8,15.8,14.8,0.2,85,2018,6,Jun,23,Mon,Summer,0,17.11158134920635,7.811581440920325,0,Rainy,Warm,Windy,High humidity
2018-06-05,8.501428571428571,7,14.5,16.5,0,76,2018,6,Jun,23,Tue,Summer,0,16.65400992063492,7.903018473218169,0,Dry,Mild,Windy,Low humidity
2018-06-06,10.46625,8,14.5,12.3,0,74,2018,6,Jun,23,Wed,Summer,0,15.957884920634921,7.471905717780601,0,Dry,Mild,Calm,Low humidity
2018-06-07,10.96,9,15.4,10,4.6,79,2018,6,Jun,23,Thu,Summer,0,15.40877380952381,7.199854221808957,0,Rainy,Warm,Calm,Low humidity
2018-06-08,11.7475,8,16.5,9.2,0,75,2018,6,Jun,23,Fri,Summer,0,15.363214285714287,7.21917251879239,0,Dry,Warm,Calm,Low humidity
2018-06-09,11.47625,8,15.7,9.2,1.8,80,2018,6,Jun,23,Sat,Summer,0,15.468964285714286,7.134940898937676,0,Rainy,Warm,Calm,High humidity
2018-06-10,12.99625,8,16.6,10.6,0,78,2018,6,Jun,23,Sun,Summer,0,15.60729761904762,7.041732632115752,0,Dry,Warm,Calm,Low humidity
2018-06-11,9.645,8,16.2,12.8,0,72,2018,6,Jun,24,Mon,Summer,0,15.630964285714287,7.0196929627607,0,Dry,Warm,Calm,Low humidity
2018-06-12,8.435,8,14.6,13.5,0.4,75,2018,6,Jun,24,Tue,Summer,0,15.525755952380953,7.1054547675093485,0,Rainy,Mild,Windy,Low humidity
2018-06-13,6.697777777777778,9,14.7,11.8,0.1,72,2018,6,Jun,24,Wed,Summer,0,15.384848544973545,7.240469913628324,0,Rainy,Mild,Calm,Low humidity
2018-06-14,8.9275,8,16.7,22.1,0.8,72,2018,6,Jun,24,Thu,Summer,0,15.44180687830688,7.18048742406502,0,Rainy,Warm,Windy,Low humidity
2018-06-15,9.584444444444443,9,16,9.1,0.1,68,2018,6,Jun,24,Fri,Summer,0,15.426621693121692,7.192776187458299,0,Rainy,Warm,Calm,Low humidity
2018-06-16,7.041111111111111,9,15.4,16.9,0.7,70,2018,6,Jun,24,Sat,Summer,0,15.365450396825397,7.257913659042587,0,Rainy,Warm,Windy,Low humidity
2018-06-17,6.625,8,15.1,19,0.2,75,2018,6,Jun,24,Sun,Summer,0,15.300569444444445,7.329092864358507,0,Rainy,Warm,Windy,Low humidity
2018-06-18,6.3244444444444445,9,18.6,20.1,0.6,74,2018,6,Jun,25,Mon,Summer,0,15.076146164021164,7.501216791217523,0,Rainy,Warm,Windy,Low humidity
2018-06-19,4.567142857142857,7,19.5,16.8,0,76,2018,6,Jun,25,Tue,Summer,0,14.717908068783068,7.742207987631605,0,Dry,Warm,Windy,Low humidity
2018-06-20,5.3725,8,18.8,18.5,0.1,76,2018,6,Jun,25,Wed,Summer,0,14.138896164021164,7.770836177311017,0,Rainy,Warm,Windy,Low humidity
2018-06-21,5.35,7,15.1,16.9,0,52,2018,6,Jun,25,Thu,Summer,0,13.706753306878307,7.890193272314133,0,Dry,Warm,Windy,Low humidity
2018-06-22,6.235,8,15.2,8.9,0,59,2018,6,Jun,25,Fri,Summer,0,13.382205687830687,7.99339760973837,0,Dry,Warm,Calm,Low humidity
2018-06-23,7.697777777777778,9,17,10.1,0,58,2018,6,Jun,25,Sat,Summer,0,13.061655423280424,8.023041491038443,0,Dry,Warm,Calm,Low humidity
2018-06-24,8.717777777777778,9,17.9,6.1,0,59,2018,6,Jun,25,Sun,Summer,0,12.681771825396826,7.947038009871804,0,Dry,Warm,Calm,Low humidity
2018-06-25,10.446666666666667,9,20.2,6.8,0,57,2018,6,Jun,26,Mon,Summer,0,11.918744047619047,6.929141927614526,0,Dry,Warm,Calm,Low humidity
2018-06-26,11.364444444444445,9,19.1,10.5,0,63,2018,6,Jun,26,Tue,Summer,0,11.388392195767198,6.292939903683811,0,Dry,Warm,Calm,Low humidity
2018-06-27,9.691428571428572,7,17.7,14.9,0,66,2018,6,Jun,26,Wed,Summer,0,10.806439814814814,5.548292791378127,0,Dry,Warm,Windy,Low humidity
2018-06-28,12.133333333333333,9,19.7,15.8,0,64,2018,6,Jun,26,Thu,Summer,0,10.411717592592593,4.970251274242118,0,Dry,Warm,Windy,Low humidity
2018-06-29,11.22222222222222,9,19.6,15.6,0,62,2018,6,Jun,26,Fri,Summer,0,10.236208333333334,4.839550474401003,0,Dry,Warm,Windy,Low humidity
2018-06-30,9.757777777777775,9,19.3,16.4,0,60,2018,6,Jun,26,Sat,Summer,0,9.753967592592593,4.054721107702321,0,Dry,Warm,Windy,Low humidity
2018-07-01,9.54888888888889,9,22.3,14.6,0,52,2018,7,Jul,26,Sun,Summer,0,9.17101388888889,2.4062322010312425,0,Dry,Warm,Windy,Low humidity
2018-07-02,10.158888888888889,9,21.6,18.1,0,45,2018,7,Jul,27,Mon,Summer,0,9.11476851851852,2.3608352647249524,0,Dry,Warm,Windy,Low humidity
2018-07-03,6.661111111111111,9,19.5,20.2,0,52,2018,7,Jul,27,Tue,Summer,0,9.06676388888889,2.3965264577592875,0,Dry,Warm,Windy,Low humidity
2018-07-04,8.802222222222222,9,19.2,7.9,0.8,66,2018,7,Jul,27,Wed,Summer,0,8.905171296296295,2.2348138615943562,0,Rainy,Warm,Calm,Low humidity
2018-07-05,15.033333333333331,9,22,6.2,0.2,67,2018,7,Jul,27,Thu,Summer,1,9.122901455026456,2.496939961625668,0,Rainy,Warm,Calm,Low humidity
2018-07-06,17.711111111111112,9,22.9,7.8,0,63,2018,7,Jul,27,Fri,Summer,1,9.364396825396826,2.9420244340929953,0,Dry,Warm,Calm,Low humidity
2018-07-07,20.68888888888889,9,23.3,9.3,0,62,2018,7,Jul,27,Sat,Summer,1,9.688693121693122,3.589029518833806,0,Dry,Warm,Calm,Low humidity
2018-07-08,14.811111111111112,9,22.7,8.9,0,57,2018,7,Jul,27,Sun,Summer,0,9.790813492063494,3.691745110749602,0,Dry,Warm,Calm,Low humidity
2018-07-09,10.78111111111111,9,21.5,9.9,0.4,64,2018,7,Jul,28,Mon,Summer,0,9.767642195767197,3.682972762931713,0,Rainy,Warm,Calm,Low humidity
2018-07-10,7.65875,8,17.7,12.9,0,63,2018,7,Jul,28,Tue,Summer,0,9.589725529100528,3.650405034371081,0,Dry,Warm,Calm,Low humidity
2018-07-11,7.89625,8,18,10.6,0.3,69,2018,7,Jul,28,Wed,Summer,0,9.531433862433863,3.663431202473027,0,Rainy,Warm,Calm,Low humidity
2018-07-12,9.935,8,18.5,7,0.3,71,2018,7,Jul,28,Thu,Summer,0,9.581433862433864,3.6581831532315867,0,Rainy,Warm,Calm,Low humidity
2018-07-13,12.03875,8,19.1,5.9,5.4,76,2018,7,Jul,28,Fri,Summer,0,9.75946626984127,3.642937804318174,0,Rainy,Warm,Calm,Low humidity
2018-07-14,11.34,7,20.6,6,0.8,69,2018,7,Jul,28,Sat,Summer,0,9.839882936507937,3.650558735352371,0,Rainy,Warm,Calm,Low humidity
2018-07-15,11.018571428571429,7,21.7,6.7,0,57,2018,7,Jul,28,Sun,Summer,0,9.88768716931217,3.6564835836395617,0,Dry,Warm,Calm,Low humidity
2018-07-16,9.67,7,21.9,9.1,0,54,2018,7,Jul,29,Mon,Summer,0,9.9753167989418,3.6172018029478763,0,Dry,Warm,Calm,Low humidity
2018-07-17,8.666666666666666,6,19.2,15.8,0.1,58,2018,7,Jul,29,Tue,Summer,0,10.043372354497356,3.5709040358797415,0,Rainy,Warm,Windy,Low humidity
2018-07-18,5.348,5,20,6.6,0,60,2018,7,Jul,29,Wed,Summer,0,10.010824206349207,3.610204066537035,0,Dry,Warm,Calm,Low humidity
2018-07-19,7.972,5,21.5,7.6,0,54,2018,7,Jul,29,Thu,Summer,0,10.124319444444444,3.4844993263257096,0,Dry,Warm,Calm,Low humidity
2018-07-20,8.63,6,20.2,6.8,0.8,62,2018,7,Jul,29,Fri,Summer,0,10.232902777777777,3.380521401637146,0,Rainy,Warm,Calm,Low humidity
2018-07-21,13.468571428571428,7,21.4,5.7,0,64,2018,7,Jul,29,Sat,Summer,0,10.503521825396826,3.3001546226750844,0,Dry,Warm,Calm,Low humidity
2018-07-22,12.575714285714286,7,22.5,6.8,0,62,2018,7,Jul,29,Sun,Summer,0,10.714878968253968,3.2194085087329083,0,Dry,Warm,Calm,Low humidity
2018-07-23,8.342857142857143,7,24,12.6,0,58,2018,7,Jul,30,Mon,Summer,0,10.736381613756613,3.200661894211297,0,Dry,Warm,Calm,Low humidity
2018-07-24,7.335714285714285,7,22.9,12.3,0.3,65,2018,7,Jul,30,Tue,Summer,0,10.690312830687832,3.2404180611341844,0,Rainy,Warm,Calm,Low humidity
2018-07-25,8.176666666666666,6,23.6,7.2,0,58,2018,7,Jul,30,Wed,Summer,0,10.614646164021165,3.2726466004313797,0,Dry,Warm,Calm,Low humidity
2018-07-26,17.37142857142857,7,25.4,11.1,6,60,2018,7,Jul,30,Thu,Summer,1,10.814878968253968,3.496231336202738,0,Rainy,Warm,Calm,Low humidity
2018-07-27,15.425,8,23.2,9.5,6.2,70,2018,7,Jul,30,Fri,Summer,1,11.005998015873017,3.5882021891358944,0,Rainy,Warm,Calm,Low humidity
2018-07-28,9.44,8,18.4,26.8,1.8,66,2018,7,Jul,30,Sat,Summer,0,10.916220238095239,3.592714452312089,0,Rainy,Warm,Windy,Low humidity
2018-07-29,5.83125,8,18.1,27.4,6.7,82,2018,7,Jul,30,Sun,Summer,0,10.736521164021164,3.7097952789089774,0,Rainy,Warm,Windy,High humidity
2018-07-30,4.628888888888889,9,19.6,19.7,0.4,75,2018,7,Jul,31,Mon,Summer,0,10.5655582010582,3.8711275764527477,0,Rainy,Warm,Windy,Low humidity
2018-07-31,5.758888888888889,9,18.7,14.1,4.2,70,2018,7,Jul,31,Tue,Summer,0,10.43922486772487,3.9661276290822793,0,Rainy,Warm,Windy,Low humidity
2018-08-01,6.292222222222223,9,18.6,9.8,0,68,2018,8,Aug,31,Wed,Summer,0,10.31033597883598,4.037733894347561,0,Dry,Warm,Calm,Low humidity
2018-08-02,6.677777777777778,9,21.1,9.4,0,70,2018,8,Aug,31,Thu,Summer,0,10.310891534391535,4.037215593633831,0,Dry,Warm,Calm,Low humidity
2018-08-03,8.287777777777778,9,24.4,6.3,0,65,2018,8,Aug,31,Fri,Summer,0,10.293743386243387,4.044929849543431,0,Dry,Warm,Calm,Low humidity
2018-08-04,7.054444444444444,9,23.1,10.9,0,61,2018,8,Aug,31,Sat,Summer,0,10.027780423280424,3.984407207161084,0,Dry,Warm,Calm,Low humidity
2018-08-05,7.303333333333334,9,21.5,6.9,0,64,2018,8,Aug,31,Sun,Summer,0,9.680854497354497,3.7378208501506736,0,Dry,Warm,Calm,Low humidity
2018-08-06,8.61,9,23.1,6.5,0,59,2018,8,Aug,32,Mon,Summer,0,9.278224867724868,3.108799669439136,0,Dry,Warm,Calm,Low humidity
2018-08-07,12.03125,8,23,9.4,5.2,64,2018,8,Aug,32,Tue,Summer,0,9.185562830687832,2.976825176198871,0,Rainy,Warm,Calm,Low humidity
2018-08-08,8.652222222222223,9,19.1,17.7,0.4,56,2018,8,Aug,32,Wed,Summer,0,9.114599867724868,2.9628199602335634,0,Rainy,Warm,Windy,Low humidity
2018-08-09,6.647777777777778,9,15.7,9.2,10.5,81,2018,8,Aug,32,Thu,Summer,0,9.080900793650793,2.98561150060781,0,Rainy,Warm,Calm,High humidity
2018-08-10,7.79,9,14.6,16,5.5,74,2018,8,Aug,32,Fri,Summer,0,9.077359126984128,2.9871278789935487,0,Rainy,Mild,Windy,Low humidity
2018-08-11,5.095714285714285,7,15.5,11,0.1,72,2018,8,Aug,32,Sat,Summer,0,8.916049603174603,3.068765790880915,0,Rainy,Warm,Calm,Low humidity
2018-08-12,5.59125,8,17.7,14.6,6.6,82,2018,8,Aug,32,Sun,Summer,0,8.701132936507937,3.068301452639112,0,Rainy,Warm,Windy,High humidity
2018-08-13,6.07375,8,18.5,11.5,1,79,2018,8,Aug,33,Mon,Summer,0,8.52559126984127,3.0627619704304636,0,Rainy,Warm,Calm,Low humidity
2018-08-14,5.64,8,18.7,13.7,0,70,2018,8,Aug,33,Tue,Summer,0,8.346305555555556,3.069214218331795,0,Dry,Warm,Windy,Low humidity
2018-08-15,6.26,8,19,17.7,0,77,2018,8,Aug,33,Wed,Summer,0,8.23263888888889,3.081620163764325,0,Dry,Warm,Windy,Low humidity
2018-08-16,7.333333333333333,6,17.2,17.8,9.4,78,2018,8,Aug,33,Thu,Summer,0,8.188194444444445,3.084757930976545,0,Rainy,Warm,Windy,Low humidity
2018-08-17,6.861428571428571,7,16.2,12.3,0,70,2018,8,Aug,33,Fri,Summer,0,8.238642063492064,3.048874680025275,0,Dry,Warm,Calm,Low humidity
2018-08-18,6.57,8,18.3,16.2,0.1,73,2018,8,Aug,33,Sat,Summer,0,8.191908730158731,3.063811103349236,0,Rainy,Warm,Windy,Low humidity
2018-08-19,7.785,8,20,20.7,0,77,2018,8,Aug,33,Sun,Summer,0,8.163742063492064,3.063528874341567,0,Dry,Warm,Windy,Low humidity
2018-08-20,6.01625,8,20.3,9.2,1.4,79,2018,8,Aug,34,Mon,Summer,0,7.91533134920635,2.917192419946497,0,Rainy,Warm,Calm,Low humidity
2018-08-21,6.477777777777778,9,20.4,8.3,0.1,76,2018,8,Aug,34,Tue,Summer,0,7.7120667989418,2.790984461519224,0,Rainy,Warm,Calm,Low humidity
2018-08-22,8.475555555555555,9,19.4,11.4,0,79,2018,8,Aug,34,Wed,Summer,0,7.716490079365079,2.792123560463826,0,Dry,Warm,Calm,Low humidity
2018-08-23,6.3625,8,18.2,16,1,76,2018,8,Aug,34,Thu,Summer,0,7.6840496031746035,2.802335188331967,0,Rainy,Warm,Windy,Low humidity
2018-08-24,5.795,8,14.2,19.4,3.9,67,2018,8,Aug,34,Fri,Summer,0,7.604660714285714,2.8215681118642317,0,Rainy,Mild,Windy,Low humidity
2018-08-25,3.94,8,13.3,13.1,1.1,69,2018,8,Aug,34,Sat,Summer,0,7.156946428571429,2.2198376223103855,0,Rainy,Mild,Calm,Low humidity
2018-08-26,7.23,8,14.3,18.3,12.9,86,2018,8,Aug,34,Sun,Summer,0,6.883779761904762,1.5790516484342692,0,Rainy,Mild,Windy,High humidity
2018-08-27,5.175714285714285,7,16.7,17.1,0,73,2018,8,Aug,35,Mon,Summer,0,6.741636904761905,1.532248822353091,0,Dry,Warm,Windy,Low humidity
2018-08-28,5.841428571428572,7,16.3,6.7,0,76,2018,8,Aug,35,Tue,Summer,0,6.741976190476191,1.5320413970735764,0,Dry,Warm,Calm,Low humidity
2018-08-29,8.891428571428571,7,15.4,10.1,1.2,79,2018,8,Aug,35,Wed,Summer,0,6.884060846560846,1.5269616048407693,0,Rainy,Warm,Calm,Low humidity
2018-08-30,7.895714285714286,7,15,8.1,0,69,2018,8,Aug,35,Thu,Summer,0,6.9552883597883595,1.5224976136607922,0,Dry,Warm,Calm,Low humidity
2018-09-10,6.056666666666667,9,16.4,16.5,0,72,2018,9,Sep,37,Mon,Autumn,0,6.947436507936508,1.52663688546401,0,Dry,Warm,Windy,Low humidity
2018-09-11,6.64,9,18.9,22.4,1.5,81,2018,9,Sep,37,Tue,Autumn,0,6.946177248677249,1.5268825466352747,0,Rainy,Warm,Windy,High humidity
2018-09-12,5.772222222222222,9,14.1,8.7,3.3,79,2018,9,Sep,37,Wed,Autumn,0,6.862325396825397,1.519721883109446,0,Rainy,Mild,Calm,Low humidity
2018-09-13,9.096666666666668,9,13.2,9.2,0,70,2018,9,Sep,37,Thu,Autumn,0,6.930399470899471,1.5734152646160438,0,Dry,Mild,Calm,Low humidity
2018-09-14,6.753333333333333,9,13.6,14.7,0,74,2018,9,Sep,37,Fri,Autumn,0,6.912066137566138,1.5721237740917033,0,Dry,Mild,Windy,Low humidity
2018-09-15,6.125,8,15,11.3,0,76,2018,9,Sep,37,Sat,Autumn,0,6.829232804232804,1.5448052498754106,0,Dry,Warm,Calm,Low humidity
2018-09-16,6.607777777777778,9,17.1,17.3,0,75,2018,9,Sep,37,Sun,Autumn,0,6.648450396825397,1.1921274173984568,0,Dry,Warm,Windy,Low humidity
2018-09-17,6.705555555555556,9,19.2,16.2,0,68,2018,9,Sep,38,Mon,Autumn,0,6.583561507936508,1.13069566675813,0,Dry,Warm,Windy,Low humidity
2018-09-18,7.651111111111111,9,18.9,26.6,0,72,2018,9,Sep,38,Tue,Autumn,0,6.617005952380953,1.1473761751828981,0,Dry,Warm,Windy,Low humidity
2018-09-19,7.503333333333334,9,18.8,29.2,0.2,76,2018,9,Sep,38,Wed,Autumn,0,6.6074503968253975,1.1384292334125405,0,Rainy,Warm,Windy,Low humidity
2018-09-20,7.953333333333333,9,18.5,32.2,3,78,2018,9,Sep,38,Thu,Autumn,0,6.702704365079366,1.1270723092835937,0,Rainy,Warm,Windy,Low humidity
2018-09-21,6.45625,8,13.8,29.7,6.4,65,2018,9,Sep,38,Fri,Autumn,0,6.731537698412699,1.1085706210739636,0,Rainy,Mild,Windy,Low humidity
2018-09-22,5.362222222222222,9,11.7,13.3,5.1,82,2018,9,Sep,38,Sat,Autumn,0,6.707820105820106,1.1305232283684967,0,Rainy,Mild,Calm,High humidity
2018-09-23,5.942222222222222,9,10.3,14.9,13.3,78,2018,9,Sep,38,Sun,Autumn,0,6.71789417989418,1.1219941615568716,0,Rainy,Mild,Windy,Low humidity
2018-09-24,4.90375,8,9.7,7.9,0,71,2018,9,Sep,39,Mon,Autumn,0,6.672685846560848,1.1674817325875493,0,Dry,Mild,Calm,Low humidity
2018-09-25,10.22375,8,10,6.9,0,74,2018,9,Sep,39,Tue,Autumn,0,6.769033068783069,1.331611833585546,0,Dry,Mild,Calm,Low humidity
2018-09-26,8.0575,8,12.4,9.8,0,75,2018,9,Sep,39,Wed,Autumn,0,6.808902116402117,1.3522195809775726,0,Dry,Mild,Calm,Low humidity
2018-09-27,11.3525,8,13.7,9.4,0,72,2018,9,Sep,39,Thu,Autumn,0,6.968318783068783,1.5849641936396752,0,Dry,Mild,Calm,Low humidity
2018-09-28,7.659,10,12.4,15.1,0,68,2018,9,Sep,39,Fri,Autumn,0,6.964118783068783,1.5828910312965154,0,Dry,Mild,Windy,Low humidity
2018-09-29,7.15,10,10.2,5.7,0,76,2018,9,Sep,39,Sat,Autumn,0,7.001910449735449,1.572983402883017,0,Dry,Mild,Calm,Low humidity
2018-09-30,11.608,10,10.3,11.9,0.1,76,2018,9,Sep,39,Sun,Autumn,0,7.172917857142858,1.779365119944852,0,Rainy,Mild,Calm,Low humidity
2018-10-01,5.95,10,10.4,13.6,0,65,2018,10,Oct,40,Mon,Autumn,0,7.088732671957672,1.775349556858256,0,Dry,Mild,Windy,Low humidity
2018-10-02,5.577,10,14.7,19.1,0.4,77,2018,10,Oct,40,Tue,Autumn,0,7.062549338624339,1.7921425261919046,0,Rainy,Mild,Windy,Low humidity
2018-10-03,4.4319999999999995,10,13.9,10.1,0.1,81,2018,10,Oct,40,Wed,Autumn,0,7.0171160052910055,1.8419690837116467,0,Rainy,Mild,Calm,High humidity
2018-10-04,10.8825,12,13.3,11,0,88,2018,10,Oct,40,Thu,Autumn,0,7.248532671957673,1.8778068036513273,0,Dry,Mild,Calm,High humidity
2018-10-05,15.127692307692309,13,14.4,7.8,0,85,2018,10,Oct,40,Fri,Autumn,1,7.511789082214082,2.36541378127383,0,Dry,Mild,Calm,High humidity
2018-10-06,15.176923076923076,13,10.4,18.1,7.6,91,2018,10,Oct,40,Sat,Autumn,1,7.845162708587709,2.705187754346499,0,Rainy,Mild,Windy,High humidity
2018-10-07,7.2069230769230765,13,9.4,11.2,0,73,2018,10,Oct,40,Sun,Autumn,0,7.890679192104192,2.6816967713370086,0,Dry,Mild,Calm,Low humidity
2018-10-08,8.71076923076923,13,11.4,12.8,0,78,2018,10,Oct,41,Mon,Autumn,0,7.884657214082214,2.6795740143518523,0,Dry,Mild,Calm,Low humidity
2018-10-09,9.529285714285717,14,13.3,12.3,0,80,2018,10,Oct,41,Tue,Autumn,0,7.939109595034595,2.6963520621221986,0,Dry,Mild,Calm,High humidity
2018-10-10,28.48,15,15.7,13,0,82,2018,10,Oct,41,Wed,Autumn,1,8.68655403947904,4.595588252349015,1,Dry,Warm,Calm,High humidity
2018-10-11,20.0125,16,16.9,19.8,1.2,81,2018,10,Oct,41,Thu,Autumn,1,9.13230403947904,5.019243612331041,0,Rainy,Warm,Windy,High humidity
2018-10-12,7.72125,16,17.8,29.4,0,69,2018,10,Oct,41,Fri,Autumn,0,9.197271632071631,4.986760702441066,0,Dry,Warm,Windy,Low humidity
2018-10-13,7.61625,16,20.7,27.5,0,68,2018,10,Oct,41,Sat,Autumn,0,9.147924409849411,4.9951084361937585,0,Dry,Warm,Windy,Low humidity
2018-10-14,7.075625,16,13.5,16.1,16.3,90,2018,10,Oct,41,Sun,Autumn,0,9.158667465404966,4.99012485647728,0,Rainy,Mild,Windy,High humidity
2018-10-15,5.722666666666667,15,13.2,13,4.4,93,2018,10,Oct,42,Mon,Autumn,0,9.145256354293855,4.999091654990852,0,Rainy,Mild,Calm,High humidity
2018-10-16,20.018421052631577,19,15.1,11.5,0,87,2018,10,Oct,42,Tue,Autumn,1,9.59227779678898,5.351534333010658,0,Dry,Warm,Calm,High humidity
2018-10-17,10.6485,20,13,7.6,1,91,2018,10,Oct,42,Wed,Autumn,0,9.723709278270462,5.3265531483352175,0,Rainy,Mild,Calm,High humidity
2018-10-18,12.34142857142857,21,11.6,12.1,0,82,2018,10,Oct,42,Thu,Autumn,0,9.880053193614378,5.332452283629771,0,Dry,Mild,Calm,High humidity
2018-10-19,13.592380952380951,21,8.7,6.4,0,82,2018,10,Oct,42,Fri,Autumn,0,10.083021447582633,5.354704892506471,0,Dry,Cool,Calm,High humidity
2018-10-20,22.868181818181817,22,9.8,7.4,0,89,2018,10,Oct,42,Sat,Autumn,1,10.580183063744247,5.822141844744973,0,Dry,Mild,Calm,High humidity
2018-10-21,22.136363636363637,22,11.7,9.8,0.4,85,2018,10,Oct,42,Sun,Autumn,1,11.102853518289702,6.134598566358546,0,Rainy,Mild,Calm,High humidity
2018-10-22,9.978823529411764,17,9.1,12.5,0.1,74,2018,10,Oct,43,Mon,Autumn,0,11.256740228529354,6.042846582278056,0,Rainy,Mild,Calm,Low humidity
2018-10-23,11.169545454545457,22,10.9,14.9,0,77,2018,10,Oct,43,Tue,Autumn,0,11.430984336273463,5.959103498613029,0,Dry,Mild,Windy,Low humidity
2018-10-24,12.223809523809525,21,11.6,9.1,0,85,2018,10,Oct,43,Wed,Autumn,0,11.674986320400446,5.831112141388214,0,Dry,Mild,Calm,High humidity
2018-10-25,14.483181818181816,22,9.2,9.2,0,84,2018,10,Oct,43,Thu,Autumn,0,11.816967381006508,5.8463938540599,0,Dry,Mild,Calm,High humidity
2018-10-26,7.811304347826087,23,8,14.9,1.4,79,2018,10,Oct,43,Fri,Autumn,0,11.808760859267377,5.85202302993399,0,Rainy,Cool,Windy,Low humidity
2018-10-27,5.478260869565218,23,4.9,18.4,0.2,72,2018,10,Oct,43,Sat,Autumn,0,11.612952888252885,5.965000985767446,0,Rainy,Cool,Windy,Low humidity
2018-10-28,5.956086956521739,23,6,20.3,0.8,78,2018,10,Oct,43,Sun,Autumn,0,11.55618912013694,6.011843457628614,0,Rainy,Cool,Windy,Low humidity
2018-10-29,5.958695652173914,23,4.8,15.8,0,77,2018,10,Oct,44,Mon,Autumn,0,11.516478975209404,6.045789970644143,0,Dry,Cool,Windy,Low humidity
2018-10-30,9.688181818181818,22,6.2,19,0,80,2018,10,Oct,44,Tue,Autumn,0,11.452485035815466,6.054941419953935,0,Dry,Cool,Windy,High humidity
2018-10-31,13.249130434782607,23,7.1,11.2,1.2,79,2018,10,Oct,44,Wed,Autumn,0,11.695789383641552,5.972297644046056,0,Rainy,Cool,Calm,Low humidity
2018-11-01,18.50304347826087,23,8.7,9.4,6.7,92,2018,11,Nov,44,Thu,Autumn,1,12.126657499583581,5.981902419426126,0,Rainy,Cool,Calm,High humidity
2018-11-02,14.251739130434782,23,4.4,8.9,0,85,2018,11,Nov,44,Fri,Autumn,0,12.453982137264742,5.812606737498092,0,Dry,Cool,Calm,High humidity
2018-11-03,13.555217391304348,23,9,17.1,0,75,2018,11,Nov,44,Sat,Autumn,0,12.543072716974885,5.808170714737938,0,Dry,Mild,Windy,Low humidity
2018-11-04,18.184782608695652,23,9.6,12.1,0.2,81,2018,11,Nov,44,Sun,Autumn,1,12.644975727008331,5.881436810920429,0,Rainy,Mild,Calm,High humidity
2018-11-05,43.12608695652174,23,11.1,9.6,0.2,90,2018,11,Nov,45,Mon,Autumn,1,13.576614522994953,8.093838714347523,1,Rainy,Mild,Calm,High humidity
2018-11-06,31.921739130434784,23,12,14.7,0.5,91,2018,11,Nov,45,Tue,Autumn,1,14.400441724778677,8.661063124348678,1,Rainy,Mild,Windy,High humidity
2018-11-07,10.29304347826087,23,11.6,25.4,6.2,86,2018,11,Nov,45,Wed,Autumn,0,14.453184199695064,8.629982445103858,0,Rainy,Mild,Windy,High humidity
2018-11-08,9.155217391304348,23,9.3,16.9,0,78,2018,11,Nov,45,Thu,Autumn,0,14.440715255595684,8.63760887421259,0,Dry,Mild,Windy,Low humidity
2018-11-09,11.072272727272727,22,10.4,22.6,4.7,83,2018,11,Nov,45,Fri,Autumn,0,13.86045767983811,8.237392138706396,0,Rainy,Mild,Windy,High humidity
2018-11-10,12.47,22,11,18.4,7.4,89,2018,11,Nov,45,Sat,Autumn,0,13.609041013171442,8.157868395096806,0,Rainy,Mild,Windy,High humidity
2018-11-11,9.356818181818182,22,10.2,17.5,0.2,83,2018,11,Nov,45,Sun,Autumn,0,13.663559952565382,8.122552325958287,0,Rainy,Mild,Windy,High humidity
2018-11-12,9.152272727272727,22,10.8,18,1.1,85,2018,11,Nov,46,Mon,Autumn,0,13.71476071014114,8.087885665460718,0,Rainy,Mild,Windy,High humidity
2018-11-13,8.611428571428572,21,10,17.2,0,83,2018,11,Nov,46,Tue,Autumn,0,13.765954162522092,8.049181141566466,0,Dry,Mild,Windy,High humidity
2018-11-15,23.60909090909091,22,12.3,9.1,0,94,2018,11,Nov,46,Thu,Autumn,1,14.362168303936235,8.095164420048022,0,Dry,Mild,Calm,High humidity
2018-11-16,24.9,22,10.4,9.7,0.6,93,2018,11,Nov,46,Fri,Autumn,1,14.524887602181847,8.26016050866327,1,Rainy,Mild,Calm,High humidity
2018-11-17,26.613636363636363,22,8,14.6,0,86,2018,11,Nov,46,Sat,Autumn,1,15.05705881430306,8.512247924350008,1,Dry,Cool,Windy,High humidity
2018-11-18,20.908636363636365,22,7.2,18.2,0,79,2018,11,Nov,46,Sun,Autumn,1,15.342632407376652,8.561566729265772,0,Dry,Cool,Windy,Low humidity
2018-11-19,10.569090909090908,22,6.6,22.6,1.4,78,2018,11,Nov,47,Mon,Autumn,0,15.241856072600319,8.600583306443294,0,Rainy,Cool,Windy,Low humidity
2018-11-20,14.34909090909091,22,3.9,18.3,6.7,88,2018,11,Nov,47,Tue,Autumn,0,14.95788637563062,8.47989098969582,0,Rainy,Cool,Windy,High humidity
2018-11-21,25.886363636363637,22,2.9,11.4,0.9,88,2018,11,Nov,47,Wed,Autumn,1,15.08288637563062,8.615904127656545,1,Rainy,Cool,Calm,High humidity
2018-11-22,47.052173913043475,23,0.6,8.4,0,95,2018,11,Nov,47,Thu,Autumn,1,16.31866472175168,10.343996690837207,1,Dry,Cool,Calm,High humidity
2018-11-23,45.321739130434786,23,6.6,11.4,0,92,2018,11,Nov,47,Fri,Autumn,1,17.457071177614655,11.565012003850025,1,Dry,Cool,Calm,High humidity
2018-11-24,32.278260869565216,23,7.5,16.5,2.1,92,2018,11,Nov,47,Sat,Autumn,1,18.125552889139847,11.828676696347832,1,Rainy,Cool,Windy,High humidity
2018-11-25,25.543478260869566,23,6.2,16.3,0.3,86,2018,11,Nov,47,Sun,Autumn,1,18.494229437229436,11.883473393756743,1,Rainy,Cool,Windy,High humidity
2018-11-26,13.475454545454545,22,5.5,10.9,0,87,2018,11,Nov,48,Mon,Autumn,0,18.683034443817053,11.752160549912599,0,Dry,Cool,Calm,High humidity
2018-11-27,20.040909090909093,22,5.3,13.7,4.2,94,2018,11,Nov,48,Tue,Autumn,1,19.168456051195182,11.485663934451154,0,Rainy,Cool,Windy,High humidity
2018-11-28,8.41090909090909,22,11.8,25.4,4,89,2018,11,Nov,48,Wed,Autumn,0,19.25028345567476,11.396688950841227,0,Rainy,Mild,Windy,High humidity
2018-11-29,6.844285714285714,21,11.5,28.8,4.4,84,2018,11,Nov,48,Thu,Autumn,0,19.27980312441182,11.362168599955272,0,Rainy,Mild,Windy,High humidity
2018-11-30,7.206818181818182,22,8.5,17.1,0.4,82,2018,11,Nov,48,Fri,Autumn,0,19.1970910031997,11.443142669998968,0,Rainy,Cool,Windy,High humidity
2018-12-01,6.266818181818182,22,9.9,18.1,6.3,90,2018,12,Dec,48,Sat,Winter,0,18.96434726143422,11.63764483467718,0,Rainy,Mild,Windy,High humidity
2018-12-02,4.541363636363636,22,12.9,24.3,2.7,89,2018,12,Dec,48,Sun,Winter,0,18.498957933370978,11.932165425224829,0,Rainy,Mild,Windy,High humidity
2018-12-03,7.883636363636364,22,9.7,20.4,1.3,87,2018,12,Dec,49,Mon,Winter,0,18.286687841144364,12.066218170235953,0,Rainy,Mild,Windy,High humidity
2018-12-04,8.797619047619047,21,4.5,6,2.1,91,2018,12,Dec,49,Tue,Winter,0,18.128101229688188,12.161437258486192,0,Rainy,Cool,Calm,High humidity
2018-12-05,10.82681818181818,22,10.2,16.9,10.4,92,2018,12,Dec,49,Wed,Winter,0,17.88283574879227,12.234232634157156,0,Rainy,Mild,Windy,High humidity
2018-12-06,6.921363636363636,22,11.3,18.9,1.7,93,2018,12,Dec,49,Thu,Winter,0,16.676011638120332,11.416649068379892,0,Rainy,Mild,Windy,High humidity
2018-12-07,5.7681818181818185,22,9.9,28.3,8.2,84,2018,12,Dec,49,Fri,Winter,0,15.804226394378569,11.208993713240204,0,Rainy,Mild,Windy,High humidity
2018-12-08,7.747619047619048,21,9.3,31.1,0.2,76,2018,12,Dec,49,Sat,Winter,0,15.719378913357174,11.261659817938543,0,Rainy,Mild,Windy,Low humidity
2018-12-09,6.593333333333334,21,8,23.3,1.1,79,2018,12,Dec,49,Sun,Winter,0,15.633982778091475,11.322699492669583,0,Rainy,Cool,Windy,Low humidity
2018-12-10,6.942380952380953,21,6.1,11.9,0.1,88,2018,12,Dec,50,Mon,Winter,0,15.496319718928415,11.404881593076727,0,Rainy,Cool,Calm,High humidity
2018-12-11,15.9,21,4.7,6.4,0,93,2018,12,Dec,50,Tue,Winter,1,15.610653052261748,11.390680679315373,0,Dry,Cool,Calm,High humidity
2018-12-12,15.509090909090908,22,5,13.8,0.1,83,2018,12,Dec,50,Wed,Winter,1,15.815728809837506,11.329422735541476,0,Rainy,Cool,Windy,High humidity
2018-12-13,16.96818181818182,22,2.4,17.2,0,82,2018,12,Dec,50,Thu,Winter,1,16.07625911286781,11.260564366798851,0,Dry,Cool,Windy,High humidity
2018-12-15,18.92857142857143,14,2.6,22.2,10,79,2018,12,Dec,50,Sat,Winter,1,16.42016387477257,11.181994242410688,0,Rainy,Cool,Windy,Low humidity
2018-12-16,7.767727272727273,22,6.1,13.1,4.4,90,2018,12,Dec,50,Sun,Winter,0,15.892118420227117,11.204820220545393,0,Rainy,Cool,Calm,High humidity
2018-12-17,7.602608695652174,23,6.4,14.8,0,90,2018,12,Dec,51,Mon,Winter,0,15.315538710082189,11.170300223053975,0,Dry,Cool,Windy,High humidity
2018-12-18,7.936521739130435,23,8.8,24.5,5.8,86,2018,12,Dec,51,Tue,Winter,0,14.692968222598658,11.038596340104702,0,Rainy,Cool,Windy,High humidity
2018-12-19,5.758260869565217,23,7.4,17,0.1,89,2018,12,Dec,51,Wed,Winter,0,14.18795570612962,11.090864524967884,0,Rainy,Cool,Windy,High humidity
2018-12-20,6.075652173913044,23,7.6,18.9,0.7,86,2018,12,Dec,51,Thu,Winter,0,14.038174414957023,11.171471138494956,0,Rainy,Cool,Windy,High humidity
2018-12-21,8.220434782608695,23,10.8,26.2,4.6,83,2018,12,Dec,51,Fri,Winter,0,13.833885877407617,11.22151361373629,0,Rainy,Mild,Windy,High humidity
2018-12-22,8.689130434782609,23,8.6,18,0.1,87,2018,12,Dec,51,Sat,Winter,0,13.26064477068825,11.022073140554262,0,Rainy,Cool,Windy,High humidity
2018-12-23,7.484782608695652,23,9,14.3,4.4,93,2018,12,Dec,51,Sun,Winter,0,11.941731727209989,9.025641607920383,0,Rainy,Mild,Windy,High humidity
2018-12-24,17.31,23,3.9,7.7,0,94,2018,12,Dec,52,Mon,Winter,1,11.00800708952883,6.567532853423209,0,Dry,Cool,Calm,High humidity
2018-12-25,22.25217391304348,23,4.5,9.9,0,91,2018,12,Dec,52,Tue,Winter,1,10.673804190978105,5.637005166015529,0,Dry,Cool,Calm,High humidity
2018-12-26,16.182608695652174,23,7,6.5,0,92,2018,12,Dec,52,Wed,Winter,1,10.361775205470858,5.009707292367838,0,Dry,Cool,Calm,High humidity
2018-12-27,35.53913043478261,23,3.1,3.2,0,98,2018,12,Dec,52,Thu,Winter,1,11.09723106844846,6.786892044329142,1,Dry,Cool,Calm,High humidity
2018-12-28,28.74782608695652,23,6.2,7,0,95,2018,12,Dec,52,Fri,Winter,1,11.387461634983374,7.345705570452123,1,Dry,Cool,Calm,High humidity
2018-12-29,12.91391304347826,23,8.4,15,0,94,2018,12,Dec,52,Sat,Winter,0,11.53756176673568,7.328773258765913,0,Dry,Cool,Windy,High humidity
2018-12-30,15.96695652173913,23,8,10.6,1,95,2018,12,Dec,52,Sun,Winter,1,11.841650793650793,7.316573535182167,0,Rainy,Cool,Calm,High humidity
2018-12-31,7.431304347826087,23,7.2,8.9,0,92,2018,12,Dec,1,Mon,Winter,0,11.849133665851058,7.311783128922121,0,Dry,Cool,Calm,High humidity
2019-01-01,7.91695652173913,23,6.8,12.7,0.2,87,2019,1,Jan,1,Tue,Winter,0,11.904138277181755,7.274452246042638,0,Rainy,Cool,Calm,High humidity
2019-01-02,7.772173913043479,23,3.7,8.9,0,81,2019,1,Jan,1,Wed,Winter,0,12.011831953071084,7.18505813135826,0,Dry,Cool,Calm,High humidity
2019-01-03,9.229565217391304,23,1.9,6,0,87,2019,1,Jan,1,Thu,Winter,0,12.05669624819625,7.1625592021226785,0,Dry,Cool,Calm,High humidity
2019-01-04,19.847826086956523,23,-0.5,6.5,0,90,2019,1,Jan,1,Fri,Winter,1,12.42503648284083,7.2724687728370565,0,Dry,Cool,Calm,High humidity
2019-01-05,21.35217391304348,23,1.9,8.7,0,89,2019,1,Jan,1,Sat,Winter,1,12.775881673881674,7.444558230154149,0,Dry,Cool,Calm,High humidity
2019-01-06,16.830434782608695,23,5,8.3,0,90,2019,1,Jan,1,Sun,Winter,1,13.106184045423175,7.395508888281818,0,Dry,Cool,Calm,High humidity
2019-01-07,11.674782608695653,23,6.8,16.4,0,91,2019,1,Jan,2,Mon,Winter,0,13.303070738440304,7.2709926801106475,0,Dry,Cool,Windy,High humidity
2019-01-08,8.64,23,5.8,16.3,0,79,2019,1,Jan,2,Tue,Winter,0,13.332816770186335,7.249274262137451,0,Dry,Cool,Windy,Low humidity
2019-01-09,8.588695652173913,23,3.7,17.1,0,79,2019,1,Jan,2,Wed,Winter,0,13.399328847481023,7.194252195681418,0,Dry,Cool,Windy,Low humidity
2019-01-10,20.943478260869565,23,2.6,7.8,0.1,89,2019,1,Jan,2,Thu,Winter,1,13.866032091097308,7.21504255183852,0,Rainy,Cool,Calm,High humidity
2019-01-11,18.63478260869565,23,4.8,7.9,0,91,2019,1,Jan,2,Fri,Winter,1,13.957191511387164,7.258771118964297,0,Dry,Cool,Calm,High humidity
2019-01-12,8.283478260869565,23,7.1,18.3,1.5,89,2019,1,Jan,2,Sat,Winter,0,13.716337756446451,7.325075734428374,0,Rainy,Cool,Windy,High humidity
2019-01-14,7.1,23,6.8,15.1,0.1,77,2019,1,Jan,3,Mon,Winter,0,13.387398362507058,7.395247081967717,0,Rainy,Cool,Windy,Low humidity
2019-01-15,7.231739130434782,23,5.9,16.2,0,87,2019,1,Jan,3,Tue,Winter,0,12.99750395256917,7.401369199527006,0,Dry,Cool,Windy,High humidity
2019-01-16,6.636521739130435,23,7,21.2,2.3,88,2019,1,Jan,3,Wed,Winter,0,12.959797101449276,7.431750597137441,0,Rainy,Cool,Windy,High humidity
2019-01-17,8.141304347826088,23,2.3,14.2,1,80,2019,1,Jan,3,Thu,Winter,0,12.977753623188407,7.419000125272137,0,Rainy,Cool,Windy,High humidity
2019-01-18,9.71608695652174,23,1.3,11.5,0,82,2019,1,Jan,3,Fri,Winter,0,13.037072463768116,7.384336198530765,0,Dry,Cool,Calm,High humidity
2019-01-19,12.606521739130434,23,3.3,13.7,1.1,88,2019,1,Jan,3,Sat,Winter,0,13.265347826086956,7.256305695776869,0,Rainy,Cool,Windy,High humidity
2019-01-20,23.63478260869565,23,0.9,7.3,0,87,2019,1,Jan,3,Sun,Winter,1,13.850652173913042,7.363753767537395,0,Dry,Cool,Calm,High humidity
2019-01-21,34.12173913043478,23,1.9,9.9,0.1,85,2019,1,Jan,4,Mon,Winter,1,14.714028985507246,8.156605636728614,1,Rainy,Cool,Calm,High humidity
2019-01-22,13.085909090909093,22,2.8,12.5,9.5,90,2019,1,Jan,4,Tue,Winter,0,14.860588274044796,8.083792283868533,0,Rainy,Cool,Calm,High humidity
2019-01-23,14.16318181818182,22,-0.4,11.2,0,90,2019,1,Jan,4,Wed,Winter,0,15.08320158102767,7.964750789424587,0,Dry,Cool,Calm,High humidity
2019-01-24,27.685,20,0.5,7.2,0.1,94,2019,1,Jan,4,Thu,Winter,1,15.429034914361003,8.283633781911403,1,Rainy,Cool,Calm,High humidity
2019-01-25,23.304761904761904,21,6.1,11.9,1.1,94,2019,1,Jan,4,Fri,Winter,1,15.464121180751615,8.315697637603318,0,Rainy,Cool,Calm,High humidity
2019-01-26,8.658181818181818,22,7.6,22.4,1.2,89,2019,1,Jan,4,Sat,Winter,0,15.213306951502604,8.406260683667195,0,Rainy,Cool,Windy,High humidity
2019-01-27,6.655,22,4.9,27.3,2.9,76,2019,1,Jan,4,Sun,Winter,0,14.250502603676518,7.614838266691469,0,Rainy,Cool,Windy,Low humidity
2019-01-28,6.874545454545454,22,1.6,15.8,0,72,2019,1,Jan,5,Mon,Winter,0,13.521393249262815,7.215575669854146,0,Dry,Cool,Windy,Low humidity
2019-01-29,9.5885,20,1.4,9.5,3.9,86,2019,1,Jan,5,Tue,Winter,0,13.41054614781354,7.250687101535982,0,Rainy,Cool,Calm,High humidity
2019-01-30,10.056363636363637,22,-0.3,9.6,0.4,87,2019,1,Jan,5,Wed,Winter,0,13.21352638496769,7.259125630349407,0,Rainy,Cool,Calm,High humidity
2019-01-31,20.44761904761905,21,-0.8,14.6,1.3,87,2019,1,Jan,5,Thu,Winter,1,13.647403541627455,7.290529440004412,0,Rainy,Cool,Windy,High humidity
2019-02-01,16.561904761904763,21,1.4,21.2,14.9,92,2019,2,Feb,5,Fri,Winter,1,13.93556848296631,7.226788978526251,0,Rainy,Cool,Windy,High humidity
2019-02-02,14.35909090909091,22,1.5,18.3,0.7,82,2019,2,Feb,5,Sat,Winter,0,14.155132382834557,7.132522837270622,0,Rainy,Cool,Windy,High humidity
2019-02-03,10.045,22,0.8,11.5,0,82,2019,2,Feb,5,Sun,Winter,0,14.182313542254848,7.114636178309815,0,Dry,Cool,Calm,High humidity
2019-02-04,11.225909090909092,22,6.6,20.8,6.6,91,2019,2,Feb,6,Mon,Winter,0,13.894916309053265,7.051749037962971,0,Rainy,Cool,Windy,High humidity
2019-02-05,16.044545454545453,22,6.4,13.9,1.3,94,2019,2,Feb,6,Tue,Winter,1,13.717995360436666,6.923620126850714,0,Rainy,Cool,Windy,High humidity
2019-02-06,8.746666666666666,21,9,13.6,12.2,91,2019,2,Feb,6,Wed,Winter,0,13.448536423238599,6.955542420224592,0,Rainy,Mild,Windy,High humidity
2019-02-07,6.78952380952381,21,7.2,29.1,0.4,73,2019,2,Feb,6,Thu,Winter,0,13.285694463266202,7.05497687306248,0,Rainy,Cool,Windy,Low humidity
2019-02-08,7.47409090909091,22,8.8,32.1,6.8,86,2019,2,Feb,6,Fri,Winter,0,13.246830826902567,7.084600125142454,0,Rainy,Cool,Windy,High humidity
2019-02-09,7.525217391304348,23,7.8,30.1,2.2,71,2019,2,Feb,6,Sat,Winter,0,13.211381551540248,7.111322071488021,0,Rainy,Cool,Windy,Low humidity
2019-02-10,5.644761904761904,21,5.3,17.6,6.4,86,2019,2,Feb,6,Sun,Winter,0,12.701424339669991,7.086224784377333,0,Rainy,Cool,Windy,High humidity
2019-02-11,6.790869565217391,23,4.2,10,0,83,2019,2,Feb,7,Mon,Winter,0,12.306627238220718,7.0741804545456395,0,Dry,Cool,Calm,High humidity
2019-02-13,12.77904761904762,21,7,12.9,0,87,2019,2,Feb,7,Wed,Winter,0,12.456479550159987,7.033517356842762,0,Dry,Cool,Calm,High humidity
2019-02-14,24.022727272727273,22,4.6,9.3,0,86,2019,2,Feb,7,Thu,Winter,1,13.020570459250894,7.263942319140444,0,Dry,Cool,Calm,High humidity
2019-02-15,29.23913043478261,23,5.7,11.3,0,83,2019,2,Feb,7,Fri,Winter,1,13.754150169395821,7.753904080616269,1,Dry,Cool,Calm,High humidity
2019-02-16,26.66521739130435,23,8.6,13.6,0,91,2019,2,Feb,7,Sat,Winter,1,14.42177335780162,7.978918833804871,1,Dry,Cool,Windy,High humidity
2019-02-17,21.943478260869565,23,9.3,16.6,0,84,2019,2,Feb,7,Sun,Winter,1,14.881845821569735,8.002182849704369,0,Dry,Mild,Windy,High humidity
2019-02-18,11.935217391304349,23,7.6,14.6,3,90,2019,2,Feb,8,Mon,Winter,0,14.955816836062489,7.962945182851096,0,Rainy,Cool,Windy,High humidity
2019-02-19,8.421739130434782,23,6.5,16.2,0,82,2019,2,Feb,8,Tue,Winter,0,14.816324082439301,8.041782313875286,0,Dry,Cool,Windy,High humidity
2019-02-20,9.778260869565218,23,8.5,19.2,0.1,82,2019,2,Feb,8,Wed,Winter,0,14.354440024468285,7.91474918328791,0,Rainy,Cool,Windy,High humidity
2019-02-21,14.145454545454546,22,8.9,13.8,0,88,2019,2,Feb,8,Thu,Winter,0,13.688563871635612,6.979403723801714,0,Dry,Cool,Windy,High humidity
2019-02-22,26.995652173913044,23,7.2,7,0,92,2019,2,Feb,8,Fri,Winter,1,14.15222197440241,7.388052459223087,1,Dry,Cool,Calm,High humidity
2019-02-23,34.84782608695652,23,8,9.4,0,88,2019,2,Feb,8,Sat,Winter,1,14.8417101166949,8.298239006334457,1,Dry,Cool,Calm,High humidity
2019-02-24,36.052173913043475,23,6.2,8.1,0,85,2019,2,Feb,8,Sun,Winter,1,15.120615913796348,8.865979872137308,1,Dry,Cool,Calm,High humidity
2019-02-25,37.24782608695652,23,7.3,7.9,0,72,2019,2,Feb,9,Mon,Winter,1,15.585384719869502,9.641353562244573,1,Dry,Cool,Calm,Low humidity
2019-02-26,35.58695652173913,23,8.9,7.5,0,71,2019,2,Feb,9,Tue,Winter,1,16.483010543321413,10.21091374848389,1,Dry,Cool,Calm,Low humidity
2019-02-27,42.75217391304348,23,8.6,6.6,0,83,2019,2,Feb,9,Wed,Winter,1,17.686249673756198,11.100894105874861,1,Dry,Cool,Calm,High humidity
2019-02-28,30.98695652173913,23,8,15.7,3.5,90,2019,2,Feb,9,Thu,Winter,1,18.48999670932932,11.163828944194902,1,Rainy,Cool,Windy,High humidity
2019-03-01,21.52173913043478,23,8.6,10.5,1,86,2019,3,Mar,9,Fri,Spring,1,18.887771347010478,11.047716728890387,0,Rainy,Cool,Calm,High humidity
2019-03-02,11.630434782608695,23,10.2,21.7,0.9,83,2019,3,Mar,9,Sat,Spring,0,18.940240385218647,11.007993779742359,0,Rainy,Mild,Windy,High humidity
2019-03-03,7.381739130434783,23,10.7,30.4,4,87,2019,3,Mar,9,Sun,Spring,0,18.50471105464584,11.203044646945004,0,Rainy,Mild,Windy,High humidity
2019-03-04,5.751304347826087,23,6.6,23,3,74,2019,3,Mar,10,Mon,Spring,0,18.14435770750988,11.43906995522669,0,Rainy,Cool,Windy,Low humidity
2019-03-05,5.379130434782609,23,7.1,19.2,2.5,78,2019,3,Mar,10,Tue,Spring,0,17.845025691699608,11.656953104441092,0,Rainy,Cool,Windy,Low humidity
2019-03-06,8.075652173913044,23,10.6,27.2,4.1,84,2019,3,Mar,10,Wed,Spring,0,17.779380764163374,11.70782687680302,0,Rainy,Mild,Windy,High humidity
2019-03-07,5.737826086956522,23,7.7,28.8,1,73,2019,3,Mar,10,Thu,Spring,0,17.59644466403162,11.855698723876701,0,Rainy,Cool,Windy,Low humidity
2019-03-08,6.026363636363636,22,7.1,18.2,1.9,82,2019,3,Mar,10,Fri,Spring,0,17.262505270092227,12.04056805421067,0,Rainy,Cool,Windy,High humidity
2019-03-09,9.2195,20,8.8,23.6,0.8,73,2019,3,Mar,10,Sat,Spring,0,17.27826638120334,12.029340663633594,0,Rainy,Cool,Windy,Low humidity
2019-03-10,6.842608695652174,23,7.1,29.1,7.2,70,2019,3,Mar,10,Sun,Spring,0,17.280035877407617,12.02774838319242,0,Rainy,Cool,Windy,Low humidity
2019-03-11,5.556086956521739,23,6.1,23.4,0,59,2019,3,Mar,11,Mon,Spring,0,17.216102412321977,12.086622700540486,0,Dry,Cool,Windy,Low humidity
2019-03-12,6.3539130434782605,23,6.8,31.5,7.8,82,2019,3,Mar,11,Tue,Spring,0,17.177058934061108,12.120850053337978,0,Rainy,Cool,Windy,High humidity
2019-03-13,7.469565217391304,23,7.8,32.3,0.1,63,2019,3,Mar,11,Wed,Spring,0,17.237885711148756,12.065433294636646,0,Rainy,Cool,Windy,Low humidity
2019-03-15,5.608260869565218,23,11.4,29.7,3.8,82,2019,3,Mar,11,Fri,Spring,0,17.198465421293683,12.102617479584989,0,Rainy,Mild,Windy,High humidity
2019-03-16,5.920454545454545,22,10.5,36.1,3.8,79,2019,3,Mar,11,Sat,Spring,0,16.969845652173912,12.252827135410483,0,Rainy,Mild,Windy,Low humidity
2019-03-17,4.810869565217391,23,6.1,21.3,1.1,73,2019,3,Mar,11,Sun,Spring,0,16.329450395256917,12.372962443576498,0,Rainy,Cool,Windy,Low humidity
2019-03-18,6.513478260869565,23,6.3,11.3,0.5,81,2019,3,Mar,12,Mon,Spring,0,15.571928656126483,12.250396311586407,0,Rainy,Cool,Calm,High humidity
2019-03-19,12.000434782608696,23,8.1,9,0.1,87,2019,3,Mar,12,Tue,Spring,0,15.083102569169961,12.083930722051466,0,Rainy,Cool,Calm,High humidity
2019-03-20,9.396956521739131,23,10.5,10.8,0,84,2019,3,Mar,12,Wed,Spring,0,14.664885177865614,12.055389977551473,0,Dry,Mild,Calm,High humidity
2019-03-21,10.305217391304348,23,10.5,7.3,0,88,2019,3,Mar,12,Thu,Spring,0,14.61055184453228,12.071778789970494,0,Dry,Mild,Calm,High humidity
2019-03-22,13.504347826086956,23,9.9,12.1,0,84,2019,3,Mar,12,Fri,Spring,0,14.779972134387352,12.017470958548692,0,Dry,Mild,Calm,High humidity
2019-03-23,13.627272727272729,22,9.1,10.4,0,75,2019,3,Mar,12,Sat,Spring,0,14.90827252964427,11.982726662174294,0,Dry,Mild,Calm,Low humidity
2019-03-24,11.038636363636364,22,7.3,10.3,0,72,2019,3,Mar,12,Sun,Spring,0,14.804711923583662,12.002954892452943,0,Dry,Cool,Calm,Low humidity
2019-03-25,8.076363636363636,22,7.4,15.8,0,66,2019,3,Mar,13,Mon,Spring,0,14.174068972332016,11.836205689915532,0,Dry,Cool,Windy,Low humidity
2019-03-26,12.171739130434782,23,6.9,8.8,0,78,2019,3,Mar,13,Tue,Spring,0,13.418199407114626,11.176086102367275,0,Dry,Cool,Calm,Low humidity
2019-03-27,10.874782608695652,23,8.3,7.9,0,75,2019,3,Mar,13,Wed,Spring,0,12.578953030303031,10.33121191459527,0,Dry,Cool,Calm,Low humidity
2019-03-28,15.439130434782609,23,8.6,4.3,0,76,2019,3,Mar,13,Thu,Spring,1,11.8519965085639,9.245796048361138,0,Dry,Cool,Calm,Low humidity
2019-03-29,25.556521739130435,23,9.1,6.6,0,74,2019,3,Mar,13,Fri,Spring,1,11.517648682476944,8.509973101324558,1,Dry,Mild,Calm,Low humidity
2019-03-30,41.30909090909091,22,10.8,4.6,0.1,78,2019,3,Mar,13,Sat,Spring,1,11.469545915678525,8.329496136291443,1,Rainy,Mild,Calm,Low humidity
2019-03-31,27.381818181818183,22,8,19.9,0.5,78,2019,3,Mar,13,Sun,Spring,1,11.34937463768116,8.059846256073788,1,Rainy,Cool,Windy,Low humidity
2019-04-01,9.89608695652174,23,7.5,14,0,77,2019,4,Apr,14,Mon,Spring,0,10.961852898550726,7.830097505088646,0,Dry,Cool,Windy,Low humidity
2019-04-02,19.182608695652178,23,5.3,10.3,3.9,87,2019,4,Apr,14,Tue,Spring,1,11.21359202898551,7.972441817961793,0,Rainy,Cool,Calm,High humidity
2019-04-03,12.15391304347826,23,3.2,6.5,1.1,84,2019,4,Apr,14,Wed,Spring,0,11.372664492753623,7.940895921822023,0,Rainy,Cool,Calm,High humidity
2019-04-04,8.563478260869566,23,5.2,17.3,3.6,82,2019,4,Apr,14,Thu,Spring,0,11.466403623188405,7.888676388833131,0,Rainy,Cool,Windy,High humidity
2019-04-05,9.950869565217392,23,8.7,18.3,0,66,2019,4,Apr,14,Fri,Spring,0,11.618794927536234,7.8108026325737905,0,Dry,Cool,Windy,Low humidity
2019-04-06,16.214285714285715,21,8.2,17.1,0.3,83,2019,4,Apr,14,Sat,Spring,1,11.890082712215323,7.8248218186625165,0,Rainy,Cool,Windy,High humidity
2019-04-07,40.78095238095238,21,9.7,10.3,6.1,89,2019,4,Apr,14,Sun,Spring,1,13.058186922015183,9.343087659915396,1,Rainy,Mild,Calm,High humidity
2019-04-08,45.74545454545454,22,9.5,4.5,2,88,2019,4,Apr,15,Mon,Spring,1,14.382156618984881,10.982634218299506,1,Rainy,Mild,Calm,High humidity
2019-04-09,42.22727272727273,22,8.9,16.1,6.7,85,2019,4,Apr,15,Tue,Spring,1,15.482415709893973,12.049194768517724,1,Rainy,Cool,Windy,High humidity
2019-04-10,12.935454545454546,22,7,19.5,0,69,2019,4,Apr,15,Wed,Spring,0,15.685510571554051,11.949481395131773,0,Dry,Cool,Windy,Low humidity
2019-04-11,9.239090909090908,22,5.9,12.9,0,65,2019,4,Apr,15,Thu,Spring,0,15.808277369973021,11.860412297092122,0,Dry,Cool,Calm,Low humidity
2019-04-12,12.118181818181816,22,5.2,10.7,0.1,70,2019,4,Apr,15,Fri,Spring,0,16.00041966246314,11.748127152869587,0,Rainy,Cool,Calm,Low humidity
2019-04-13,14.347619047619048,21,4.5,12.9,1.4,72,2019,4,Apr,15,Sat,Spring,0,16.229688123470734,11.642543281657536,0,Rainy,Cool,Calm,Low humidity
2019-04-14,16.2,22,4.6,12.9,0,68,2019,4,Apr,15,Sun,Spring,1,16.582746094485223,11.46864131453237,0,Dry,Cool,Calm,Low humidity
2019-04-15,31.408695652173915,23,7.8,16.8,0,70,2019,4,Apr,16,Mon,Spring,1,17.43235413137587,11.59493286944432,1,Dry,Cool,Windy,Low humidity
2019-04-16,42.49130434782609,23,10.2,6.8,0.3,80,2019,4,Apr,16,Tue,Spring,1,18.688368624129495,12.205359930950102,1,Rainy,Mild,Calm,High humidity
2019-04-17,43.55652173913043,23,10.8,7,0,79,2019,4,Apr,16,Wed,Spring,1,19.923136740071524,12.790906030385683,1,Dry,Mild,Calm,Low humidity
2019-04-18,55.16086956521739,23,12.9,15.2,0,74,2019,4,Apr,16,Thu,Spring,1,21.361817899491815,14.216849570094269,1,Dry,Mild,Windy,Low humidity
2019-04-19,27.295652173913044,23,13.8,11.6,0,68,2019,4,Apr,16,Fri,Spring,1,21.958441087897608,14.072251056112046,1,Dry,Mild,Calm,Low humidity
2019-04-20,26.269565217391303,23,13.9,10.4,0,69,2019,4,Apr,16,Sat,Spring,1,22.49058601543384,13.917381920141217,1,Dry,Mild,Calm,Low humidity
2019-04-21,28.286956521739132,23,13.2,9.9,0,67,2019,4,Apr,16,Sun,Spring,1,22.983339638622247,13.84977693842142,1,Dry,Mild,Calm,Low humidity
2019-04-22,41.75217391304348,23,14.5,11,0,69,2019,4,Apr,17,Mon,Spring,1,23.920836344814607,14.143402831324305,1,Dry,Mild,Calm,Low humidity
2019-04-23,30.795652173913044,23,14,12.9,0.1,69,2019,4,Apr,17,Tue,Spring,1,24.579403538490496,13.98193435349224,1,Rainy,Mild,Calm,Low humidity
2019-04-24,24.182608695652178,23,12.4,15.5,5.3,77,2019,4,Apr,17,Wed,Spring,1,25.116278373800114,13.631227133982092,0,Rainy,Mild,Windy,Low humidity
2019-04-25,6.749130434782609,23,11.4,19.2,4.4,75,2019,4,Apr,17,Thu,Spring,0,24.93552475061171,13.843100003113635,0,Rainy,Mild,Windy,Low humidity
2019-04-26,6.635652173913043,23,10.8,20.1,1.1,79,2019,4,Apr,17,Fri,Spring,0,24.794220402785623,14.012178166805171,0,Rainy,Mild,Windy,Low humidity
2019-04-27,6.528260869565218,23,9.5,31.2,0.3,61,2019,4,Apr,17,Sat,Spring,0,24.497191417278373,14.308634667249153,0,Rainy,Mild,Windy,Low humidity
2019-04-28,6.42304347826087,23,10.1,18.3,1.7,68,2019,4,Apr,17,Sun,Spring,0,23.85940880858272,14.681355051731877,0,Rainy,Mild,Windy,Low humidity
2019-04-29,12.561304347826088,23,9.1,8.4,0,79,2019,4,Apr,18,Mon,Spring,0,22.901149256540563,14.439327661800592,0,Dry,Mild,Calm,Low humidity
2019-04-30,20.191304347826087,23,9.9,6.9,0,80,2019,4,Apr,18,Tue,Spring,1,22.66146546207416,14.422055346600454,0,Dry,Mild,Calm,High humidity
2019-05-01,16.973913043478262,23,11.3,7.4,0.2,77,2019,5,May,18,Wed,Spring,1,22.897392998306042,14.263043929904857,0,Rainy,Mild,Calm,Low humidity
2019-05-02,10.55913043478261,23,11.2,11.9,7.2,78,2019,5,May,18,Thu,Spring,0,22.609943722943726,14.426451436378569,0,Rainy,Mild,Calm,Low humidity
2019-05-03,10.455454545454543,22,9.2,9.9,1.6,85,2019,5,May,18,Fri,Spring,0,22.553328439676264,14.472160434036535,0,Rainy,Mild,Calm,High humidity
2019-05-04,6.996086956521739,23,7.4,20.5,1.1,65,2019,5,May,18,Sat,Spring,0,22.501082062864672,14.527132005972197,0,Rainy,Cool,Windy,Low humidity
2019-05-05,8.722173913043479,23,7.6,11.2,0.4,65,2019,5,May,18,Sun,Spring,0,22.460125541125542,14.565416667471013,0,Rainy,Cool,Calm,Low humidity
2019-05-06,7.5456521739130435,23,8.4,10.7,0.2,67,2019,5,May,19,Mon,Spring,0,22.171171089779783,14.778030850398316,0,Rainy,Cool,Calm,Low humidity
2019-05-07,8.939565217391305,23,10.2,10.3,0.5,65,2019,5,May,19,Tue,Spring,0,21.109791517661083,14.536839426706997,0,Rainy,Mild,Calm,Low humidity
2019-05-08,10.23047619047619,21,10.8,19.3,12.6,81,2019,5,May,19,Wed,Spring,0,19.92595890582847,13.893276883892074,0,Rainy,Mild,Windy,High humidity
2019-05-09,10.754285714285714,21,10.7,8.7,6.3,85,2019,5,May,19,Thu,Spring,0,18.876859338728902,13.327989511992234,0,Rainy,Mild,Calm,High humidity
2019-05-10,11.922857142857143,21,10,5.4,1.8,81,2019,5,May,19,Fri,Spring,0,18.843106091975656,13.34482659115784,0,Rainy,Mild,Calm,High humidity
2019-05-11,13.010909090909092,22,9.9,10.2,3,81,2019,5,May,19,Sat,Spring,0,18.968833364702927,13.268774206704997,0,Rainy,Mild,Calm,High humidity
2019-05-12,8.924090909090909,22,9.9,8.1,0,71,2019,5,May,19,Sun,Spring,0,18.862363667733234,13.338272712973064,0,Dry,Mild,Calm,Low humidity
2019-05-13,6.886190476190476,21,10,10.8,0,70,2019,5,May,20,Mon,Spring,0,18.61364938201895,13.494016670815354,0,Dry,Mild,Calm,Low humidity
2019-05-14,7.49,22,11,14.4,0,69,2019,5,May,20,Tue,Spring,0,18.323316048685616,13.64064307357128,0,Dry,Mild,Windy,Low humidity
2019-05-15,11.773181818181818,22,12,11.1,0,71,2019,5,May,20,Wed,Spring,0,17.668798920885877,13.461019686883397,0,Dry,Mild,Calm,Low humidity
2019-05-16,12.222727272727273,22,11.6,15.4,0,66,2019,5,May,20,Thu,Spring,0,16.659846351715917,12.646024101138325,0,Dry,Mild,Windy,Low humidity
2019-05-17,11.432173913043478,23,11.5,13.7,1.8,80,2019,5,May,20,Fri,Spring,0,15.58903475751302,11.607420530155364,0,Rainy,Mild,Windy,High humidity
2019-05-18,16.97826086956522,23,12.6,3.8,0.5,79,2019,5,May,20,Sat,Spring,1,14.316281134324614,8.895246532092262,0,Rainy,Mild,Calm,Low humidity
2019-05-19,21.860869565217392,23,12.8,5.4,0.7,84,2019,5,May,20,Sun,Spring,1,14.135121714034758,8.674395725899783,0,Rainy,Mild,Calm,High humidity
2019-05-20,16.956521739130434,23,14.7,8.5,0.5,73,2019,5,May,21,Mon,Spring,1,13.824686931426063,8.387045802314677,0,Rainy,Mild,Calm,Low humidity
2019-05-21,8.11695652173913,23,14.1,10.8,0,67,2019,5,May,21,Tue,Spring,0,13.152353598092729,7.986612856798601,0,Dry,Mild,Calm,Low humidity
2019-05-22,6.362608695652174,23,14.1,8.7,0,59,2019,5,May,21,Wed,Spring,0,11.972701424179686,5.977535817563137,0,Dry,Mild,Calm,Low humidity
2019-05-23,6.947826086956522,23,15.2,11.2,0,61,2019,5,May,21,Thu,Spring,0,11.177773887947803,4.871400360334023,0,Dry,Warm,Calm,Low humidity
2019-05-24,7.928260869565217,23,15.9,10.3,0.6,66,2019,5,May,21,Fri,Spring,0,10.635962293744903,4.237812199960098,0,Rainy,Warm,Calm,Low humidity
2019-05-25,6.937391304347826,23,17.1,10.9,0.9,65,2019,5,May,21,Sat,Spring,0,10.642237656063744,4.23199349406476,0,Rainy,Warm,Calm,Low humidity
2019-05-26,6.298695652173913,23,16.4,18.2,1.8,76,2019,5,May,21,Sun,Spring,0,10.631005772005773,4.243425520681566,0,Rainy,Warm,Windy,Low humidity
2019-05-27,5.985652173913044,23,13.4,16.2,0.9,68,2019,5,May,22,Mon,Spring,0,10.612918815484033,4.262628800822738,0,Rainy,Mild,Windy,Low humidity
2019-05-28,4.694782608695652,23,12.2,12.3,2,74,2019,5,May,22,Tue,Spring,0,10.555310119831859,4.332315787836912,0,Rainy,Mild,Calm,Low humidity
2019-05-29,7.166086956521739,23,12.6,15.9,1.9,80,2019,5,May,22,Wed,Spring,0,10.375469540121715,4.358077653821239,0,Rainy,Mild,Windy,High humidity
2019-05-30,7.258181818181818,22,17.5,19.8,0.1,75,2019,5,May,22,Thu,Spring,0,9.94436545580024,3.9765854877017373,0,Rainy,Warm,Windy,Low humidity
2019-05-31,5.613636363636363,22,15.9,14.3,0,74,2019,5,May,22,Fri,Spring,0,9.565689566472175,3.821998684550805,0,Dry,Warm,Windy,Low humidity
2019-06-01,6.225909090909091,22,18,10,0,68,2019,6,Jun,22,Sat,Summer,0,9.421248855009726,3.8648007473679677,0,Dry,Warm,Calm,Low humidity
2019-06-02,7.336363636363636,22,20,19.9,0,65,2019,6,Jun,22,Sun,Summer,0,9.317279158040028,3.8779515287333988,0,Dry,Warm,Windy,Low humidity
2019-06-03,6.486363636363636,22,15.2,16.3,0.2,62,2019,6,Jun,23,Mon,Summer,0,9.300288380701424,3.889571479703695,0,Rainy,Warm,Windy,Low humidity
2019-06-04,8.557272727272727,22,14.4,14,3.3,80,2019,6,Jun,23,Tue,Summer,0,9.294791674509067,3.8905330371706093,0,Rainy,Mild,Windy,High humidity
2019-06-05,6.9772727272727275,22,14.2,14.5,0.2,70,2019,6,Jun,23,Wed,Summer,0,9.27584569295439,3.900715268882526,0,Rainy,Mild,Windy,Low humidity
2019-06-06,5.327727272727273,22,13.5,14.6,0.1,63,2019,6,Jun,23,Thu,Summer,0,9.155451094798922,3.966634625793813,0,Rainy,Mild,Windy,Low humidity
2019-06-07,7.557272727272728,22,13.5,17.1,7.1,80,2019,6,Jun,23,Fri,Summer,0,9.06634431269214,3.971674761667001,0,Rainy,Mild,Windy,High humidity
2019-06-08,5.958636363636364,22,13.5,24.6,3.6,73,2019,6,Jun,23,Sat,Summer,0,8.906489334337161,3.9978179654427217,0,Rainy,Mild,Windy,Low humidity
2019-06-09,5.454090909090909,22,13.8,8.5,0.2,66,2019,6,Jun,23,Sun,Summer,0,8.690863793211621,4.0039620677975085,0,Rainy,Mild,Calm,Low humidity
2019-06-10,7.440909090909091,22,11.6,12.7,31.3,89,2019,6,Jun,24,Mon,Summer,0,8.505197126544953,3.925096471561161,0,Rainy,Mild,Calm,High humidity
2019-06-11,7.690909090909091,22,13.5,11.6,2.4,81,2019,6,Jun,24,Tue,Summer,0,8.464091065938893,3.927015137340591,0,Rainy,Mild,Calm,High humidity
2019-06-12,6.203333333333333,21,12.9,7.3,8.1,86,2019,6,Jun,24,Wed,Summer,0,8.441329161176988,3.938438780931968,0,Rainy,Mild,Calm,High humidity
2019-06-13,8.83608695652174,23,12.6,19.8,6.4,86,2019,6,Jun,24,Thu,Summer,0,8.48619872639438,3.934893019230653,0,Rainy,Mild,Windy,High humidity
2019-06-14,5.429565217391304,23,14.2,19.9,1.9,78,2019,6,Jun,24,Fri,Summer,0,8.274744839701363,3.9225936057825135,0,Rainy,Mild,Windy,Low humidity
2019-06-15,5.7843478260869565,23,14.4,17.1,1.1,77,2019,6,Jun,24,Sat,Summer,0,8.060132191480017,3.8749826767946085,0,Rainy,Mild,Windy,Low humidity
2019-06-16,6.1808695652173915,23,14.5,18.8,2.2,82,2019,6,Jun,24,Sun,Summer,0,7.885088713219148,3.8358157325413664,0,Rainy,Mild,Windy,High humidity
2019-06-17,6.312173913043479,23,15.6,16.8,0,74,2019,6,Jun,25,Mon,Summer,0,7.529552481335091,3.4375567126333055,0,Dry,Warm,Windy,Low humidity
2019-06-18,8.851304347826087,23,14.7,6.7,3.6,85,2019,6,Jun,25,Tue,Summer,0,7.095900307422046,2.14480801185777,0,Rainy,Mild,Calm,High humidity
2019-06-19,12.774545454545455,22,16.1,7.7,2.7,84,2019,6,Jun,25,Wed,Summer,0,6.956501097935881,1.529458235426108,0,Rainy,Warm,Calm,High humidity
2019-06-20,6.7647619047619045,21,15.3,15.9,0.3,73,2019,6,Jun,25,Thu,Summer,0,6.911427944036641,1.5139260649619204,0,Rainy,Warm,Windy,Low humidity
2019-06-21,4.824761904761905,21,15.1,9.8,0,69,2019,6,Jun,25,Fri,Summer,0,6.860166384340298,1.5585286158021592,0,Dry,Warm,Calm,Low humidity
2019-06-22,5.8152380952380955,21,15.5,11.1,0,70,2019,6,Jun,25,Sat,Summer,0,6.822413451283016,1.5700072954939446,0,Dry,Warm,Calm,Low humidity
2019-06-23,12.363809523809524,21,17.8,15.3,0,79,2019,6,Jun,25,Sun,Summer,0,6.97026507309116,1.859839937376647,0,Dry,Warm,Windy,Low humidity
2019-06-24,19.02857142857143,21,20.4,9.2,0.3,79,2019,6,Jun,26,Mon,Summer,1,7.3733044105652805,2.8818072839833846,0,Rainy,Warm,Calm,Low humidity
2019-06-25,15.742857142857142,21,20.3,7.8,15.3,83,2019,6,Jun,26,Tue,Summer,1,7.688109793588055,3.252379179648764,0,Rainy,Warm,Calm,High humidity
2019-06-26,10.839545454545457,22,17.6,19.7,0,81,2019,6,Jun,26,Wed,Summer,0,7.849906236275801,3.2853330363410467,0,Dry,Warm,Windy,High humidity
2019-06-27,7.0668181818181814,22,16.1,22.6,0,74,2019,6,Jun,26,Thu,Summer,0,7.928974088713219,3.234937784764371,0,Dry,Warm,Windy,Low humidity
2019-06-28,8.698695652173914,23,16.6,21.1,0,77,2019,6,Jun,26,Fri,Summer,0,7.980061045234959,3.234576291937625,0,Dry,Warm,Windy,Low humidity
2019-06-29,12.847826086956522,23,22.4,11.9,0,70,2019,6,Jun,26,Sat,Summer,0,8.166382520860783,3.350473903572849,0,Dry,Warm,Calm,Low humidity
2019-06-30,9.12217391304348,23,19,17.6,0,69,2019,6,Jun,26,Sun,Summer,0,8.283333772507685,3.3193854975626658,0,Dry,Warm,Windy,Low humidity
2019-07-01,4.793478260869565,23,17.1,15.4,0,66,2019,7,Jul,27,Mon,Summer,0,8.235586078173036,3.3600543009963735,0,Dry,Warm,Windy,Low humidity
2019-07-02,5.279545454545454,22,16,8.7,0,68,2019,7,Jul,27,Tue,Summer,0,8.16702547211243,3.3997846824887237,0,Dry,Warm,Calm,Low humidity
2019-07-03,6.422727272727273,22,16.6,8.8,0,71,2019,7,Jul,27,Wed,Summer,0,8.164904259991216,3.400889121813809,0,Dry,Warm,Calm,Low humidity
2019-07-04,5.882272727272727,22,17.7,5.1,0,69,2019,7,Jul,27,Thu,Summer,0,8.07573759332455,3.425227355222565,0,Dry,Warm,Calm,Low humidity
2019-07-05,7.123636363636364,22,19.8,8.4,0,65,2019,7,Jul,27,Fri,Summer,0,8.080616381203338,3.423712686475537,0,Dry,Warm,Calm,Low humidity
2019-07-06,6.773809523809524,21,18.4,8.6,0.8,74,2019,7,Jul,27,Sat,Summer,0,8.12881912290608,3.39366594995283,0,Rainy,Warm,Calm,Low humidity
2019-07-07,6.707619047619048,21,16.2,9.7,3.5,80,2019,7,Jul,27,Sun,Summer,0,8.100497333584292,3.4021350774706516,0,Rainy,Warm,Calm,High humidity
2019-07-08,5.8559090909090905,22,16.2,7.7,0,68,2019,7,Jul,28,Mon,Summer,0,8.097073091160048,3.40441612633789,0,Dry,Warm,Calm,Low humidity
2019-07-09,6.206086956521739,23,17.6,9.3,0,68,2019,7,Jul,28,Tue,Summer,0,8.122139626074409,3.38700890059354,0,Dry,Warm,Calm,Low humidity
2019-07-10,8.718260869565217,23,19.7,12.1,1.3,69,2019,7,Jul,28,Wed,Summer,0,8.16471801869628,3.3861785367398305,0,Rainy,Warm,Calm,Low humidity
2019-07-11,7.984347826086957,23,19.6,10.6,0,63,2019,7,Jul,28,Thu,Summer,0,8.174499309868875,3.3851863682932177,0,Dry,Warm,Calm,Low humidity
2019-07-12,5.814285714285714,21,19.4,15.9,0.1,66,2019,7,Jul,28,Fri,Summer,0,8.161531055900621,3.3937324754645686,0,Rainy,Warm,Windy,Low humidity
2019-07-13,7.035909090909091,22,18.3,9.4,0.6,71,2019,7,Jul,28,Sat,Summer,0,8.101525127046866,3.397307052884295,0,Rainy,Warm,Calm,Low humidity
2019-07-14,6.580454545454545,22,16.7,11.3,0.5,74,2019,7,Jul,28,Sun,Summer,0,8.139888104648975,3.3725018624243104,0,Rainy,Warm,Calm,Low humidity
2019-07-15,4.540454545454545,22,15.6,8.2,0,74,2019,7,Jul,29,Mon,Summer,0,8.098424995294561,3.40989974475747,0,Dry,Warm,Calm,Low humidity
2019-07-16,6.876190476190477,21,18.3,7.4,0,67,2019,7,Jul,29,Tue,Summer,0,8.121602358993664,3.3987614097727077,0,Dry,Warm,Calm,Low humidity
2019-07-17,8.0295,20,19.3,10.5,0,65,2019,7,Jul,29,Wed,Summer,0,8.178846561892215,3.381654048848951,0,Dry,Warm,Calm,Low humidity
2019-07-18,8.084545454545454,22,18.2,14.2,4.8,74,2019,7,Jul,29,Thu,Summer,0,8.153287932116193,3.3792931060182996,0,Rainy,Warm,Windy,Low humidity
2019-07-19,7.125,22,16.6,16.9,10.6,84,2019,7,Jul,29,Fri,Summer,0,7.964969750298011,3.268483133629152,0,Rainy,Warm,Windy,High humidity
2019-07-20,6.3776190476190475,21,19.1,19.3,15.1,76,2019,7,Jul,29,Sat,Summer,0,7.952064988393249,3.274144611872423,0,Rainy,Warm,Windy,Low humidity
2019-07-21,5.1676190476190476,21,18.1,14.6,0,72,2019,7,Jul,29,Sun,Summer,0,7.9634935598218215,3.2634330426767595,0,Dry,Warm,Windy,Low humidity
2019-07-22,6.867142857142857,21,20.5,17.2,0,77,2019,7,Jul,30,Mon,Summer,0,7.998557051885313,3.2451553353442297,0,Dry,Warm,Windy,Low humidity
2019-07-23,8.928260869565218,23,23.1,10.3,0,69,2019,7,Jul,30,Tue,Summer,0,7.884038763410503,3.144866908307133,0,Dry,Warm,Calm,Low humidity
2019-07-24,11.018636363636364,22,24.8,13.5,0,60,2019,7,Jul,30,Wed,Summer,0,7.617040927912668,2.4233199421858953,0,Dry,Warm,Windy,Low humidity
2019-07-25,10.894761904761904,21,27.5,11.9,0,56,2019,7,Jul,30,Thu,Summer,0,7.455437753309493,1.9847088276451752,0,Dry,Warm,Calm,Low humidity
2019-07-26,10.554545454545456,22,22.2,11.6,4.3,69,2019,7,Jul,30,Fri,Summer,0,7.445937753309493,1.9685683656398747,0,Rainy,Warm,Calm,Low humidity
2019-07-27,8.821363636363637,22,17.7,12.8,21.1,88,2019,7,Jul,30,Sat,Summer,0,7.504422601794341,1.9829274012565017,0,Rainy,Warm,Calm,High humidity
2019-07-28,5.839545454545455,22,17.9,16.4,0,71,2019,7,Jul,30,Sun,Summer,0,7.409117595206726,1.9922355122264617,0,Dry,Warm,Windy,Low humidity
2019-07-29,5.49952380952381,21,18.8,11.8,0,66,2019,7,Jul,31,Mon,Summer,0,7.164174185958969,1.735711599129032,0,Dry,Warm,Calm,Low humidity
2019-07-30,7.0535,20,18.3,24.3,6.8,78,2019,7,Jul,31,Tue,Summer,0,7.0952183888575195,1.6958772187454934,0,Rainy,Warm,Windy,Low humidity
2019-07-31,6.1847619047619045,21,18.3,22,0.7,71,2019,7,Jul,31,Wed,Summer,0,7.141594510320598,1.6491417594921132,0,Rainy,Warm,Windy,Low humidity
2019-08-01,6.55,19,18.6,8.6,0.7,75,2019,8,Aug,31,Thu,Summer,0,7.183942995169082,1.6156491520980687,0,Rainy,Warm,Calm,Low humidity
2019-08-02,9.156666666666666,18,18.9,9.2,0.3,75,2019,8,Aug,31,Fri,Summer,0,7.275074308300395,1.648012231275587,0,Rainy,Warm,Calm,Low humidity
2019-08-03,7.881,20,18.9,5.8,0.3,77,2019,8,Aug,31,Sat,Summer,0,7.341698550724638,1.6300673894253845,0,Rainy,Warm,Calm,Low humidity
2019-08-04,8.5975,20,19.3,12.6,0.5,75,2019,8,Aug,31,Sun,Summer,0,7.390827338603426,1.645406858359792,0,Rainy,Warm,Calm,Low humidity
2019-08-05,7.275,20,19.4,17.2,0.8,70,2019,8,Aug,32,Mon,Summer,0,7.407533687809775,1.6414657041809602,0,Rainy,Warm,Windy,Low humidity
2019-08-06,6.382,20,18.5,19.9,0.6,72,2019,8,Aug,32,Tue,Summer,0,7.396679719555807,1.6473195015407787,0,Rainy,Warm,Windy,Low humidity
2019-08-07,6.107,20,18,18.7,1.2,74,2019,8,Aug,32,Wed,Summer,0,7.405049416525504,1.6398421155987741,0,Rainy,Warm,Windy,Low humidity
2019-08-08,5.6754999999999995,20,18.6,11.1,1.4,73,2019,8,Aug,32,Thu,Summer,0,7.387363184641446,1.6560008837080158,0,Rainy,Warm,Calm,Low humidity
2019-08-09,7.3735,20,20.3,25.9,7.5,77,2019,8,Aug,32,Fri,Summer,0,7.342537822322606,1.63682254241472,0,Rainy,Warm,Windy,Low humidity
2019-08-10,8.105454545454545,22,18.4,36.7,1.3,71,2019,8,Aug,32,Sat,Summer,0,7.3465747129681915,1.6386083874610406,0,Rainy,Warm,Windy,Low humidity
2019-08-11,7.849523809523809,21,17.7,22.5,0.4,68,2019,8,Aug,32,Sun,Summer,0,7.414415982809461,1.6149416671188848,0,Rainy,Warm,Windy,Low humidity
2019-08-12,6.803181818181818,22,14.8,6.5,11.9,81,2019,8,Aug,33,Mon,Summer,0,7.406658407051885,1.6173796964806562,0,Rainy,Warm,Calm,High humidity
2019-08-13,5.660434782608696,23,15.3,12.4,0,66,2019,8,Aug,33,Tue,Summer,0,7.375991081623691,1.6421187425588164,0,Dry,Warm,Calm,Low humidity
2019-08-14,7.297391304347826,23,15.6,17.1,7.4,89,2019,8,Aug,33,Wed,Summer,0,7.4678889735868,1.5526686567931258,0,Rainy,Warm,Windy,High humidity
2019-08-15,6.065,22,17.6,19.4,0,73,2019,8,Aug,33,Thu,Summer,0,7.440849291047117,1.5702918112653157,0,Dry,Warm,Windy,Low humidity
2019-08-16,6.28952380952381,21,15.8,20.8,7.3,86,2019,8,Aug,33,Fri,Summer,0,7.382850084697911,1.5799039502933154,0,Rainy,Warm,Windy,High humidity
2019-08-17,6.113809523809524,21,18.3,20.4,0.5,76,2019,8,Aug,33,Sat,Summer,0,7.3171588870067135,1.5906561845060345,0,Rainy,Warm,Windy,Low humidity
2019-08-18,6.507619047619047,21,16.7,17.4,1.5,72,2019,8,Aug,33,Sun,Summer,0,7.296579521927348,1.5972082349459942,0,Rainy,Warm,Windy,Low humidity
2019-08-19,5.9,21,16,18,0.9,70,2019,8,Aug,34,Mon,Summer,0,7.280658887006713,1.609020822788444,0,Rainy,Warm,Windy,Low humidity
2019-08-20,7.107391304347826,23,15.1,12.9,0,68,2019,8,Aug,34,Tue,Summer,0,7.3453179622310065,1.559389277547048,0,Dry,Warm,Calm,Low humidity
2019-08-21,8.647391304347826,23,15.8,10.8,0,73,2019,8,Aug,34,Wed,Summer,0,7.4046595771378385,1.5743663573582722,0,Dry,Warm,Calm,Low humidity
2019-08-22,8.551818181818183,22,17.4,13.8,0,73,2019,8,Aug,34,Thu,Summer,0,7.392111487546271,1.5632651695299427,0,Dry,Warm,Windy,Low humidity
2019-08-23,8.252727272727272,22,18.9,6.4,0,79,2019,8,Aug,34,Fri,Summer,0,7.299914517849301,1.4166997848796365,0,Dry,Warm,Calm,Low humidity
2019-08-24,16.136363636363637,22,19.7,8.5,0,69,2019,8,Aug,34,Sat,Summer,1,7.474634575569358,2.054836200080457,0,Dry,Warm,Calm,Low humidity
2019-08-25,27.045454545454547,22,22.5,7.2,0,67,2019,8,Aug,34,Sun,Summer,1,8.024331545266328,4.097578523714035,1,Dry,Warm,Calm,Low humidity
2019-08-26,19.32272727272727,22,22.5,6.6,0,67,2019,8,Aug,35,Mon,Summer,1,8.374376999811783,4.587302092826657,0,Dry,Warm,Calm,Low humidity
2019-08-27,19.413636363636364,22,23.3,7,0.1,68,2019,8,Aug,35,Tue,Summer,1,8.826846696781478,4.981188356251946,0,Rainy,Warm,Calm,Low humidity
2019-08-28,9.435454545454546,22,20.3,13.9,2.2,69,2019,8,Aug,35,Wed,Summer,0,8.95804438797917,4.942210264528338,0,Rainy,Warm,Windy,Low humidity
2019-08-29,5.3304347826086955,23,17.6,14.8,0.1,67,2019,8,Aug,35,Thu,Summer,0,8.900608880732793,4.9750103921703355,0,Rainy,Warm,Windy,Low humidity
2019-08-30,6.387727272727273,22,17.6,16,0,72,2019,8,Aug,35,Fri,Summer,0,8.907374392998305,4.971326402057961,0,Dry,Warm,Windy,Low humidity
2019-08-31,6.313076923076923,13,17.1,13.9,0.3,72,2019,8,Aug,35,Sat,Summer,0,8.89947695710087,4.975386985215916,0,Rainy,Warm,Windy,Low humidity
2019-09-01,5.11952380952381,21,15.2,12.3,0,57,2019,9,Sep,35,Sun,Autumn,0,8.764905528529443,5.022564289067132,0,Dry,Warm,Calm,Low humidity
2019-09-02,5.636363636363637,22,15.2,13.9,0,66,2019,9,Sep,36,Mon,Autumn,0,8.690084316408228,5.052813992600399,0,Dry,Warm,Windy,Low humidity
2019-09-03,4.958181818181818,22,17.3,16.9,0,70,2019,9,Sep,36,Tue,Autumn,0,8.568773710347623,5.098593398241198,0,Dry,Warm,Windy,Low humidity
2019-09-04,5.574090909090909,22,16.9,22.6,7,69,2019,9,Sep,36,Wed,Autumn,0,8.512076740650654,5.122875751023943,0,Rainy,Warm,Windy,Low humidity
2019-09-05,4.561904761904762,21,14.3,14.1,0,61,2019,9,Sep,36,Thu,Autumn,0,8.451406899380812,5.15961783436379,0,Dry,Mild,Windy,Low humidity
2019-09-06,6.189047619047619,21,13.6,16.4,1.4,76,2019,9,Sep,36,Fri,Autumn,0,8.454141820015733,5.158353891115415,0,Rainy,Mild,Windy,Low humidity
2019-09-07,5.469090909090909,22,13.6,12.9,0.4,68,2019,9,Sep,36,Sat,Autumn,0,8.44726151698543,5.162324020657149,0,Rainy,Mild,Calm,Low humidity
2019-09-08,5.2281818181818185,22,12.5,8.8,0,64,2019,9,Sep,36,Sun,Autumn,0,8.375750910924825,5.192481922143671,0,Dry,Mild,Calm,Low humidity
2019-09-09,7.000454545454545,22,12.8,9.6,5.5,84,2019,9,Sep,37,Mon,Autumn,0,8.338917577591491,5.198381266537099,0,Rainy,Mild,Calm,High humidity
2019-09-10,7.899047619047619,21,14.1,7.4,0.2,81,2019,9,Sep,37,Tue,Autumn,0,8.340568371242284,5.198228357161855,0,Rainy,Mild,Calm,High humidity
2019-09-11,5.799130434782609,23,16.8,21,0.5,77,2019,9,Sep,37,Wed,Autumn,0,8.307099991795644,5.211682860589503,0,Rainy,Warm,Windy,Low humidity
2019-09-12,5.43,23,18.3,18.3,0.1,77,2019,9,Sep,37,Thu,Autumn,0,8.299418832375355,5.215886232656583,0,Rainy,Warm,Windy,Low humidity
2019-09-13,5.693043478260869,23,16.6,11,0.2,66,2019,9,Sep,37,Fri,Autumn,0,8.24594057150579,5.2347049521851465,0,Rainy,Warm,Calm,Low humidity
2019-09-14,6.764347826086956,23,15.1,5.9,0,70,2019,9,Sep,37,Sat,Autumn,0,8.269252165708687,5.226208009276762,0,Dry,Warm,Calm,Low humidity
2019-09-15,8.065652173913044,23,17.4,8.8,0,73,2019,9,Sep,37,Sun,Autumn,0,8.328456444521661,5.213051355853163,0,Dry,Warm,Calm,Low humidity
2019-09-16,9.673043478260867,23,16.5,8.2,0.7,86,2019,9,Sep,38,Mon,Autumn,0,8.447097576336708,5.201399713761544,0,Rainy,Warm,Calm,High humidity
2019-09-17,6.710869565217391,23,14.2,11,0,67,2019,9,Sep,38,Tue,Autumn,0,8.453872593589985,5.198918137474627,0,Dry,Mild,Calm,Low humidity
2019-09-18,5.976086956521739,23,12.6,8.2,0,67,2019,9,Sep,38,Wed,Autumn,0,8.456408825474044,5.197647702930304,0,Dry,Mild,Calm,Low humidity
2019-09-19,7.461304347826087,23,14.1,6.2,0,71,2019,9,Sep,38,Thu,Autumn,0,8.46820592692332,5.194881158146083,0,Dry,Mild,Calm,Low humidity
2019-09-20,8.326956521739131,23,14.6,15.4,0,68,2019,9,Sep,38,Fri,Autumn,0,8.457524767503028,5.1948294537422095,0,Dry,Mild,Windy,Low humidity
2019-09-21,8.513043478260869,23,17.6,14.4,0,56,2019,9,Sep,38,Sat,Autumn,0,8.456232277384451,5.194810007855983,0,Dry,Warm,Windy,Low humidity
2019-09-22,10.353478260869563,23,17.9,14.2,4,79,2019,9,Sep,38,Sun,Autumn,0,8.526257310322528,5.206118755490041,0,Rainy,Warm,Windy,Low humidity
2019-09-23,5.429090909090909,22,15.8,18.3,2.7,81,2019,9,Sep,39,Mon,Autumn,0,8.169348219413438,5.030471633608834,0,Rainy,Warm,Windy,High humidity
2019-09-24,7.429545454545455,22,16.8,19.9,17.8,86,2019,9,Sep,39,Tue,Autumn,0,7.5154845830498,3.549052759928308,0,Rainy,Warm,Windy,High humidity
2019-09-25,6.570454545454545,22,16.1,18.8,10.8,86,2019,9,Sep,39,Wed,Autumn,0,7.090408825474043,2.762675546855112,0,Rainy,Warm,Windy,High humidity
2019-09-26,7.121304347826087,23,16.7,22.2,3.4,80,2019,9,Sep,39,Thu,Autumn,0,6.680664424947034,1.490674604304427,0,Rainy,Warm,Windy,High humidity
2019-09-27,7.56695652173913,23,14.7,22.5,4.5,81,2019,9,Sep,39,Fri,Autumn,0,6.6183811574898535,1.4083676221226975,0,Rainy,Mild,Windy,High humidity
2019-09-28,6.056956521739131,23,15.1,23,6.1,78,2019,9,Sep,39,Sat,Autumn,0,6.642598548794201,1.3916038713517402,0,Rainy,Warm,Windy,Low humidity
2019-09-29,6.826086956521739,23,16.1,28.4,13.1,84,2019,9,Sep,39,Sun,Autumn,0,6.6572105382540165,1.3911367471566822,0,Rainy,Warm,Windy,High humidity
2019-09-30,6.193913043478261,23,13.9,14.7,9.3,86,2019,9,Sep,40,Mon,Autumn,0,6.653238408934061,1.3923228583995038,0,Rainy,Mild,Windy,High humidity
2019-10-01,8.222727272727273,22,15.2,18.4,8.4,88,2019,10,Oct,40,Tue,Autumn,0,6.756678524374177,1.3897201952972031,0,Rainy,Warm,Windy,High humidity
2019-10-02,5.9505,20,9.4,14.2,0,71,2019,10,Oct,40,Wed,Autumn,0,6.767149736495389,1.382150665369453,0,Dry,Mild,Windy,Low humidity
2019-10-03,9.740454545454543,22,9.3,12.1,3.5,81,2019,10,Oct,40,Thu,Autumn,0,6.926558827404479,1.440853580840591,0,Rainy,Mild,Calm,High humidity
2019-10-04,9.646956521739131,23,12.6,16.1,3.4,87,2019,10,Oct,40,Fri,Autumn,0,7.0623210144927535,1.4997030189133604,0,Rainy,Mild,Windy,High humidity
2019-10-05,9.52,20,12.3,8.8,1,87,2019,10,Oct,40,Sat,Autumn,0,7.227590855762595,1.4877991863683866,0,Rainy,Mild,Calm,High humidity
2019-10-06,10.843636363636364,22,13.7,19.6,12.1,80,2019,10,Oct,40,Sun,Autumn,0,7.382743813915553,1.6131772675276768,0,Rainy,Mild,Windy,High humidity
2019-10-07,6.957826086956522,23,12.5,13.2,2.6,90,2019,10,Oct,41,Mon,Autumn,0,7.432368319844406,1.5747194154499238,0,Rainy,Mild,Calm,High humidity
2019-10-08,8.720434782608695,23,13.4,19.7,1,83,2019,10,Oct,41,Tue,Autumn,0,7.548776751991969,1.5347317554070403,0,Rainy,Mild,Windy,High humidity
2019-10-09,6.256521739130434,23,11.5,18.8,0.1,73,2019,10,Oct,41,Wed,Autumn,0,7.523978991781166,1.5498327293428618,0,Rainy,Mild,Windy,Low humidity
2019-10-10,5.392727272727273,22,12.6,22.5,0,78,2019,10,Oct,41,Thu,Autumn,0,7.440434980237154,1.595787909792879,0,Dry,Mild,Windy,Low humidity
2019-10-11,7.77695652173913,23,15.1,27.3,12.5,89,2019,10,Oct,41,Fri,Autumn,0,7.506362516469038,1.566223279477601,0,Rainy,Warm,Windy,High humidity
2019-10-12,7.87304347826087,23,11.5,7.6,12.4,91,2019,10,Oct,41,Sat,Autumn,0,7.587797299077734,1.5172892160321558,0,Rainy,Mild,Calm,High humidity
2019-10-13,8.996086956521738,23,13.1,18.2,6.5,88,2019,10,Oct,41,Sun,Autumn,0,7.697898748353096,1.4947303785393624,0,Rainy,Mild,Windy,High humidity
2019-10-14,9.11391304347826,23,12.8,14.8,11.1,92,2019,10,Oct,42,Mon,Autumn,0,7.7762175889328065,1.5056435463027062,0,Rainy,Mild,Windy,High humidity
2019-10-15,8.173913043478262,23,12,10.2,0.3,88,2019,10,Oct,42,Tue,Autumn,0,7.77982628458498,1.5064906786648786,0,Rainy,Mild,Calm,High humidity
2019-10-16,7.007391304347826,23,12.5,14.1,3.9,84,2019,10,Oct,42,Wed,Autumn,0,7.690971212121212,1.46912404726608,0,Rainy,Mild,Windy,High humidity
2019-10-17,8.070434782608695,23,11,13.2,0.4,87,2019,10,Oct,42,Thu,Autumn,0,7.736290052700922,1.4587809975446955,0,Rainy,Mild,Calm,High humidity
2019-10-18,7.321304347826087,23,11.6,22.5,6.2,81,2019,10,Oct,42,Fri,Autumn,0,7.781130632411067,1.423046705232472,0,Rainy,Mild,Windy,High humidity
2019-10-19,7.160434782608696,23,10.7,14.1,0.2,83,2019,10,Oct,42,Sat,Autumn,0,7.771101646903821,1.4264345822057,0,Rainy,Mild,Windy,High humidity
2019-10-20,10.110869565217392,23,8.5,12.1,0,86,2019,10,Oct,42,Sun,Autumn,0,7.8305654150197634,1.486330983469176,0,Dry,Cool,Calm,High humidity
2019-10-21,7.048260869565217,23,10.4,14.9,7.2,89,2019,10,Oct,43,Mon,Autumn,0,7.781739328063241,1.487197300087071,0,Rainy,Mild,Windy,High humidity
2019-10-22,10.012173913043478,23,8.5,7.1,0,88,2019,10,Oct,43,Tue,Autumn,0,7.770362516469039,1.4680274452041324,0,Dry,Cool,Calm,High humidity
2019-10-23,16.540434782608695,23,9.6,8.2,1.4,93,2019,10,Oct,43,Wed,Autumn,1,8.140740645586298,2.1157475965283528,0,Rainy,Mild,Calm,High humidity
2019-10-24,22.67304347826087,23,11.1,9.5,10.3,95,2019,10,Oct,43,Thu,Autumn,1,8.648857246376812,3.387358860757836,0,Rainy,Mild,Calm,High humidity
2019-10-25,8.369130434782608,23,12.9,23.9,0.8,86,2019,10,Oct,43,Fri,Autumn,0,8.708813109354415,3.365148198979971,0,Rainy,Mild,Windy,High humidity
2019-10-26,7.768260869565218,23,14,28.5,5.9,82,2019,10,Oct,43,Sat,Autumn,0,8.730378326745718,3.356686339756123,0,Rainy,Mild,Windy,High humidity
2019-10-27,8.727826086956522,23,6.7,9.1,0,81,2019,10,Oct,43,Sun,Autumn,0,8.769073978919632,3.3494955252390883,0,Dry,Cool,Calm,High humidity
2019-10-28,16.970434782608695,23,6.6,9.6,0,85,2019,10,Oct,44,Mon,Autumn,1,9.132856587615285,3.626012782531463,0,Dry,Cool,Calm,High humidity
2019-10-29,6.703913043478261,23,8.2,14.9,0,81,2019,10,Oct,44,Tue,Autumn,0,9.128784123847167,3.6287604767649038,0,Dry,Cool,Windy,High humidity
2019-10-30,10.740869565217391,23,8.8,15.9,0,75,2019,10,Oct,44,Wed,Autumn,0,9.280349341238471,3.5967675434766586,0,Dry,Cool,Windy,Low humidity
2019-10-31,24.31304347826087,23,8,12,0,87,2019,10,Oct,44,Thu,Autumn,1,9.81669321475626,4.515867626377896,0,Dry,Cool,Calm,High humidity
2019-11-01,17.84391304347826,23,13,15.9,6.9,93,2019,11,Nov,44,Fri,Autumn,1,10.213140316205534,4.683693102329446,0,Rainy,Mild,Windy,High humidity
2019-11-02,7.732608695652174,23,11.4,29.1,6.3,83,2019,11,Nov,44,Sat,Autumn,0,10.146212121212121,4.704977829885056,0,Rainy,Mild,Windy,High humidity
2019-11-03,8.763043478260869,23,8.7,9.9,1.3,89,2019,11,Nov,44,Sun,Autumn,0,10.11674835309618,4.710975925482802,0,Rainy,Cool,Calm,High humidity
2019-11-04,9.647826086956522,23,8.6,7.4,3.6,91,2019,11,Nov,45,Mon,Autumn,0,10.121009222661398,4.710475361429338,0,Rainy,Cool,Calm,High humidity
2019-11-05,12.955217391304348,23,8.6,13.9,0.7,93,2019,11,Nov,45,Tue,Autumn,0,10.191395256916996,4.737344978565069,0,Rainy,Cool,Windy,High humidity
2019-11-06,14.830434782608696,23,6.3,8.8,0.3,86,2019,11,Nov,45,Wed,Autumn,0,10.453815546772068,4.769983271207262,0,Rainy,Cool,Calm,High humidity
2019-11-07,8.871304347826086,23,6.8,13.7,12.8,85,2019,11,Nov,45,Thu,Autumn,0,10.458844532279317,4.768171940318131,0,Rainy,Cool,Windy,High humidity
2019-11-08,11.584347826086956,23,4.1,9.7,1.7,93,2019,11,Nov,45,Fri,Autumn,0,10.636438735177867,4.705057791063364,0,Rainy,Cool,Calm,High humidity
2019-11-10,11.350434782608696,23,7,11.6,1.4,88,2019,11,Nov,45,Sun,Autumn,0,10.835028985507247,4.600673239821464,0,Rainy,Cool,Calm,High humidity
2019-11-11,10.14695652173913,23,6.7,19.5,4.6,80,2019,11,Nov,46,Mon,Autumn,0,10.914028985507247,4.566572849297946,0,Rainy,Cool,Windy,High humidity
2019-11-12,6.480434782608696,23,5.5,19.2,2.3,80,2019,11,Nov,46,Tue,Autumn,0,10.867608695652173,4.605463619822678,0,Rainy,Cool,Windy,High humidity
2019-11-13,6.887391304347826,23,5.5,12.3,4,87,2019,11,Nov,46,Wed,Autumn,0,10.797318840579711,4.650880066522139,0,Rainy,Cool,Calm,High humidity
2019-11-14,8.125217391304348,23,5.2,10,15.4,90,2019,11,Nov,46,Thu,Autumn,0,10.764362318840579,4.666696252610608,0,Rainy,Cool,Calm,High humidity
2019-11-15,12.238636363636363,22,5.6,18.3,7.7,90,2019,11,Nov,46,Fri,Autumn,0,10.899853096179184,4.647861530885915,0,Rainy,Cool,Windy,High humidity
2019-11-16,14.454347826086956,23,5.5,7.8,0.2,87,2019,11,Nov,46,Sat,Autumn,0,11.148084980237154,4.631639649473115,0,Rainy,Cool,Calm,High humidity
2019-11-17,23.04090909090909,22,4.3,5,0,93,2019,11,Nov,46,Sun,Autumn,1,11.647100790513834,5.0739609796109,0,Dry,Cool,Calm,High humidity
2019-11-18,11.762173913043478,23,4.9,13.1,0,87,2019,11,Nov,47,Mon,Autumn,0,11.79512977602108,5.0077549178464915,0,Dry,Cool,Calm,High humidity
2019-11-19,16.047826086956523,23,2.7,7,0,92,2019,11,Nov,47,Tue,Autumn,1,12.091376152832675,4.986958305064555,0,Dry,Cool,Calm,High humidity
2019-11-20,12.20304347826087,23,4.7,14,0,81,2019,11,Nov,47,Wed,Autumn,0,12.161115283267458,4.972916294932273,0,Dry,Cool,Windy,High humidity
2019-11-21,23.130434782608695,23,5,15.6,0.9,89,2019,11,Nov,47,Thu,Autumn,1,12.697187747035573,5.261212910000381,0,Rainy,Cool,Windy,High humidity
2019-11-22,12.831739130434784,23,7.9,17.3,1.7,88,2019,11,Nov,47,Fri,Autumn,0,12.791173254281949,5.236721413662931,0,Rainy,Cool,Windy,High humidity
2019-11-23,13.271304347826089,23,8.5,14.1,2.3,91,2019,11,Nov,47,Sat,Autumn,0,12.682202239789197,5.1898163118260285,0,Rainy,Cool,Windy,High humidity
2019-11-24,17.243478260869566,23,9.3,9.8,0,93,2019,11,Nov,47,Sun,Autumn,1,12.501216732542819,4.9168859812911645,0,Dry,Mild,Calm,High humidity
2019-11-25,9.069565217391304,23,10.3,13.8,1.6,91,2019,11,Nov,48,Mon,Autumn,0,12.524564558629777,4.898215741849356,0,Rainy,Mild,Windy,High humidity
2019-11-26,7.255217391304348,23,10.9,17.9,4.7,92,2019,11,Nov,48,Tue,Autumn,0,12.507463109354413,4.9162567311736485,0,Rainy,Mild,Windy,High humidity
2019-11-27,9.107727272727272,22,9.6,11.4,12.3,92,2019,11,Nov,48,Wed,Autumn,0,12.520126482213438,4.906665291019951,0,Rainy,Mild,Calm,High humidity
2019-11-28,9.967272727272729,22,7.9,14.5,2.4,91,2019,11,Nov,48,Thu,Autumn,0,12.286687747035574,4.853944620892344,0,Rainy,Cool,Windy,High humidity
2019-11-29,9.731904761904762,21,4.3,8.5,0.4,89,2019,11,Nov,48,Fri,Autumn,0,12.387620804316457,4.764511377584651,0,Rainy,Cool,Calm,High humidity
2019-11-30,16.65909090909091,22,2.9,11.2,0,92,2019,11,Nov,48,Sat,Autumn,1,12.58489484911224,4.816217743018711,0,Dry,Cool,Calm,High humidity
2019-12-01,9.486363636363636,22,4.1,16.7,0,87,2019,12,Dec,48,Sun,Winter,0,12.090672187715665,4.304794405498476,0,Dry,Cool,Windy,High humidity
2019-12-02,14.162727272727272,22,0.8,8.8,0,89,2019,12,Dec,49,Mon,Winter,0,11.9679659953573,4.185971312224926,0,Dry,Cool,Calm,High humidity
2019-12-03,15.171818181818182,22,3.6,8.1,0,90,2019,12,Dec,49,Tue,Winter,1,12.215939644896167,4.146581510306632,0,Dry,Cool,Calm,High humidity
2019-12-04,18.863636363636363,22,3.4,7.5,0,90,2019,12,Dec,49,Wed,Winter,1,12.552626074408684,4.264927761845833,0,Dry,Cool,Calm,High humidity
2019-12-05,22.20909090909091,22,3.8,16.2,0.5,92,2019,12,Dec,49,Thu,Winter,1,12.971334901813162,4.575227875504824,0,Rainy,Cool,Windy,High humidity
2019-12-06,8.743181818181817,22,10.3,26.3,5.5,89,2019,12,Dec,49,Fri,Winter,0,12.830933716042411,4.639910214673067,0,Rainy,Mild,Windy,High humidity
2019-12-07,6.1460869565217395,23,7.5,16.6,0,89,2019,12,Dec,49,Sat,Winter,0,12.541455455172846,4.779660495027931,0,Dry,Cool,Windy,High humidity
2019-12-08,6.847727272727273,22,8.9,30.9,3.6,78,2019,12,Dec,49,Sun,Winter,0,12.474002886002888,4.847045011552191,0,Rainy,Cool,Windy,Low humidity
2019-12-10,9.01909090909091,22,6.8,26.1,4.8,88,2019,12,Dec,50,Tue,Winter,0,12.388494322103018,4.885753724311001,0,Rainy,Cool,Windy,High humidity
2019-12-11,7.069090909090909,22,4.6,13.9,0.1,87,2019,12,Dec,50,Wed,Winter,0,12.245782859652426,4.978763807243901,0,Rainy,Cool,Windy,High humidity
2019-12-12,8.068260869565217,23,5.1,18.2,7.5,91,2019,12,Dec,50,Thu,Winter,0,12.17649300457996,5.023246538677731,0,Rainy,Cool,Windy,High humidity
2019-12-13,7.3560869565217395,23,6.3,22.4,8.7,79,2019,12,Dec,50,Fri,Winter,0,12.205681410377062,4.991450774422053,0,Rainy,Cool,Windy,Low humidity
2019-12-14,7.759130434782609,23,5.9,25.1,6.9,77,2019,12,Dec,50,Sat,Winter,0,12.234739381391556,4.961872279858315,0,Rainy,Cool,Windy,Low humidity
2019-12-15,7.059130434782609,23,7,25,3.1,78,2019,12,Dec,50,Sun,Winter,0,12.199203149507497,4.996019075206803,0,Rainy,Cool,Windy,Low humidity
2019-12-16,8.04695652173913,23,7,12,2.5,92,2019,12,Dec,51,Mon,Winter,0,12.059480488110923,5.053165330321327,0,Rainy,Cool,Calm,High humidity
2019-12-17,11.777391304347828,23,6.3,7.5,7.9,94,2019,12,Dec,51,Tue,Winter,0,11.970248604052953,5.033012502565359,0,Rainy,Cool,Calm,High humidity
2019-12-18,11.158695652173911,23,6.8,16.4,6.6,89,2019,12,Dec,51,Wed,Winter,0,11.57417482276178,4.578804587444476,0,Rainy,Cool,Windy,High humidity
2019-12-19,9.74608695652174,23,11.2,24.1,10.8,85,2019,12,Dec,51,Thu,Winter,0,11.506971924211056,4.5907296646071325,0,Rainy,Mild,Windy,High humidity
2019-12-20,8.549130434782608,23,8.1,16,14.5,91,2019,12,Dec,51,Fri,Winter,0,11.257015402471925,4.538814552121995,0,Rainy,Cool,Windy,High humidity
2019-12-21,7.460434782608695,23,8.3,18.8,5.2,88,2019,12,Dec,51,Sat,Winter,0,11.098928445950184,4.587064267858069,0,Rainy,Cool,Windy,High humidity
2019-12-22,8.047826086956523,23,7.3,16.8,4.3,89,2019,12,Dec,51,Sun,Winter,0,10.59617482276178,4.013609795104818,0,Rainy,Cool,Windy,High humidity
2019-12-23,6.99695652173913,23,6.7,16.7,0,86,2019,12,Dec,52,Mon,Winter,0,10.401682069138591,4.042808198226591,0,Dry,Cool,Windy,High humidity
2019-12-24,8.324782608695653,23,8.9,19.6,1.7,85,2019,12,Dec,52,Tue,Winter,0,10.236798011167576,4.022556325964077,0,Rainy,Cool,Windy,High humidity
2019-12-25,8.794347826086957,23,4,10.6,0,90,2019,12,Dec,52,Wed,Winter,0,9.955160330008157,3.804966461325134,0,Dry,Cool,Calm,High humidity
2019-12-26,10.700434782608696,23,6.6,17.9,7.1,90,2019,12,Dec,52,Thu,Winter,0,10.009522648848735,3.8035274953897127,0,Rainy,Cool,Windy,High humidity
2019-12-27,13.178695652173912,23,6.6,7.6,0,94,2019,12,Dec,52,Fri,Winter,0,10.206971924211054,3.809360949304136,0,Dry,Cool,Calm,High humidity
2019-12-28,17.482608695652175,23,7.8,8.5,0,90,2019,12,Dec,52,Sat,Winter,1,10.486134638308553,4.026696649981856,0,Dry,Cool,Calm,High humidity
2019-12-29,16.595652173913045,23,5.9,9.3,0,91,2019,12,Dec,52,Sun,Winter,1,10.707080619863229,4.176315669014638,0,Dry,Cool,Calm,High humidity
2019-12-30,22.339130434782607,23,5.4,11.2,0,94,2019,12,Dec,1,Mon,Winter,1,11.127321475625823,4.678867782611799,0,Dry,Cool,Calm,High humidity
2019-12-31,25.056521739130435,23,5.9,11.6,0,95,2019,12,Dec,1,Tue,Winter,1,11.407235836627141,5.238892662407779,1,Dry,Cool,Calm,High humidity
2020-01-01,35.391304347826086,23,5,5.5,0,93,2020,1,Jan,1,Wed,Winter,1,12.270733860342556,6.81051626163538,1,Dry,Cool,Calm,High humidity
2020-01-02,13.925217391304349,23,8.3,19,0,90,2020,1,Jan,1,Thu,Winter,0,12.262816864295125,6.808378755487223,0,Dry,Cool,Windy,High humidity
2020-01-03,7.47,23,7.6,18.3,3.1,86,2020,1,Jan,1,Fri,Winter,0,12.006089591567852,6.840039713333452,0,Rainy,Cool,Windy,High humidity
2020-01-04,7.263478260869565,23,4.4,12.8,0,89,2020,1,Jan,1,Sat,Winter,0,11.61941765480896,6.766497372379237,0,Dry,Cool,Calm,High humidity
2020-01-05,6.6869565217391305,23,5.9,11.6,0,90,2020,1,Jan,1,Sun,Winter,0,11.102013175230566,6.517710316578538,0,Dry,Cool,Calm,High humidity
2020-01-06,7.1982608695652175,23,7.2,19,1.3,83,2020,1,Jan,2,Mon,Winter,0,11.05051581027668,6.54304453728319,0,Rainy,Cool,Windy,High humidity
2020-01-07,9.393478260869566,23,8.9,20.5,0.1,92,2020,1,Jan,2,Tue,Winter,0,11.158762187088275,6.485720004709249,0,Rainy,Cool,Windy,High humidity
2020-01-09,8.003043478260869,23,10.7,24.1,6.5,87,2020,1,Jan,2,Thu,Winter,0,11.197272727272727,6.462628380877378,0,Rainy,Mild,Windy,High humidity
2020-01-10,7.392608695652174,23,5.4,12.9,0.1,85,2020,1,Jan,2,Fri,Winter,0,11.143056653491437,6.488303037724735,0,Rainy,Cool,Calm,High humidity
2020-01-11,6.828695652173913,23,8.9,27.5,0,80,2020,1,Jan,2,Sat,Winter,0,11.13504347826087,6.493654198403649,0,Dry,Cool,Windy,High humidity
2020-01-12,6.136956521739131,23,8.9,23.2,1,83,2020,1,Jan,2,Sun,Winter,0,11.070666666666666,6.534550579604138,0,Rainy,Cool,Windy,High humidity
2020-01-13,6.480869565217391,23,8.2,25.7,4.8,86,2020,1,Jan,3,Mon,Winter,0,11.04149275362319,6.5536322872501,0,Rainy,Cool,Windy,High humidity
2020-01-14,7.614090909090909,22,10.2,32.5,5.4,85,2020,1,Jan,3,Tue,Winter,0,11.036658102766799,6.55619020030429,0,Rainy,Mild,Windy,High humidity
2020-01-15,7.199090909090909,22,8.2,21.9,12.5,83,2020,1,Jan,3,Wed,Winter,0,11.04132345191041,6.553311379296078,0,Rainy,Cool,Windy,High humidity
2020-01-16,7.335,22,9.3,23.9,6.2,81,2020,1,Jan,3,Thu,Winter,0,11.017591567852438,6.565806185587785,0,Rainy,Mild,Windy,High humidity
2020-01-17,6.842380952380952,21,7.3,19,2.7,85,2020,1,Jan,3,Fri,Winter,0,10.853091222786874,6.60780049031015,0,Rainy,Cool,Windy,High humidity
2020-01-18,7.347272727272728,22,2.7,10.4,0,87,2020,1,Jan,3,Sat,Winter,0,10.726043791956837,6.638292598403031,0,Dry,Cool,Calm,High humidity
2020-01-19,11.362727272727271,22,0.9,9.1,0,86,2020,1,Jan,3,Sun,Winter,0,10.779931802497021,6.6366247730338,0,Dry,Cool,Calm,High humidity
2020-01-20,19.35909090909091,22,1.1,7.7,0,92,2020,1,Jan,4,Mon,Winter,1,11.140263818307297,6.8027103735072,0,Dry,Cool,Calm,High humidity
2020-01-21,25.376190476190477,21,0.2,7.3,0,96,2020,1,Jan,4,Tue,Winter,1,11.737455674760023,7.240809887601178,1,Dry,Cool,Calm,High humidity
2020-01-22,28.582608695652173,23,5.2,4.6,0,97,2020,1,Jan,4,Wed,Winter,1,12.421948428383212,7.826877676959021,1,Dry,Cool,Calm,High humidity
2020-01-23,18.09318181818182,22,6.1,5,0,93,2020,1,Jan,4,Thu,Winter,1,12.791822604931301,7.823855110058359,0,Dry,Cool,Calm,High humidity
2020-01-24,16.85,20,5.8,5.1,0.2,91,2020,1,Jan,4,Fri,Winter,1,13.07599651797478,7.810824204310515,0,Rainy,Cool,Calm,High humidity
2020-01-25,21.68095238095238,21,5.8,8.3,0,91,2020,1,Jan,4,Sat,Winter,1,13.50555000313696,7.920809632409464,0,Dry,Cool,Calm,High humidity
2020-01-26,17.333333333333332,21,8.1,19.5,2.9,90,2020,1,Jan,4,Sun,Winter,1,13.726646621494448,7.932374245905981,0,Rainy,Cool,Windy,High humidity
2020-01-27,8.130952380952381,21,6.7,16.8,6.9,90,2020,1,Jan,5,Mon,Winter,0,13.55838851245373,7.997664517214362,0,Rainy,Cool,Windy,High humidity
2020-01-28,5.477619047619048,21,4.2,22.4,1.5,81,2020,1,Jan,5,Tue,Winter,0,13.158222190852626,8.094297338498407,0,Rainy,Cool,Windy,High humidity
2020-01-29,6.429047619047619,21,5.1,18.9,0,78,2020,1,Jan,5,Wed,Winter,0,12.819335372357111,8.15799242117293,0,Dry,Cool,Windy,Low humidity
2020-01-30,6.4875,20,9.3,19.7,0.6,92,2020,1,Jan,5,Thu,Winter,0,12.290947691197692,8.032524842202813,0,Rainy,Mild,Windy,High humidity
2020-01-31,4.878181818181818,22,10.5,26.1,0.1,90,2020,1,Jan,5,Fri,Winter,0,11.618336360499404,7.767170615918705,0,Rainy,Mild,Windy,High humidity
2020-02-01,6.218181818181818,22,9.5,25.5,0,77,2020,2,Feb,5,Sat,Winter,0,10.645898942844594,6.392824285852384,0,Dry,Mild,Windy,Low humidity
2020-02-02,8.935,22,10,21.8,6.7,82,2020,2,Feb,5,Sun,Winter,0,10.479558363134451,6.369434117116133,0,Rainy,Mild,Windy,High humidity
2020-02-03,8.184545454545454,22,8.8,22.4,0.3,76,2020,2,Feb,6,Mon,Winter,0,10.503376544952632,6.359119603270105,0,Rainy,Cool,Windy,Low humidity
2020-02-04,6.017826086956521,23,6.1,21.4,0.1,75,2020,2,Feb,6,Tue,Winter,0,10.461854805822197,6.385017922118725,0,Rainy,Cool,Windy,Low humidity
2020-02-05,12.458695652173914,23,3.9,7.1,0,88,2020,2,Feb,6,Wed,Winter,0,10.654246110170023,6.354233576504039,0,Dry,Cool,Calm,High humidity
2020-02-06,17.717391304347828,23,2.7,6.3,0,94,2020,2,Feb,6,Thu,Winter,1,11.004883791329442,6.446512097693794,0,Dry,Cool,Calm,High humidity
2020-02-08,10.807826086956522,23,8.7,19.5,1,81,2020,2,Feb,6,Sat,Winter,0,11.052028718865676,6.439489038348074,0,Rainy,Cool,Windy,High humidity
2020-02-09,7.735217391304348,23,10.2,45,18.8,82,2020,2,Feb,6,Sun,Winter,0,11.04310118263379,6.444045871252173,0,Rainy,Mild,Windy,High humidity
2020-02-10,6.5465217391304344,23,6.8,36.7,2.4,70,2020,2,Feb,7,Mon,Winter,0,11.014898284083067,6.462398822586598,0,Rainy,Cool,Windy,Low humidity
2020-02-11,5.6060869565217395,23,4.8,32.6,0.3,61,2020,2,Feb,7,Tue,Winter,0,10.974144660894662,6.493488726755585,0,Rainy,Cool,Windy,Low humidity
2020-02-12,5.431304347826087,23,4.8,20.4,0.4,73,2020,2,Feb,7,Wed,Winter,0,10.950622921764227,6.512864116412606,0,Rainy,Cool,Windy,Low humidity
2020-02-13,6.846521739130435,23,6.9,23.1,12.8,84,2020,2,Feb,7,Thu,Winter,0,10.962811327561328,6.504547655026077,0,Rainy,Cool,Windy,High humidity
2020-02-14,7.736521739130435,23,6.7,19.3,0.3,86,2020,2,Feb,7,Fri,Winter,0,10.966892355229312,6.502412237068014,0,Rainy,Cool,Windy,High humidity
2020-02-15,7.776086956521739,23,11.3,36.2,6.8,89,2020,2,Feb,7,Sat,Winter,0,10.986125556810341,6.491727882190802,0,Rainy,Mild,Windy,High humidity
2020-02-16,7.901363636363636,22,9.8,36.4,15.7,83,2020,2,Feb,7,Sun,Winter,0,11.005004344689128,6.481559364342233,0,Rainy,Mild,Windy,High humidity
2020-02-17,6.662608695652174,23,7.3,28,1,68,2020,2,Feb,8,Mon,Winter,0,10.9990119361315,6.485622377836879,0,Rainy,Cool,Windy,Low humidity
2020-02-18,6.772173913043479,23,6.6,26.4,2.2,76,2020,2,Feb,8,Tue,Winter,0,10.979841975657193,6.497627065564211,0,Rainy,Cool,Windy,Low humidity
2020-02-19,8.325,22,5.5,19.9,1.6,85,2020,2,Feb,8,Wed,Winter,0,10.878584399899617,6.515100652560874,0,Rainy,Cool,Windy,High humidity
2020-02-20,8.193809523809524,21,7.5,28.5,3.9,80,2020,2,Feb,8,Thu,Winter,0,10.506408353723572,6.330231607898301,0,Rainy,Cool,Windy,High humidity
2020-02-21,8.03608695652174,23,7.4,27.3,0,74,2020,2,Feb,8,Fri,Winter,0,9.928404903067948,5.684378356956865,0,Dry,Cool,Windy,Low humidity
2020-02-22,8.115217391304348,23,10.6,33.2,0,73,2020,2,Feb,8,Sat,Winter,0,9.246158526256353,4.465951989887889,0,Dry,Mild,Windy,Low humidity
2020-02-23,6.472608695652174,23,10.1,26.5,1.2,78,2020,2,Feb,8,Sun,Winter,0,8.858806088838698,4.16603089165006,0,Rainy,Mild,Windy,Low humidity
2020-02-24,6.563478260869565,23,9.2,25.6,4.3,83,2020,2,Feb,9,Mon,Winter,0,8.515922030867683,3.9004900386695143,0,Rainy,Mild,Windy,High humidity
2020-02-25,5.276086956521739,23,5.4,22.3,2.7,77,2020,2,Feb,9,Tue,Winter,0,7.969093183386662,3.0479428180910495,0,Rainy,Cool,Windy,Low humidity
2020-02-26,5.276521739130435,23,3.6,19.5,0.8,73,2020,2,Feb,9,Wed,Winter,0,7.5671994635798985,2.519743403631428,0,Rainy,Cool,Windy,Low humidity
2020-02-27,6.794782608695652,23,3.4,16.4,7.8,78,2020,2,Feb,9,Thu,Winter,0,7.522660471171341,2.5212435121192502,0,Rainy,Cool,Windy,Low humidity
2020-02-28,8.214347826086957,23,5.8,22.7,6.1,87,2020,2,Feb,9,Fri,Winter,0,7.613884763786938,2.49406175711434,0,Rainy,Cool,Windy,High humidity
2020-02-29,8.835652173913044,23,7.2,33,5.5,73,2020,2,Feb,9,Sat,Winter,0,7.694104915615785,2.4933414483436005,0,Rainy,Cool,Windy,Low humidity
2020-03-01,5.973478260869565,23,6.1,23.9,0,66,2020,3,Mar,9,Sun,Spring,0,7.676970857644771,2.5036638610670034,0,Dry,Cool,Windy,Low humidity
2020-03-02,6.34304347826087,23,5.2,13.5,4.2,78,2020,3,Mar,10,Mon,Spring,0,7.725799579647406,2.4611201822330813,0,Rainy,Cool,Windy,Low humidity
2020-03-03,6.781739130434783,23,4.4,14.4,0.2,79,2020,3,Mar,10,Tue,Spring,0,7.744584823389172,2.4513473863336714,0,Rainy,Cool,Windy,Low humidity
2020-03-04,9.599565217391303,23,4.1,10.5,5.1,89,2020,3,Mar,10,Wed,Spring,0,7.766736997302215,2.4654380505452704,0,Rainy,Cool,Calm,High humidity
2020-03-05,12.754545454545454,22,5.4,21.8,15.4,93,2020,3,Mar,10,Thu,Spring,0,7.919070330635549,2.62797066467309,0,Rainy,Cool,Windy,High humidity
2020-03-06,10.271818181818182,22,4.7,9.4,0,77,2020,3,Mar,10,Fri,Spring,0,8.060870067130937,2.6366000993710816,0,Dry,Cool,Calm,Low humidity
2020-03-07,12.723636363636365,22,7.1,18.5,0,84,2020,3,Mar,10,Sat,Spring,0,8.069701424179685,2.6522360267716136,0,Dry,Cool,Windy,High humidity
2020-03-09,7.902272727272727,22,7.3,21.3,4,78,2020,3,Mar,11,Mon,Spring,0,7.742530804943849,1.9274354609828175,0,Rainy,Cool,Windy,Low humidity
2020-03-10,6.663181818181818,22,12.4,28.5,3.1,85,2020,3,Mar,11,Tue,Spring,0,7.604375995984692,1.8470066441594568,0,Rainy,Mild,Windy,High humidity
2020-03-11,4.869545454545454,22,10.9,24.7,0.2,76,2020,3,Mar,11,Wed,Spring,0,7.5088535980927285,1.9129325341690915,0,Rainy,Mild,Windy,Low humidity
2020-03-12,5.908571428571428,21,7.2,30.5,1.6,61,2020,3,Mar,11,Thu,Spring,0,7.4875885877407615,1.9274896119721039,0,Rainy,Cool,Windy,Low humidity
2020-03-13,6.162857142857143,21,6.9,17.5,0.1,72,2020,3,Mar,11,Fri,Spring,0,7.506147593951942,1.9113616904059028,0,Rainy,Cool,Windy,Low humidity
2020-03-14,6.795454545454545,22,9.1,17.8,3.5,83,2020,3,Mar,11,Sat,Spring,0,7.551619267206224,1.8762019757103217,0,Rainy,Mild,Windy,High humidity
2020-03-15,6.048181818181819,22,8.9,22.8,1.7,84,2020,3,Mar,11,Sun,Spring,0,7.5250079365079365,1.892141630146813,0,Rainy,Cool,Windy,High humidity
2020-03-16,7.014545454545455,22,6.2,9,0,78,2020,3,Mar,12,Mon,Spring,0,7.500942060355104,1.893949143369628,0,Dry,Cool,Calm,Low humidity
2020-03-17,6.806363636363637,22,8.6,20.1,0,82,2020,3,Mar,12,Tue,Spring,0,7.468617949683167,1.8973633829489758,0,Dry,Cool,Windy,High humidity
2020-03-18,6.89,22,11,20.3,0.6,84,2020,3,Mar,12,Wed,Spring,0,7.434905828471046,1.8983938864078311,0,Rainy,Mild,Windy,High humidity
2020-03-19,12.730454545454544,22,7.5,15.2,1.5,85,2020,3,Mar,12,Thu,Spring,0,7.637167356797792,2.1232066076794887,0,Rainy,Cool,Windy,High humidity
2020-03-20,6.7700000000000005,23,6.6,23.3,0,70,2020,3,Mar,12,Fri,Spring,0,7.637094893029675,2.1232371842538575,0,Dry,Cool,Windy,Low humidity
2020-03-21,6.190909090909091,22,6.5,24.8,0,66,2020,3,Mar,12,Sat,Spring,0,7.5659585293933125,2.135111856461457,0,Dry,Cool,Windy,Low humidity
2020-03-22,8.388181818181819,22,5.9,20.6,0,68,2020,3,Mar,12,Sun,Spring,0,7.5724376058723895,2.137376505494387,0,Dry,Cool,Windy,Low humidity
2020-03-23,10.120454545454546,22,5.3,13.4,0,64,2020,3,Mar,13,Mon,Spring,0,7.641916525503482,2.186286187033488,0,Dry,Cool,Windy,Low humidity
2020-03-24,12.435652173913043,23,6,11.4,0,66,2020,3,Mar,13,Tue,Spring,0,7.785931018257106,2.354374168182614,0,Dry,Cool,Calm,Low humidity
2020-03-25,17.504545454545454,22,5.5,10.5,0,61,2020,3,Mar,13,Wed,Spring,1,8.153662243553548,2.932688053803911,0,Dry,Cool,Calm,Low humidity
2020-03-26,23.2,23,5.5,14.1,0,67,2020,3,Mar,13,Thu,Spring,1,8.708212968191228,4.000245324387325,0,Dry,Cool,Windy,Low humidity
2020-03-27,25.42608695652174,23,6.8,18.2,0,67,2020,3,Mar,13,Fri,Spring,1,9.379879634857897,4.976602688996135,1,Dry,Cool,Windy,Low humidity
2020-03-28,15.468260869565215,23,6.7,25.8,0,67,2020,3,Mar,13,Sat,Spring,1,9.719604272539055,5.034361619479169,0,Dry,Cool,Windy,Low humidity
2020-03-29,5.8652173913043475,23,4.7,29.4,0.3,56,2020,3,Mar,13,Sun,Spring,0,9.688618765292679,5.055799073818956,0,Rainy,Cool,Windy,Low humidity
2020-03-30,5.208260869565217,23,5.3,16.4,0.6,73,2020,3,Mar,14,Mon,Spring,0,9.588415866741952,5.115463161742901,0,Rainy,Cool,Windy,Low humidity
2020-03-31,6.016521739130435,23,5.6,15.3,0,72,2020,3,Mar,14,Tue,Spring,0,9.494444852249199,5.1555052441456715,0,Dry,Cool,Windy,Low humidity
2020-04-01,8.19304347826087,23,4.3,7.6,0,74,2020,4,Apr,14,Wed,Spring,0,9.568430359495578,5.119031493426655,0,Dry,Cool,Calm,Low humidity
2020-04-02,6.504782608695653,23,8.1,12.5,0,74,2020,4,Apr,14,Thu,Spring,0,9.573821663843404,5.115601439385299,0,Dry,Cool,Calm,Low humidity
2020-04-03,6.169130434782609,23,8.4,6.6,0.3,74,2020,4,Apr,14,Fri,Spring,0,9.553401373988331,5.128337945308141,0,Rainy,Cool,Calm,Low humidity
2020-04-04,10.349565217391303,23,8.3,11.1,0,76,2020,4,Apr,14,Sat,Spring,0,9.578401373988331,5.130398412042766,0,Dry,Cool,Calm,Low humidity
2020-04-05,9.743478260869566,23,12.8,17.9,0,59,2020,4,Apr,14,Sun,Spring,0,9.478032467532469,5.095453652298923,0,Dry,Mild,Windy,Low humidity
2020-04-06,6.7013043478260865,23,12.5,13.8,0.1,67,2020,4,Apr,15,Mon,Spring,0,9.359015339732732,5.117923072646653,0,Rainy,Mild,Windy,Low humidity
2020-04-07,7.012272727272728,22,11.3,8.5,0,71,2020,4,Apr,15,Tue,Spring,0,9.168636551853943,5.0946224675420915,0,Dry,Mild,Calm,Low humidity
2020-04-08,25.2,23,13.6,8.3,0,71,2020,4,Apr,15,Wed,Spring,1,9.745227460944852,5.866701443223535,1,Dry,Mild,Calm,Low humidity
2020-04-09,39.86521739130435,23,13.4,12.8,0,68,2020,4,Apr,15,Thu,Spring,1,10.851961980048937,8.006670361558884,1,Dry,Mild,Calm,Low humidity
2020-04-10,25.81304347826087,23,13.4,13.4,0,70,2020,4,Apr,15,Fri,Spring,1,11.55007858083945,8.37179168922153,1,Dry,Mild,Windy,Low humidity
2020-04-11,20.03913043478261,23,15.2,7.6,0,65,2020,4,Apr,15,Sat,Spring,1,12.021097214379823,8.440668441374852,0,Dry,Warm,Calm,Low humidity
2020-04-12,17.191304347826087,23,15.6,10,0.3,65,2020,4,Apr,15,Sun,Spring,1,12.388712121212121,8.416853929109068,0,Rainy,Warm,Calm,Low humidity
2020-04-13,8.628260869565217,23,8.3,26,0,58,2020,4,Apr,16,Mon,Spring,0,12.449805665349144,8.38143260433234,0,Dry,Cool,Windy,Low humidity
2020-04-14,6.483913043478261,23,7.2,10.4,0,57,2020,4,Apr,16,Tue,Spring,0,12.464330039525692,8.370326736711071,0,Dry,Cool,Calm,Low humidity
2020-04-15,12.737826086956522,23,8.7,9.2,0,66,2020,4,Apr,16,Wed,Spring,0,12.655106060606062,8.306813788231842,0,Dry,Cool,Calm,Low humidity
2020-04-16,28.008695652173913,23,11.6,10.1,0,70,2020,4,Apr,16,Thu,Spring,1,13.36185046113307,8.685365813329597,1,Dry,Mild,Calm,Low humidity
2020-04-17,13.721363636363636,22,10,20.7,6.4,76,2020,4,Apr,16,Fri,Spring,0,13.589562582345192,8.598958672033309,0,Rainy,Mild,Windy,Low humidity
2020-04-18,10.537391304347826,23,9.9,12.5,2.2,81,2020,4,Apr,16,Sat,Spring,0,13.516460474308301,8.615819416675206,0,Rainy,Mild,Calm,High humidity
2020-04-19,9.913636363636364,22,10.6,15.1,0,68,2020,4,Apr,16,Sun,Spring,0,13.62124835309618,8.549801732036258,0,Dry,Mild,Windy,Low humidity
2020-04-20,7.443181818181818,22,11.3,23.1,0,59,2020,4,Apr,17,Mon,Spring,0,13.662990777338603,8.515261090447037,0,Dry,Mild,Windy,Low humidity
2020-04-21,8.342173913043478,23,12.5,22.7,0,55,2020,4,Apr,17,Tue,Spring,0,13.661457180500658,8.516247926668632,0,Dry,Mild,Windy,Low humidity
2020-04-22,11.432173913043478,23,13.1,16.6,0,59,2020,4,Apr,17,Wed,Spring,0,13.70518115942029,8.500794150206426,0,Dry,Mild,Windy,Low humidity
2020-04-23,16.078260869565216,23,13.8,11.2,0,63,2020,4,Apr,17,Thu,Spring,1,13.826601449275362,8.508047004724276,0,Dry,Mild,Calm,Low humidity
2020-04-24,17.169565217391305,23,13,8.4,0,65,2020,4,Apr,17,Fri,Spring,1,13.815435441370225,8.503272079050411,0,Dry,Mild,Calm,Low humidity
2020-04-25,10.414090909090907,22,10.1,10.4,0,75,2020,4,Apr,17,Sat,Spring,0,13.389238471673254,8.335452374673807,0,Dry,Mild,Calm,Low humidity
2020-04-26,11.032727272727271,22,11.4,5.3,0,68,2020,4,Apr,17,Sun,Spring,0,12.909459815546771,8.027270372236353,0,Dry,Mild,Calm,Low humidity
2020-04-27,13.046363636363637,22,12.2,9.3,0.2,67,2020,4,Apr,18,Mon,Spring,0,12.828729907773386,8.012814692345907,0,Rainy,Mild,Calm,Low humidity
2020-04-28,9.570434782608697,23,8.8,17,13.6,88,2020,4,Apr,18,Tue,Spring,0,12.952237154150199,7.929906593529077,0,Rainy,Cool,Windy,High humidity
2020-04-29,7.417826086956522,23,10.2,15.4,3.4,79,2020,4,Apr,18,Wed,Spring,0,13.025889328063242,7.865500700381995,0,Rainy,Mild,Windy,Low humidity
2020-04-30,7.099130434782609,23,9.1,22.4,7.9,79,2020,4,Apr,18,Thu,Spring,0,13.06197628458498,7.834655782533868,0,Rainy,Mild,Windy,Low humidity
2020-05-01,6.3908695652173915,23,10.4,18.8,2.2,73,2020,5,May,18,Fri,Spring,0,13.001903820816864,7.880053393076913,0,Rainy,Mild,Windy,Low humidity
2020-05-02,4.564090909090909,22,10.7,12.2,0,67,2020,5,May,18,Sat,Spring,0,12.937214097496707,7.942944304991571,0,Dry,Mild,Calm,Low humidity
2020-05-03,6.118181818181818,22,10.1,6.1,1,81,2020,5,May,18,Sun,Spring,0,12.93551581027668,7.944446598571773,0,Rainy,Mild,Calm,High humidity
2020-05-04,7.973181818181818,22,11.6,14.5,0.2,73,2020,5,May,19,Mon,Spring,0,12.85630303030303,7.982874124226534,0,Rainy,Mild,Windy,Low humidity
2020-05-05,5.875909090909091,22,9.8,22.4,0,67,2020,5,May,19,Tue,Spring,0,12.727384057971015,8.065678066874254,0,Dry,Mild,Windy,Low humidity
2020-05-06,7.329090909090909,22,10.4,12.9,0,71,2020,5,May,19,Wed,Spring,0,12.748310276679842,8.050304155154803,0,Dry,Mild,Calm,Low humidity
2020-05-07,10.117058823529412,17,13.3,8.1,0,69,2020,5,May,19,Thu,Spring,0,12.851803146555065,7.993778932314254,0,Dry,Mild,Calm,Low humidity
2020-05-08,11.882272727272728,22,16.1,5.3,0,62,2020,5,May,19,Fri,Spring,0,12.407878904130822,7.646645666801372,0,Dry,Warm,Calm,Low humidity
2020-05-09,21.204761904761902,21,16,10.8,0,61,2020,5,May,19,Sat,Spring,1,11.785863721246074,5.894290445291398,0,Dry,Warm,Calm,Low humidity
2020-05-10,15.579545454545457,22,11.5,22.9,1,69,2020,5,May,19,Sun,Spring,1,11.44474712045556,5.322938548195388,0,Rainy,Mild,Windy,Low humidity
2020-05-11,5.64047619047619,21,8.4,27.9,0,48,2020,5,May,20,Mon,Spring,0,10.96479197897868,5.1681784865228995,0,Dry,Cool,Windy,Low humidity
2020-05-12,4.8585714285714285,21,8.6,7.3,0,61,2020,5,May,20,Tue,Spring,0,10.55370088167019,5.146269467764148,0,Dry,Cool,Calm,Low humidity
2020-05-13,5.044761904761905,21,8.6,17.3,0,59,2020,5,May,20,Wed,Spring,0,10.434250916176747,5.233353359557614,0,Dry,Cool,Windy,Low humidity
2020-05-14,4.247727272727273,22,8.2,14.3,0,60,2020,5,May,20,Thu,Spring,0,10.359711390485048,5.306966324297387,0,Dry,Cool,Windy,Low humidity
2020-05-15,6.163636363636364,22,10.4,7.1,0,63,2020,5,May,20,Fri,Spring,0,10.140571733041043,5.341005348624398,0,Dry,Mild,Calm,Low humidity
2020-05-16,6.267727272727273,22,11.2,8.6,0,63,2020,5,May,20,Sat,Spring,0,9.415872787059488,4.18221695392853,0,Dry,Mild,Calm,Low humidity
2020-05-17,7.0204545454545455,22,13.3,12.2,0,64,2020,5,May,20,Sun,Spring,0,9.192509150695852,4.122859982063733,0,Dry,Mild,Calm,Low humidity
2020-05-18,5.514545454545455,22,15.7,15.1,0,57,2020,5,May,21,Mon,Spring,0,9.025080955702439,4.168101368182915,0,Dry,Warm,Windy,Low humidity
2020-05-19,5.036818181818182,22,17.3,11,0,66,2020,5,May,21,Tue,Spring,0,8.862520349641834,4.2269371489306895,0,Dry,Warm,Calm,Low humidity
2020-05-20,5.9795454545454545,22,18.6,8.6,0,60,2020,5,May,21,Wed,Spring,0,8.813732470853955,4.252255169763651,0,Dry,Warm,Calm,Low humidity
2020-05-21,6.966363636363637,22,19.1,8.7,0.1,56,2020,5,May,21,Thu,Spring,0,8.76787212829796,4.264916443541342,0,Rainy,Warm,Calm,Low humidity
2020-05-22,6.905,22,17.6,25.1,0,55,2020,5,May,21,Fri,Spring,0,8.616966331196512,4.247451437158267,0,Dry,Warm,Windy,Low humidity
2020-05-23,7.534090909090909,22,14.3,27.9,0.2,55,2020,5,May,21,Sat,Spring,0,8.332160665847367,4.009698340190976,0,Rainy,Mild,Windy,Low humidity
2020-05-24,6.988181818181818,22,15.8,18.2,0,62,2020,5,May,21,Sun,Spring,0,7.992781219207051,3.650715330338293,0,Dry,Warm,Windy,Low humidity
2020-05-25,7.470952380952381,21,17.4,8.4,0,58,2020,5,May,22,Mon,Spring,0,7.894676601602432,3.6228431372387164,0,Dry,Warm,Calm,Low humidity
2020-05-26,7.178636363636364,22,18.7,8.1,0,55,2020,5,May,22,Tue,Spring,0,7.766206904632736,3.575756477623601,0,Dry,Warm,Calm,Low humidity
2020-05-27,6.632272727272727,22,17.9,9.2,0,61,2020,5,May,22,Wed,Spring,0,7.552403874329706,3.438270399010718,0,Dry,Warm,Calm,Low humidity
2020-05-28,6.0128571428571425,21,15.3,16,0,61,2020,5,May,22,Thu,Spring,0,7.433817953004654,3.427602326419474,0,Dry,Warm,Windy,Low humidity
2020-05-29,5.574285714285715,21,15.4,14.7,0,57,2020,5,May,22,Fri,Spring,0,7.372366607248961,3.444383683944199,0,Dry,Warm,Windy,Low humidity
2020-05-30,6.3865,20,16.5,15.5,0,60,2020,5,May,22,Sat,Spring,0,7.3486122594228735,3.4487875770385847,0,Dry,Warm,Windy,Low humidity
2020-05-31,6.668571428571429,21,17.4,18,0,53,2020,5,May,22,Sun,Spring,0,7.357868988201342,3.446500227102077,0,Dry,Warm,Windy,Low humidity
2020-06-01,5.1054545454545455,22,17.7,13.6,0,57,2020,6,Jun,23,Mon,Summer,0,7.3759144427467955,3.432757795330711,0,Dry,Warm,Windy,Low humidity
2020-06-02,5.939090909090909,22,17.8,8.3,0,58,2020,6,Jun,23,Tue,Summer,0,7.369944745777099,3.435175334350762,0,Dry,Warm,Calm,Low humidity
2020-06-03,8.302727272727273,22,14.9,12.7,1.6,71,2020,6,Jun,23,Wed,Summer,0,7.380929594261947,3.4376968333584426,0,Rainy,Warm,Calm,Low humidity
2020-06-04,5.5668181818181814,22,12.5,16.8,0.7,68,2020,6,Jun,23,Thu,Summer,0,7.3706265639589175,3.4428223934512916,0,Rainy,Mild,Windy,Low humidity
2020-06-05,4.295454545454546,22,12.7,20.5,1.2,60,2020,6,Jun,23,Fri,Summer,0,7.269505351837705,3.48833498321824,0,Rainy,Mild,Windy,Low humidity
2020-06-06,3.743529411764706,17,11.1,24,1.7,67,2020,6,Jun,23,Sat,Summer,0,7.057054371445548,3.5029831163173317,0,Rainy,Mild,Windy,Low humidity
2020-06-07,5.953636363636363,22,12.3,11.4,1.5,80,2020,6,Jun,23,Sun,Summer,0,6.859433159324336,3.3866828725478646,0,Rainy,Mild,Calm,High humidity
2020-06-08,5.410454545454545,22,12.4,13.3,0,69,2020,6,Jun,24,Mon,Summer,0,6.332956247347425,2.039394345020066,0,Dry,Mild,Calm,Low humidity
2020-06-09,6.110909090909091,22,13.7,6.2,0.3,61,2020,6,Jun,24,Tue,Summer,0,6.017335035226212,1.0533385352801892,0,Rainy,Mild,Calm,Low humidity
2020-06-10,9.372272727272728,22,12.7,9.6,5.9,85,2020,6,Jun,24,Wed,Summer,0,6.14172825311943,1.2152126843250939,0,Rainy,Mild,Calm,High humidity
2020-06-11,10.899090909090908,22,14.6,18.6,3.9,81,2020,6,Jun,24,Thu,Summer,0,6.343078902470079,1.4691688907915845,0,Rainy,Mild,Windy,High humidity
2020-06-12,16.347619047619048,21,16.1,19.3,1.5,82,2020,6,Jun,24,Fri,Summer,1,6.719840807231984,2.3248431179061217,0,Rainy,Warm,Windy,High humidity
2020-06-13,9.188571428571429,21,17.2,13.9,3.7,74,2020,6,Jun,24,Sat,Summer,0,6.884535612426789,2.31867623017443,0,Rainy,Warm,Windy,Low humidity
2020-06-14,9.375714285714286,21,16.7,11.8,1.8,75,2020,6,Jun,24,Sun,Summer,0,6.991604876496053,2.358066748982041,0,Rainy,Warm,Calm,Low humidity
2020-06-15,5.654761904761905,21,17.1,6.5,1.3,73,2020,6,Jun,25,Mon,Summer,0,6.971172697563874,2.367193239163839,0,Rainy,Warm,Calm,Low humidity
2020-06-16,6.342380952380952,21,16.8,6.5,9.7,80,2020,6,Jun,25,Tue,Summer,0,6.948570244461421,2.369942057682786,0,Rainy,Warm,Calm,High humidity
2020-06-17,6.973636363636364,22,16.9,5.4,6.1,81,2020,6,Jun,25,Wed,Summer,0,6.997206608097785,2.3544189683893952,0,Rainy,Warm,Calm,High humidity
2020-06-18,7.235652173913044,23,15.6,11,22.4,88,2020,6,Jun,25,Thu,Summer,0,7.070501074500948,2.325332329414947,0,Rainy,Warm,Calm,High humidity
2020-06-19,6.1850000000000005,22,15.6,18.5,2.5,79,2020,6,Jun,25,Fri,Summer,0,7.0773495593494316,2.3223090750396667,0,Rainy,Warm,Windy,Low humidity
2020-06-20,5.411739130434783,23,16.3,14.3,0.4,76,2020,6,Jun,25,Sat,Summer,0,7.025528742485137,2.3421316703344823,0,Rainy,Warm,Windy,Low humidity
2020-06-21,4.8365217391304345,23,16.7,18.7,1.7,70,2020,6,Jun,25,Sun,Summer,0,6.956579467122818,2.376003936488896,0,Rainy,Warm,Windy,Low humidity
2020-06-22,5.822608695652174,23,16,13,0,68,2020,6,Jun,26,Mon,Summer,0,6.8995300600081935,2.3821981856773764,0,Dry,Warm,Calm,Low humidity
2020-06-23,6.595217391304348,23,19.7,9.3,0,64,2020,6,Jun,26,Tue,Summer,0,6.886431245778945,2.382774226195121,0,Dry,Warm,Calm,Low humidity
2020-06-24,8.565217391304348,23,22.3,14,0,61,2020,6,Jun,26,Wed,Summer,0,6.92290674612401,2.4003413656563866,0,Dry,Warm,Windy,Low humidity
2020-06-25,10.058260869565215,23,23.2,13.8,0,60,2020,6,Jun,26,Thu,Summer,0,7.018894229654972,2.4675561092109377,0,Dry,Warm,Windy,Low humidity
2020-06-26,11.121304347826086,23,21.2,12,3.1,68,2020,6,Jun,26,Fri,Summer,0,7.168528617006751,2.5769852775879523,0,Rainy,Warm,Calm,Low humidity
2020-06-27,6.6326086956521735,23,16.6,25.3,5.4,78,2020,6,Jun,26,Sat,Summer,0,7.189187002099918,2.569875691653187,0,Rainy,Warm,Windy,Low humidity
2020-06-28,4.59,23,15.6,27.1,0.7,63,2020,6,Jun,26,Sun,Summer,0,7.156377478290394,2.5973404434939518,0,Rainy,Warm,Windy,Low humidity
2020-06-29,4.5230434782608695,23,15.3,27.1,0.1,61,2020,6,Jun,27,Mon,Summer,0,7.0942622608990895,2.6383454299215963,0,Rainy,Warm,Windy,Low humidity
2020-06-30,4.694782608695652,23,15.8,18.1,2.8,79,2020,6,Jun,27,Tue,Summer,0,7.028469300236564,2.6737005230803588,0,Rainy,Warm,Windy,Low humidity
2020-07-01,4.335652173913044,23,17.1,19.6,1.4,74,2020,7,Jul,27,Wed,Summer,0,7.0028092211851805,2.6963902131495368,0,Rainy,Warm,Windy,Low humidity
2020-07-02,4.95695652173913,23,16.1,14.9,3.2,75,2020,7,Jul,27,Thu,Summer,0,6.970071408273455,2.715644007914959,0,Rainy,Warm,Windy,Low humidity
2020-07-03,5.700869565217391,23,16.1,23.4,1.4,74,2020,7,Jul,27,Fri,Summer,0,6.883342818023125,2.7131620130861545,0,Rainy,Warm,Windy,Low humidity
2020-07-04,5.695652173913043,23,18.1,29.1,1,81,2020,7,Jul,27,Sat,Summer,0,6.887637284426288,2.711107509051829,0,Rainy,Warm,Windy,High humidity
2020-07-05,4.678260869565217,23,17.4,31.5,0.2,64,2020,7,Jul,27,Sun,Summer,0,6.900397495229977,2.6993617505165908,0,Rainy,Warm,Windy,Low humidity
2020-07-06,6.323181818181818,22,15.5,18.6,0,61,2020,7,Jul,28,Mon,Summer,0,6.986385908777213,2.6356678376869533,0,Dry,Warm,Windy,Low humidity
2020-07-07,5.322727272727272,22,15.4,12.1,1.5,69,2020,7,Jul,28,Tue,Summer,0,6.96535560574691,2.646686437095505,0,Rainy,Warm,Calm,Low humidity
2020-07-08,7.12952380952381,21,16.6,14.9,11.1,88,2020,7,Jul,28,Wed,Summer,0,7.022657914549219,2.6304205186745886,0,Rainy,Warm,Windy,High humidity
2020-07-09,6.652380952380953,21,17.3,19.1,6.8,86,2020,7,Jul,28,Thu,Summer,0,7.0407069765982815,2.6258023213863626,0,Rainy,Warm,Windy,High humidity
2020-07-10,4.220952380952381,21,15,15.2,0.3,69,2020,7,Jul,28,Fri,Summer,0,6.868996298387603,2.6364852355344506,0,Rainy,Warm,Windy,Low humidity
2020-07-11,4.423636363636364,22,14.9,10.4,0,65,2020,7,Jul,28,Sat,Summer,0,6.653147813539118,2.5591012909671913,0,Dry,Warm,Calm,Low humidity
2020-07-12,6.796818181818182,22,16.3,5.8,0,64,2020,7,Jul,28,Sun,Summer,0,6.334787784679089,1.789993821338921,0,Dry,Warm,Calm,Low humidity
2020-07-13,4.721818181818182,22,17.9,13.1,0.5,62,2020,7,Jul,29,Mon,Summer,0,6.185896009787315,1.7291694794103845,0,Rainy,Warm,Calm,Low humidity
2020-07-14,4.955454545454545,22,17.3,9.5,1.4,73,2020,7,Jul,29,Tue,Summer,0,6.038554018445323,1.6336814915434779,0,Rainy,Warm,Calm,Low humidity
2020-07-15,4.581363636363636,22,15.9,10.5,0.3,72,2020,7,Jul,29,Wed,Summer,0,6.00277407616538,1.6540049884588812,0,Rainy,Warm,Calm,Low humidity
2020-07-16,4.446666666666666,21,18.5,11.3,0,70,2020,7,Jul,29,Thu,Summer,0,5.939583599974905,1.6766406160333451,0,Dry,Warm,Calm,Low humidity
2020-07-17,5.6223809523809525,21,20.9,9.2,0,66,2020,7,Jul,29,Fri,Summer,0,5.894541752933057,1.6660202245192093,0,Dry,Warm,Calm,Low humidity
2020-07-18,5.6135,20,19,12.2,0,70,2020,7,Jul,29,Sat,Summer,0,5.840470013802622,1.647210525907537,0,Dry,Warm,Calm,Low humidity
2020-07-19,4.4185,20,16.7,9.2,3.9,75,2020,7,Jul,29,Sun,Summer,0,5.781586680469289,1.6659371742054367,0,Rainy,Warm,Calm,Low humidity
2020-07-20,4.698,20,15.9,9.7,0,58,2020,7,Jul,30,Mon,Summer,0,5.7577953761214635,1.6764643160073633,0,Dry,Warm,Calm,Low humidity
2020-07-21,5.0823809523809524,21,15.8,7.4,0,61,2020,7,Jul,30,Tue,Summer,0,5.765990683229814,1.672401433829346,0,Dry,Warm,Calm,Low humidity
2020-07-22,4.844761904761905,21,17.9,11.5,0,58,2020,7,Jul,30,Wed,Summer,0,5.733395790200138,1.680768032280619,0,Dry,Warm,Calm,Low humidity
2020-07-23,5.272857142857143,21,19,15.4,0,59,2020,7,Jul,30,Thu,Summer,0,5.689317115251898,1.6747158859172908,0,Dry,Warm,Windy,Low humidity
2020-07-24,5.770476190476191,21,19.2,13.7,0.2,73,2020,7,Jul,30,Fri,Summer,0,5.596159075224293,1.5845260081303931,0,Rainy,Warm,Windy,Low humidity
2020-07-25,6.147,20,18.3,22.1,9.3,84,2020,7,Jul,30,Sat,Summer,0,5.465783712905452,1.3479754767435974,0,Rainy,Warm,Windy,High humidity
2020-07-26,5.773333333333333,21,17.2,18.7,0,74,2020,7,Jul,30,Sun,Summer,0,5.287518012422361,0.8273433179952886,0,Dry,Warm,Windy,Low humidity
2020-07-27,6.117619047619048,21,17.7,23,3.5,83,2020,7,Jul,31,Mon,Summer,0,5.270351690821256,0.803470281700826,0,Rainy,Warm,Windy,High humidity
2020-07-28,4.515,20,16.2,17.2,0.1,66,2020,7,Jul,31,Tue,Summer,0,5.2678516908212565,0.8057735749242276,0,Rainy,Warm,Windy,Low humidity
2020-07-29,4.523181818181818,22,16.3,10.9,0,65,2020,7,Jul,31,Wed,Summer,0,5.267856302151954,0.8057691658931563,0,Dry,Warm,Calm,Low humidity
2020-07-30,4.911818181818182,22,19.4,7.8,0,61,2020,7,Jul,31,Thu,Summer,0,5.275090821256039,0.8014089758242724,0,Dry,Warm,Calm,Low humidity
2020-07-31,7.479,20,24.2,16.9,0.7,55,2020,7,Jul,31,Fri,Summer,0,5.379869082125604,0.8763315036997699,0,Rainy,Warm,Windy,Low humidity
2020-08-01,5.402380952380953,21,20.4,15.8,0,64,2020,8,Aug,31,Sat,Summer,0,5.394716563146998,0.8726848889512858,0,Dry,Warm,Windy,Low humidity
2020-08-02,4.500952380952381,21,18,14.6,0.1,59,2020,8,Aug,31,Sun,Summer,0,5.354719323671498,0.8855717016559592,0,Rainy,Warm,Windy,Low humidity
2020-08-03,3.9118181818181816,22,17.6,11.3,0.7,56,2020,8,Aug,32,Mon,Summer,0,5.295258190601669,0.9210664664108489,0,Rainy,Warm,Calm,Low humidity
2020-08-04,4.965714285714285,21,17.2,13.5,0,68,2020,8,Aug,32,Tue,Summer,0,5.304839971139971,0.9159072910166105,0,Dry,Warm,Windy,Low humidity
2020-08-05,3.697142857142857,14,19.8,21.3,0,64,2020,8,Aug,32,Wed,Summer,0,5.217305339105339,0.9403869222960759,0,Dry,Warm,Windy,Low humidity
2020-08-06,4.359523809523809,21,21.3,11.6,0.3,74,2020,8,Aug,32,Thu,Summer,0,5.185198556998557,0.9530214990125582,0,Rainy,Warm,Calm,Low humidity
2020-08-07,8.103043478260869,23,24.6,6.5,0,58,2020,8,Aug,32,Fri,Summer,0,5.217649212623126,1.034592645061399,0,Dry,Warm,Calm,Low humidity
2020-08-08,12.003636363636364,22,25.4,10.8,0,57,2020,8,Aug,32,Sat,Summer,0,5.396024392998306,1.5982502457663206,0,Dry,Warm,Calm,Low humidity
2020-08-09,14.622727272727271,22,23.6,15.2,0.2,66,2020,8,Aug,32,Sun,Summer,0,5.742750222724136,2.3060819090187565,0,Rainy,Warm,Windy,Low humidity
2020-08-10,14.775454545454544,22,25.5,11.9,0,63,2020,8,Aug,33,Mon,Summer,0,6.0878108287847414,2.819269168657819,0,Dry,Warm,Calm,Low humidity
2020-08-11,25.45,22,26.1,6,0,63,2020,8,Aug,33,Tue,Summer,1,6.709583556057469,4.523096738461143,1,Dry,Warm,Calm,Low humidity
2020-08-12,32.51428571428571,21,26,8.5,0.2,63,2020,8,Aug,33,Wed,Summer,1,7.635999140473053,6.51120463005558,1,Rainy,Warm,Calm,Low humidity
2020-08-13,24.154545454545456,22,22.6,8.9,10.1,77,2020,8,Aug,33,Thu,Summer,1,8.27596883744275,7.150760757483821,0,Rainy,Warm,Calm,Low humidity
2020-08-14,13.2,22,19.3,9.8,4.8,87,2020,8,Aug,33,Fri,Summer,0,8.56325671623063,7.170312233983013,0,Rainy,Warm,Calm,High humidity
2020-08-15,15.81952380952381,21,19.4,10.4,11.9,90,2020,8,Aug,33,Sat,Summer,1,8.942351954325867,7.2454115110233825,0,Rainy,Warm,Calm,High humidity
2020-08-16,25.05238095238095,21,19.6,7.6,1.9,86,2020,8,Aug,33,Sun,Summer,1,9.590018620992534,7.786616091396652,1,Rainy,Warm,Calm,High humidity
2020-08-17,10.360909090909091,22,18,10.1,0.3,84,2020,8,Aug,34,Mon,Summer,0,9.748265590689504,7.7511748234349005,0,Rainy,Warm,Calm,High humidity
2020-08-18,4.8765217391304345,23,18.2,14.9,4.9,84,2020,8,Aug,34,Tue,Summer,0,9.763532981993851,7.740758933803426,0,Rainy,Warm,Windy,High humidity
2020-08-19,7.609523809523809,21,18.5,16,8,91,2020,8,Aug,34,Wed,Summer,0,9.8605837756446455,7.6931646389403845,0,Rainy,Warm,Windy,High humidity
2020-08-20,6.313913043478261,23,19.9,17.6,0,70,2020,8,Aug,34,Thu,Summer,0,9.901634845347889,7.670039738344853,0,Dry,Warm,Windy,Low humidity
2020-08-21,6.315652173913043,23,19.6,33.3,0,70,2020,8,Aug,34,Fri,Summer,0,9.95066452098626,7.6412468935460565,0,Dry,Warm,Windy,Low humidity
2020-08-22,5.615909090909091,22,18,25.6,0.3,68,2020,8,Aug,34,Sat,Summer,0,9.962099585921324,7.6342586942384205,0,Rainy,Warm,Windy,Low humidity
2020-08-23,4.782272727272727,22,17.1,19.1,0.3,71,2020,8,Aug,34,Sun,Summer,0,9.92915947048121,7.655071829132745,0,Rainy,Warm,Windy,Low humidity
2020-08-24,4.858095238095238,21,16.6,13.8,1.1,78,2020,8,Aug,35,Mon,Summer,0,9.88619597841772,7.68060522692822,0,Rainy,Warm,Windy,Low humidity
2020-08-25,5.949,20,17.7,32.7,11,79,2020,8,Aug,35,Tue,Summer,0,9.892051533973273,7.6774278364090955,0,Rainy,Warm,Windy,Low humidity
2020-08-26,4.338571428571429,14,17.2,23.2,0,69,2020,8,Aug,35,Wed,Summer,0,9.832749946671687,7.714369368049161,0,Dry,Warm,Windy,Low humidity
2020-08-27,6.3566666666666665,21,15,10.2,8.7,85,2020,8,Aug,35,Thu,Summer,0,9.894138835560573,7.677834151000898,0,Rainy,Warm,Calm,High humidity
2020-08-28,5.733809523809524,21,14,13.2,6.1,84,2020,8,Aug,35,Fri,Summer,0,9.934493092414833,7.651768528900501,0,Rainy,Mild,Calm,High humidity
2020-08-29,5.122727272727273,22,13.1,25.4,3.4,78,2020,8,Aug,35,Sat,Summer,0,9.941523395445135,7.64709011880234,0,Rainy,Mild,Windy,Low humidity
2020-08-30,4.914545454545454,22,13.6,17.7,0.1,72,2020,8,Aug,35,Sun,Summer,0,9.856041577263316,7.689780281995046,0,Rainy,Mild,Windy,Low humidity
2020-08-31,5.085652173913044,23,13,4.3,0,70,2020,8,Aug,36,Mon,Summer,0,9.845483951314385,7.696320394814371,0,Dry,Mild,Calm,Low humidity
2020-09-01,8.237391304347826,23,14.4,4.7,0,71,2020,9,Sep,36,Tue,Autumn,0,9.970031915427567,7.636851805245411,0,Dry,Mild,Calm,Low humidity
2020-09-02,7.546956521739131,23,14.9,12.8,2,80,2020,9,Sep,36,Wed,Autumn,0,10.091203193424933,7.565922980197601,0,Rainy,Warm,Calm,High humidity
2020-09-03,6.61695652173913,23,17.7,21.3,3.3,88,2020,9,Sep,36,Thu,Autumn,0,10.146244601292429,7.5332856604617415,0,Rainy,Warm,Windy,High humidity
2020-09-04,5.228095238095238,21,15.2,14,0.3,80,2020,9,Sep,36,Fri,Autumn,0,10.197276347324173,7.493170557479079,0,Rainy,Warm,Windy,High humidity
2020-09-05,6.15,23,13.8,12.3,0,75,2020,9,Sep,36,Sat,Autumn,0,10.256958887006713,7.452087826109412,0,Dry,Mild,Calm,Low humidity
2020-09-06,6.018260869565218,23,13.5,8.7,0,78,2020,9,Sep,36,Sun,Autumn,0,10.187466133383525,7.482524717021381,0,Dry,Mild,Calm,Low humidity
2020-09-07,6.752608695652174,23,15.1,12.9,0,81,2020,9,Sep,37,Mon,Autumn,0,10.012431877784051,7.499971884263449,0,Dry,Warm,Calm,High humidity
2020-09-08,4.979565217391304,23,18.8,13.8,0,84,2020,9,Sep,37,Tue,Autumn,0,9.690993142606185,7.502213482690431,0,Dry,Warm,Windy,High humidity
2020-09-09,4.844347826086956,23,17.5,14.2,0,79,2020,9,Sep,37,Wed,Autumn,0,9.3599562519606,7.4892190731284884,0,Dry,Warm,Windy,Low humidity
2020-09-10,5.7843478260869565,23,13.7,6.6,0,71,2020,9,Sep,37,Thu,Autumn,0,8.704434512830165,6.867132797059894,0,Dry,Mild,Calm,Low humidity
2020-09-11,7.363478260869565,23,14.2,11.5,0,71,2020,9,Sep,37,Fri,Autumn,0,7.86607426438296,5.190746358433532,0,Dry,Mild,Calm,Low humidity
2020-09-12,5.312608695652174,23,15.7,14.1,0,74,2020,9,Sep,37,Sat,Autumn,0,7.238009705753184,4.196646957840779,0,Dry,Warm,Windy,Low humidity
2020-09-13,5.737391304347826,23,17,13,0,79,2020,9,Sep,37,Sun,Autumn,0,6.989256082564778,4.049664529913455,0,Dry,Warm,Calm,Low humidity
2020-09-14,8.320869565217391,23,18.2,7.4,0,75,2020,9,Sep,38,Mon,Autumn,0,6.739300941087898,3.7023708177665076,0,Dry,Warm,Calm,Low humidity
2020-09-15,21.85,22,21.2,7.9,0,74,2020,9,Sep,38,Tue,Autumn,1,6.632554909341866,3.1630486471637163,0,Dry,Warm,Calm,Low humidity
2020-09-16,16.36809523809524,21,19.6,14.4,0.3,70,2020,9,Sep,38,Wed,Autumn,1,6.832794447581405,3.571045775519162,0,Rainy,Warm,Windy,Low humidity
2020-09-17,6.751428571428572,21,15.8,19.4,0,67,2020,9,Sep,38,Thu,Autumn,0,6.895291341991342,3.551983960609512,0,Dry,Warm,Windy,Low humidity
2020-09-18,4.972857142857143,21,15.6,19.8,0,69,2020,9,Sep,38,Fri,Autumn,0,6.807402453102454,3.5662933677700046,0,Dry,Warm,Windy,Low humidity
2020-09-19,5.925238095238095,21,17.5,20.5,0,67,2020,9,Sep,38,Sat,Autumn,0,6.794446621494448,3.568853045325311,0,Dry,Warm,Windy,Low humidity
2020-09-20,6.781904761904762,21,17.9,16,0,68,2020,9,Sep,38,Sun,Autumn,0,6.809988374427506,3.5677111203383163,0,Dry,Warm,Windy,Low humidity
2020-09-21,10.672380952380951,21,16.4,5.8,0,78,2020,9,Sep,39,Mon,Autumn,0,6.978537436476567,3.6282811738017324,0,Dry,Warm,Calm,Low humidity
2020-09-22,12.887142857142855,21,17.6,12.5,0,75,2020,9,Sep,39,Tue,Autumn,0,7.248699774138904,3.7585154474471,0,Dry,Warm,Calm,Low humidity
2020-09-23,9.371904761904762,21,15.3,19.1,5.1,84,2020,9,Sep,39,Wed,Autumn,0,7.399160091599223,3.7498532056356795,0,Rainy,Warm,Windy,High humidity
2020-09-24,4.485714285714286,21,11,17,5.8,80,2020,9,Sep,39,Thu,Autumn,0,7.350383901123032,3.7787719293191904,0,Rainy,Mild,Windy,High humidity
2020-09-25,5.015,22,10.4,26,0.2,69,2020,9,Sep,39,Fri,Autumn,0,7.372931520170651,3.7621625900380633,0,Rainy,Mild,Windy,Low humidity
2020-09-26,4.033636363636363,22,10.1,25.4,0,65,2020,9,Sep,39,Sat,Autumn,0,7.2954971767363075,3.8074354153793735,0,Dry,Mild,Windy,Low humidity
2020-09-27,5.075454545454545,22,11.9,23.3,0.4,70,2020,9,Sep,39,Sun,Autumn,0,7.273552010791141,3.8186278546475827,0,Rainy,Mild,Windy,Low humidity
2020-09-28,6.411363636363636,22,13.1,11.1,0.2,72,2020,9,Sep,40,Mon,Autumn,0,7.316506556245686,3.8008057722209556,0,Rainy,Mild,Calm,Low humidity
2020-09-29,10.005454545454546,22,14.8,8.5,1.9,85,2020,9,Sep,40,Tue,Autumn,0,7.486203525942656,3.8035134543950244,0,Rainy,Warm,Calm,High humidity
2020-09-30,8.934090909090909,22,14.2,18.6,6,83,2020,9,Sep,40,Wed,Autumn,0,7.614484817115252,3.784609357720204,0,Rainy,Mild,Windy,High humidity
2020-10-01,5.92304347826087,23,12.2,11.3,1.4,81,2020,10,Oct,40,Thu,Autumn,0,7.53733988957902,3.7950475570204905,0,Rainy,Mild,Calm,High humidity
2020-10-02,7.205217391304348,23,12.1,22,28.4,90,2020,10,Oct,40,Fri,Autumn,0,7.525948585231194,3.795530551533821,0,Rainy,Mild,Windy,High humidity
2020-10-03,9.276521739130436,23,13.2,16.8,34.6,89,2020,10,Oct,40,Sat,Autumn,0,7.6146007591442375,3.804615964210554,0,Rainy,Mild,Windy,High humidity
2020-10-04,8.257142857142858,21,9.8,20.9,25.7,89,2020,10,Oct,40,Sun,Autumn,0,7.715569013112491,3.7792062225993215,0,Rainy,Mild,Windy,High humidity
2020-10-05,7.171739130434783,23,12.1,18,1,85,2020,10,Oct,41,Mon,Autumn,0,7.7496269841269845,3.7692015836150325,0,Rainy,Mild,Windy,High humidity
2020-10-06,5.656818181818182,22,12.4,20.9,3.9,85,2020,10,Oct,41,Tue,Autumn,0,7.7375788945354165,3.775499063272345,0,Rainy,Mild,Windy,High humidity
2020-10-07,4.976818181818182,22,12,16.9,3,77,2020,10,Oct,41,Wed,Autumn,0,7.678385877407617,3.805277284510037,0,Rainy,Mild,Windy,Low humidity
2020-10-08,5.770476190476191,21,13.9,21.2,4.2,86,2020,10,Oct,41,Thu,Autumn,0,7.704749576510447,3.788637987583577,0,Rainy,Mild,Windy,High humidity
2020-10-09,6.576818181818182,22,9.1,12.5,4.6,86,2020,10,Oct,41,Fri,Autumn,0,7.762498588368154,3.756602641759087,0,Rainy,Mild,Calm,High humidity
2020-10-10,5.245238095238095,21,9,17.4,2.9,83,2020,10,Oct,41,Sat,Autumn,0,7.744528264006525,3.7676649258425443,0,Rainy,Mild,Windy,High humidity
2020-10-11,5.220952380952381,21,9,11.7,0.1,83,2020,10,Oct,41,Sun,Autumn,0,7.673110734675952,3.795341486780641,0,Rainy,Mild,Calm,High humidity
2020-10-12,7.429090909090909,22,9.4,9.2,4,89,2020,10,Oct,42,Mon,Autumn,0,7.743660141790577,3.769533732580412,0,Rainy,Mild,Calm,High humidity
2020-10-13,7.220909090909091,22,9.1,14.1,3.3,89,2020,10,Oct,42,Tue,Autumn,0,7.7931107346759525,3.751996918652644,0,Rainy,Mild,Windy,High humidity
2020-10-14,7.015,22,10.3,18.2,2.2,84,2020,10,Oct,42,Wed,Autumn,0,7.749581749168707,3.753237816939386,0,Rainy,Mild,Windy,High humidity
2020-10-15,4.985,22,9.3,15.3,0.4,83,2020,10,Oct,42,Thu,Autumn,0,7.1874150825020395,2.6772168111984285,0,Rainy,Mild,Windy,High humidity
2020-10-16,5.558260869565217,23,9.5,10,0.1,81,2020,10,Oct,42,Fri,Autumn,0,6.827087270217705,2.0538557274970404,0,Rainy,Mild,Calm,High humidity
2020-10-17,6.565454545454545,22,10,7.7,1.6,85,2020,10,Oct,42,Sat,Autumn,0,6.820888136018571,2.0543725587803294,0,Rainy,Mild,Calm,High humidity
2020-10-18,11.32409090909091,22,9.3,4.9,0.2,85,2020,10,Oct,42,Sun,Autumn,0,7.032595928226363,2.180730363916353,0,Rainy,Mild,Calm,High humidity
2020-10-19,11.180909090909092,22,11.3,14.8,0,75,2020,10,Oct,43,Mon,Autumn,0,7.207784961415396,2.296725461263093,0,Dry,Mild,Windy,Low humidity
2020-10-20,8.665714285714285,21,14.7,20.3,2.5,82,2020,10,Oct,43,Tue,Autumn,0,7.2705786122090474,2.310391668399809,0,Rainy,Mild,Windy,High humidity
2020-10-21,9.096818181818184,22,14.1,16.5,10.8,90,2020,10,Oct,43,Wed,Autumn,0,7.2180598531902875,2.2474470219943536,0,Rainy,Mild,Windy,High humidity
2020-10-22,5.684782608695652,23,12.8,17.9,0.4,84,2020,10,Oct,43,Thu,Autumn,0,6.9779811782420484,1.9910387973263284,0,Rainy,Mild,Windy,High humidity
2020-10-23,6.469130434782609,23,12.1,15.6,0.7,84,2020,10,Oct,43,Fri,Autumn,0,6.881222034004643,1.940583082266571,0,Rainy,Mild,Windy,High humidity
2020-10-24,6.466956521739131,23,12.9,26.8,6.1,83,2020,10,Oct,43,Sat,Autumn,0,6.9472634418721375,1.889283140753596,0,Rainy,Mild,Windy,High humidity
2020-10-25,6.018260869565218,23,10.2,18,0.7,81,2020,10,Oct,43,Sun,Autumn,0,6.980705470857645,1.8625916823869524,0,Rainy,Mild,Windy,High humidity
2020-10-26,5.915652173913044,23,8.8,15.1,0.3,84,2020,10,Oct,44,Mon,Autumn,0,7.043439331200202,1.7901959204011317,0,Rainy,Cool,Windy,High humidity
2020-10-27,7.235652173913044,23,9.6,19.7,2.8,88,2020,10,Oct,44,Tue,Autumn,0,7.115445918815484,1.7513312647652401,0,Rainy,Mild,Windy,High humidity
2020-10-28,6.807391304347826,23,9.8,22.6,1.3,79,2020,10,Oct,44,Wed,Autumn,0,7.128646841081624,1.7473291206863177,0,Rainy,Mild,Windy,Low humidity
2020-10-29,7.543913043478261,23,11.4,23,5.1,88,2020,10,Oct,44,Thu,Autumn,0,7.046595457682415,1.6633582896154018,0,Rainy,Mild,Windy,High humidity
2020-10-30,6.605217391304348,23,15,24.8,0.2,88,2020,10,Oct,44,Fri,Autumn,0,6.968966340422863,1.6261595365634667,0,Rainy,Warm,Windy,High humidity
2020-10-31,7.719130434782609,23,13.2,24.4,6.2,81,2020,10,Oct,44,Sat,Autumn,0,7.028835905640253,1.6193731322487723,0,Rainy,Mild,Windy,High humidity
2020-11-01,8.09695652173913,23,14.6,30.4,1,83,2020,11,Nov,44,Sun,Autumn,0,7.058560543321414,1.6308658108979486,0,Rainy,Mild,Windy,High humidity
2020-11-02,6.044782608695652,23,13.7,32.6,1.2,73,2020,11,Nov,45,Mon,Autumn,0,6.950835905640253,1.5854101112986536,0,Rainy,Mild,Windy,Low humidity
2020-11-04,10.655238095238095,21,5,7.4,0,90,2020,11,Nov,45,Wed,Autumn,0,7.030772413576761,1.7091709401904431,0,Dry,Cool,Calm,High humidity
2020-11-05,34.385714285714286,21,4.5,4.9,0,96,2020,11,Nov,45,Thu,Autumn,1,7.9379049187527455,5.27944284395587,1,Dry,Cool,Calm,High humidity
2020-11-06,44.16363636363637,22,6.1,11.2,0,86,2020,11,Nov,45,Fri,Autumn,1,9.22146552481335,8.440414707632598,1,Dry,Cool,Calm,High humidity
2020-11-07,27.25217391304348,23,8.8,8.9,0,92,2020,11,Nov,45,Sat,Autumn,1,9.963977382520861,9.014408219369601,1,Dry,Cool,Calm,High humidity
2020-11-08,35.030434782608694,23,11.5,6.5,0.1,95,2020,11,Nov,45,Sun,Autumn,1,10.939309335591945,10.06655571100457,1,Rainy,Mild,Calm,High humidity
2020-11-09,16.88695652173913,23,13.1,8.8,2.3,94,2020,11,Nov,46,Mon,Autumn,1,11.28298061358931,10.088454739956758,0,Rainy,Mild,Calm,High humidity
2020-11-10,11.299130434782608,23,11.4,8.2,0.7,94,2020,11,Nov,46,Tue,Autumn,0,11.48477702490746,10.02385933748817,0,Rainy,Mild,Calm,High humidity
2020-11-11,8.63391304347826,23,11.2,17.8,3.6,89,2020,11,Nov,46,Wed,Autumn,0,11.59854238032499,9.969537349799392,0,Rainy,Mild,Windy,High humidity
2020-11-12,6.72304347826087,23,10.6,19.1,2.3,81,2020,11,Nov,46,Thu,Autumn,0,11.575007465963987,9.980546805056084,0,Rainy,Mild,Windy,High humidity
2020-11-13,7.116521739130435,23,11,15.2,0.2,82,2020,11,Nov,46,Fri,Autumn,0,11.571527887571365,9.98213521558128,0,Rainy,Mild,Windy,High humidity
2020-11-14,10.396521739130437,23,12.8,24.8,9.9,87,2020,11,Nov,46,Sat,Autumn,0,11.684245278875714,9.947942461239592,0,Rainy,Mild,Windy,High humidity
2020-11-15,8.161739130434782,23,11.2,26.6,14.9,81,2020,11,Nov,46,Sun,Autumn,0,11.79013658322354,9.890917098375287,0,Rainy,Mild,Windy,High humidity
2020-11-16,6.767826086956521,23,10.4,22.4,1.2,80,2020,11,Nov,47,Mon,Autumn,0,11.83045542380325,9.867074383689012,0,Rainy,Mild,Windy,High humidity
2020-11-17,6.900434782608696,23,12.7,21.8,0,87,2020,11,Nov,47,Tue,Autumn,0,11.841621431708388,9.861098558767242,0,Dry,Mild,Windy,High humidity
2020-11-18,7.126363636363636,22,12.1,23.4,0.5,81,2020,11,Nov,47,Wed,Autumn,0,11.701697189284147,9.898406582343581,0,Rainy,Mild,Windy,High humidity
2020-11-19,6.489545454545454,22,7,17.9,1,80,2020,11,Nov,47,Thu,Autumn,0,11.545318401405359,9.943871460240318,0,Rainy,Cool,Windy,High humidity
2020-11-20,9.014782608695652,23,6,13.1,2,92,2020,11,Nov,47,Fri,Autumn,0,11.556954012171405,9.940589448330654,0,Rainy,Cool,Calm,High humidity
2020-11-21,6.003636363636364,22,10.6,21.3,0,85,2020,11,Nov,47,Sat,Autumn,0,11.453847951565344,9.9829378262447,0,Dry,Mild,Windy,High humidity
2020-11-22,6.77,22,8.9,9.9,0.1,87,2020,11,Nov,47,Sun,Autumn,0,11.490021864608822,9.963259129180724,0,Rainy,Cool,Calm,High humidity
2020-11-23,11.928181818181818,22,6,10,0,92,2020,11,Nov,48,Mon,Autumn,0,11.671990244055461,9.918145510128094,0,Dry,Cool,Calm,High humidity
2020-11-24,8.106818181818182,22,9.7,16.4,0,89,2020,11,Nov,48,Tue,Autumn,0,11.72665229939143,9.89295663419574,0,Dry,Mild,Windy,High humidity
2020-11-25,11.849545454545456,22,9.8,13.3,0.3,90,2020,11,Nov,48,Wed,Autumn,0,11.921028452224105,9.834041939844536,0,Rainy,Mild,Calm,High humidity
2020-11-26,12.88,22,4.7,6.7,0,93,2020,11,Nov,48,Thu,Autumn,0,12.153173379760338,9.769377542603664,0,Dry,Cool,Calm,High humidity
2020-11-27,21.963636363636365,22,4.8,9.3,0,94,2020,11,Nov,48,Fri,Autumn,1,12.644106186084448,9.883134551042378,0,Dry,Cool,Calm,High humidity
2020-11-28,37.180952380952384,21,7.5,10,0,95,2020,11,Nov,48,Sat,Autumn,1,13.656558221971267,10.779693417201718,1,Dry,Cool,Calm,High humidity
2020-11-29,32.6,21,7.4,7.1,0,95,2020,11,Nov,48,Sun,Autumn,1,14.491761120521991,11.250156403148795,1,Dry,Cool,Calm,High humidity
2020-11-30,20.46190476190476,21,7.5,15.6,3.1,92,2020,11,Nov,49,Mon,Autumn,1,14.953650699542004,11.19953714772308,0,Rainy,Cool,Windy,High humidity
2020-12-01,8.418888888888889,9,4.5,14,0,84,2020,12,Dec,49,Tue,Winter,0,14.976975981345548,11.18466906971365,0,Dry,Cool,Windy,High humidity
2020-12-02,11.11111111111111,9,3.7,8.2,0.3,92,2020,12,Dec,49,Wed,Winter,0,15.07744780099128,11.134158763269948,0,Rainy,Cool,Calm,High humidity
2020-12-04,7.958888888888889,9,3.5,16.3,5.7,90,2020,12,Dec,49,Fri,Winter,0,15.141251343664388,11.08599296931067,0,Rainy,Cool,Windy,High humidity
2020-12-05,6.662222222222222,9,3.8,13.2,0,85,2020,12,Dec,49,Sat,Winter,0,15.008150814563859,11.165396221646478,0,Dry,Cool,Calm,High humidity
2020-12-06,10.68,9,2.7,10.6,0.7,94,2020,12,Dec,49,Sun,Winter,0,14.217960338373382,10.569681762963949,0,Rainy,Cool,Calm,High humidity
2020-12-07,14.255555555555556,9,2.3,5.9,0.2,96,2020,12,Dec,50,Mon,Winter,0,13.221024311437356,8.9312864696312,0,Rainy,Cool,Calm,High humidity
2020-12-08,18.6,9,2.5,6.1,0.3,94,2020,12,Dec,50,Tue,Winter,1,12.932618514335905,8.595976094054922,0,Rainy,Cool,Calm,High humidity
2020-12-09,13.822222222222225,9,4.7,12.2,3.1,90,2020,12,Dec,50,Wed,Winter,0,12.225678095656356,7.520817805726858,0,Rainy,Cool,Calm,High humidity
2020-12-10,10.425555555555556,9,6.8,15.7,0.2,86,2020,12,Dec,50,Thu,Winter,0,12.01029806345024,7.475107152702014,0,Rainy,Cool,Windy,High humidity
2020-12-11,8.045555555555556,9,7.4,9.5,5.4,95,2020,12,Dec,50,Fri,Winter,0,11.901845567476004,7.509304910273512,0,Rainy,Cool,Calm,High humidity
2020-12-13,5.388888888888889,9,6.8,17.9,5.4,92,2020,12,Dec,50,Sun,Winter,0,11.793678095656357,7.581029778301283,0,Rainy,Cool,Windy,High humidity
2020-12-14,6.502222222222223,9,10.3,21.8,6.9,87,2020,12,Dec,51,Mon,Winter,0,11.786317387121734,7.586228236704257,0,Rainy,Mild,Windy,High humidity
2020-12-15,5.9125,8,8.4,15.7,0.5,89,2020,12,Dec,51,Tue,Winter,0,11.74618332915072,7.6149157713698905,0,Rainy,Cool,Windy,High humidity
2020-12-16,6.626250000000001,8,8.9,20,3.1,88,2020,12,Dec,51,Wed,Winter,0,11.62050760451304,7.668879393031776,0,Rainy,Cool,Windy,High humidity
2020-12-17,5.9622222222222225,9,8.4,16.7,0.1,89,2020,12,Dec,51,Thu,Winter,0,11.547190374239287,7.713471142286413,0,Rainy,Cool,Windy,High humidity
2020-12-18,6.065555555555555,9,11.1,28,0.3,85,2020,12,Dec,51,Fri,Winter,0,11.523781356525921,7.729524749308967,0,Rainy,Mild,Windy,High humidity
2020-12-19,6.34625,8,9.9,24.4,4.6,86,2020,12,Dec,51,Sat,Winter,0,11.505308530438965,7.741607898348453,0,Rainy,Mild,Windy,High humidity
2020-12-20,5.1175,8,7.6,18,0.2,87,2020,12,Dec,51,Sun,Winter,0,11.438346409226845,7.789331152657919,0,Rainy,Cool,Windy,High humidity
2020-12-21,4.6125,8,11,21.9,7.4,91,2020,12,Dec,52,Mon,Winter,0,11.375778227408663,7.837841054250769,0,Rainy,Mild,Windy,High humidity
2020-12-22,3.34875,8,10.8,12.5,2.5,89,2020,12,Dec,52,Tue,Winter,0,11.186910473785474,7.963948012353349,0,Rainy,Mild,Calm,High humidity
2020-12-23,6.40875,8,10.3,11.1,7.4,93,2020,12,Dec,52,Wed,Winter,0,11.200414261664262,7.955194760840523,0,Rainy,Mild,Calm,High humidity
2020-12-24,3.9122222222222223,9,4.5,26,2,79,2020,12,Dec,52,Thu,Winter,0,11.105155002405004,8.02686336661704,0,Rainy,Cool,Windy,Low humidity
2020-12-25,4.4625,8,1.6,13.4,0,80,2020,12,Dec,52,Fri,Winter,0,10.856298941798942,8.115704532822718,0,Dry,Cool,Windy,High humidity
2020-12-26,6.60375,8,6,24.2,0.2,87,2020,12,Dec,52,Sat,Winter,0,10.80619666907167,8.137873065295961,0,Rainy,Cool,Windy,High humidity
2020-12-27,3.225,8,5.4,23.6,13.3,85,2020,12,Dec,52,Sun,Winter,0,10.518711820586821,8.251292276809941,0,Rainy,Cool,Windy,High humidity
2020-12-28,7.522857142857143,7,1.4,10.4,0.3,94,2020,12,Dec,53,Mon,Winter,0,10.340140392015392,8.256395083799223,0,Rainy,Cool,Calm,High humidity
2020-12-29,12.157142857142857,7,1.3,9.2,0.3,92,2020,12,Dec,53,Tue,Winter,0,10.013257275132275,7.969476242485383,0,Rainy,Cool,Calm,High humidity
2020-12-30,12.488888888888887,9,0.5,10,0,93,2020,12,Dec,53,Wed,Winter,0,9.190188492063493,6.1295941916669205,0,Dry,Cool,Calm,High humidity
2020-12-31,16.122222222222224,9,-0.6,7.4,0,92,2020,12,Dec,53,Thu,Winter,1,8.640929232804233,4.474329340858188,0,Dry,Cool,Calm,High humidity
2021-01-01,21.18888888888889,9,1,7.7,0.4,95,2021,1,Jan,53,Fri,Winter,1,8.665162037037039,4.542015657174667,0,Rainy,Cool,Calm,High humidity
2021-01-03,8.393333333333333,9,1.8,13.1,0.6,92,2021,1,Jan,53,Sun,Winter,0,8.664310185185185,4.542065834418967,0,Rainy,Cool,Calm,High humidity
2021-01-04,6.663333333333333,9,3.1,22.1,2.3,88,2021,1,Jan,1,Mon,Winter,0,8.516050925925926,4.532024548102618,0,Rainy,Cool,Windy,High humidity
2021-01-05,4.35625,8,2.6,19.8,2.1,89,2021,1,Jan,1,Tue,Winter,0,8.395962962962964,4.594595885857791,0,Rainy,Cool,Windy,High humidity
2021-01-06,4.74625,8,2.2,13.1,3.2,92,2021,1,Jan,1,Wed,Winter,0,8.332097222222222,4.632684527640696,0,Rainy,Cool,Calm,High humidity
2021-01-07,11.518888888888888,9,-0.9,8.6,0,93,2021,1,Jan,1,Thu,Winter,0,8.360060185185185,4.649845188006959,0,Dry,Cool,Calm,High humidity
2021-01-08,21.98888888888889,9,-0.5,6,0,95,2021,1,Jan,1,Fri,Winter,1,8.617837962962964,5.172891449802888,0,Dry,Cool,Calm,High humidity
2021-01-09,18.05,8,-0.7,5.9,0,97,2021,1,Jan,1,Sat,Winter,1,8.59950462962963,5.137144688670723,0,Dry,Cool,Calm,High humidity
2021-01-10,18.9875,8,0.2,9.1,0,95,2021,1,Jan,1,Sun,Winter,1,8.771680555555555,5.398153398494339,0,Dry,Cool,Calm,High humidity
2021-01-11,13.95,8,5.3,20.2,1,90,2021,1,Jan,2,Mon,Winter,0,8.889162037037037,5.473218104284489,0,Rainy,Cool,Windy,High humidity
2021-01-12,3.63,8,5.7,15,3.4,90,2021,1,Jan,2,Tue,Winter,0,8.741976851851852,5.555440282278859,0,Rainy,Cool,Windy,High humidity
2021-01-13,11.3925,8,5.3,8.8,3,95,2021,1,Jan,2,Wed,Winter,0,8.942097222222223,5.538595659057598,0,Rainy,Cool,Calm,High humidity
2021-01-14,8.92625,8,4.9,13.2,27.2,94,2021,1,Jan,2,Thu,Winter,0,9.02289814814815,5.519422170504154,0,Rainy,Cool,Calm,High humidity
2021-01-15,9.7425,8,1.7,8.3,0,88,2021,1,Jan,2,Fri,Winter,0,9.150564814814816,5.48920853111273,0,Dry,Cool,Calm,High humidity
2021-01-16,13.275,8,4.1,16.3,6.3,87,2021,1,Jan,2,Sat,Winter,0,9.372189814814815,5.51792117820287,0,Rainy,Cool,Windy,High humidity
2021-01-17,6.6537500000000005,8,4.2,13,0,87,2021,1,Jan,2,Sun,Winter,0,9.395240740740741,5.504613317327223,0,Dry,Cool,Calm,High humidity
2021-01-18,7.37875,8,4.6,16.3,1.1,90,2021,1,Jan,3,Mon,Winter,0,9.439013888888889,5.482398840193442,0,Rainy,Cool,Windy,High humidity
2021-01-19,3.64875,8,10.1,30.7,2.2,88,2021,1,Jan,3,Tue,Winter,0,9.349097222222222,5.556492417132567,0,Rainy,Mild,Windy,High humidity
2021-01-20,4.066666666666666,6,9.9,34.8,7.6,87,2021,1,Jan,3,Wed,Winter,0,9.314069444444444,5.587314698414882,0,Rainy,Mild,Windy,High humidity
2021-01-21,4.451666666666667,6,5.7,24.2,1.9,81,2021,1,Jan,3,Thu,Winter,0,9.308708333333334,5.592056632099412,0,Rainy,Cool,Windy,High humidity
2021-01-22,5.368333333333333,6,2.7,10.8,0.7,88,2021,1,Jan,3,Fri,Winter,0,9.376027777777779,5.529642123791743,0,Rainy,Cool,Calm,High humidity
2021-01-23,7.746666666666667,9,0.4,10.1,0,92,2021,1,Jan,3,Sat,Winter,0,9.420625000000001,5.510246666210891,0,Dry,Cool,Calm,High humidity
2021-01-24,10.516666666666666,9,-0.4,10.7,4.5,92,2021,1,Jan,3,Sun,Winter,0,9.64077314814815,5.413669102249916,0,Rainy,Cool,Calm,High humidity
2021-01-25,9.692222222222222,9,0.4,13.8,0.7,84,2021,1,Jan,4,Mon,Winter,0,9.815097222222223,5.324643582170529,0,Rainy,Cool,Windy,High humidity
2021-01-26,9.1525,8,2.2,13,4.2,90,2021,1,Jan,4,Tue,Winter,0,9.900055555555555,5.291870132840019,0,Rainy,Cool,Calm,High humidity
2021-01-27,7.705714285714285,7,7.6,8.9,3.1,97,2021,1,Jan,4,Wed,Winter,0,10.049412698412699,5.158529380909818,0,Rainy,Cool,Calm,High humidity
2021-01-28,6.79,7,10.4,18.1,16.8,90,2021,1,Jan,4,Thu,Winter,0,10.024984126984126,5.172622630161773,0,Rainy,Mild,Windy,High humidity
2021-01-29,5.6075,8,8.9,19.8,6.7,86,2021,1,Jan,4,Fri,Winter,0,9.8066626984127,5.217552799079045,0,Rainy,Cool,Windy,High humidity
2021-01-30,6.23,9,4.5,22,15.4,91,2021,1,Jan,4,Sat,Winter,0,9.598033068783069,5.231717751055964,0,Rainy,Cool,Windy,High humidity
2021-01-31,7.61,9,2.3,16.2,2,85,2021,1,Jan,4,Sun,Winter,0,9.31429232804233,5.094714012848554,0,Rainy,Cool,Windy,High humidity
2021-02-02,12.114285714285714,7,9.2,20.9,4.9,89,2021,2,Feb,5,Tue,Winter,0,9.011805555555556,4.611889385292371,0,Rainy,Mild,Windy,High humidity
2021-02-03,9.1,7,7.4,14,2.5,90,2021,2,Feb,5,Wed,Winter,0,9.035361111111111,4.610426009964826,0,Rainy,Cool,Windy,High humidity
2021-02-04,7.198888888888889,9,6.1,12.3,5.5,93,2021,2,Feb,5,Thu,Winter,0,9.053212962962963,4.601953729005996,0,Rainy,Cool,Calm,High humidity
2021-02-05,6.141111111111111,9,6.6,10.3,0.7,90,2021,2,Feb,5,Fri,Winter,0,9.112708333333334,4.550384791386258,0,Rainy,Cool,Calm,High humidity
2021-02-06,8.096666666666668,9,4.6,9.6,8.8,94,2021,2,Feb,5,Sat,Winter,0,9.224388888888889,4.480094890611798,0,Rainy,Cool,Calm,High humidity
2021-02-07,9.838888888888889,9,1.1,27.8,4.6,81,2021,2,Feb,5,Sun,Winter,0,9.16838888888889,4.460883848705832,0,Rainy,Cool,Windy,High humidity
2021-02-08,5.905555555555556,9,-1.4,22.6,0.6,81,2021,2,Feb,6,Mon,Winter,0,8.632277777777778,3.781732243321286,0,Rainy,Cool,Windy,High humidity
2021-02-09,6.133333333333333,9,-1.4,15.2,0.9,84,2021,2,Feb,6,Tue,Winter,0,8.235055555555556,3.3608349265999373,0,Rainy,Cool,Windy,High humidity
2021-02-10,5.61875,8,-3,15.1,0,85,2021,2,Feb,6,Wed,Winter,0,7.789430555555556,2.7090758999702107,0,Dry,Cool,Windy,High humidity
2021-02-11,9.11375,8,-4.8,13.5,0,84,2021,2,Feb,6,Thu,Winter,0,7.628222222222222,2.4625136935114496,0,Dry,Cool,Windy,High humidity
2021-02-12,15.22222222222222,9,-2.4,18.8,0,75,2021,2,Feb,6,Fri,Winter,1,8.01462962962963,2.7105093779962286,0,Dry,Cool,Windy,Low humidity
2021-02-13,12.4625,8,-2.5,17.3,0,67,2021,2,Feb,6,Sat,Winter,0,8.050296296296297,2.7630215270993532,0,Dry,Cool,Windy,Low humidity
2021-02-14,10.1925,8,2.5,22,0.7,65,2021,2,Feb,6,Sun,Winter,0,8.092504629629628,2.786436646304956,0,Rainy,Cool,Windy,Low humidity
2021-02-16,7.573333333333333,9,8.9,22,1.7,88,2021,2,Feb,7,Tue,Winter,0,8.020199074074075,2.770241229655377,0,Rainy,Cool,Windy,High humidity
2021-02-17,7.148888888888889,9,9.2,26.3,3,88,2021,2,Feb,7,Wed,Winter,0,7.815995370370371,2.5894223276264405,0,Rainy,Mild,Windy,High humidity
2021-02-18,5.596666666666667,9,8.1,23.1,1.3,77,2021,2,Feb,7,Thu,Winter,0,7.780759259259259,2.612869276470947,0,Rainy,Cool,Windy,Low humidity
2021-02-19,5.37125,8,8.3,24.5,1,82,2021,2,Feb,7,Fri,Winter,0,7.713842592592593,2.6489768879860343,0,Rainy,Cool,Windy,High humidity
2021-02-20,14.333333333333334,3,12.3,23,0.5,70,2021,2,Feb,7,Sat,Winter,0,8.06999537037037,2.797675228780801,0,Rainy,Mild,Windy,Low humidity
2021-02-21,12.355555555555556,9,10.8,13,0.4,82,2021,2,Feb,7,Sun,Winter,0,8.346291666666666,2.7979783956722586,0,Rainy,Mild,Calm,High humidity
2021-02-22,15.61111111111111,9,9.4,10.7,1,89,2021,2,Feb,8,Mon,Winter,1,8.718273148148148,2.997068688417072,0,Rainy,Mild,Calm,High humidity
2021-02-23,14.511111111111113,9,9.8,23,0,78,2021,2,Feb,8,Tue,Winter,0,9.023032407407408,3.107492223691253,0,Dry,Mild,Windy,Low humidity
2021-02-24,6.237777777777778,9,12.5,24.3,0,69,2021,2,Feb,8,Wed,Winter,0,8.97273611111111,3.1408947331318666,0,Dry,Mild,Windy,Low humidity
2021-02-25,8.55,8,9.5,12.1,0.3,78,2021,2,Feb,8,Thu,Winter,0,8.907180555555556,3.128056741411361,0,Rainy,Mild,Calm,Low humidity
2021-02-26,9.54,9,4.8,7.6,0,80,2021,2,Feb,8,Fri,Winter,0,8.90210648148148,3.1268626338122973,0,Dry,Cool,Calm,High humidity
2021-02-27,13.477777777777778,9,5.3,6.7,0,83,2021,2,Feb,8,Sat,Winter,0,9.046282407407407,3.2365972870644275,0,Dry,Cool,Calm,High humidity
2021-02-28,18.333333333333332,3,4.7,11.1,0,90,2021,2,Feb,8,Sun,Winter,1,9.400536375661376,3.641137628929968,0,Dry,Cool,Calm,High humidity
2021-03-01,20.344444444444445,9,5.6,15.7,0,89,2021,3,Mar,9,Mon,Spring,1,9.85235119047619,4.11602728868263,0,Dry,Cool,Windy,High humidity
2021-03-02,34.2,9,4.5,8.9,0,92,2021,3,Mar,9,Tue,Spring,1,10.805434523809526,5.985174051306388,1,Dry,Cool,Calm,High humidity
2021-03-04,28.633333333333333,9,5.1,13.1,1.4,85,2021,3,Mar,9,Thu,Spring,1,11.552212301587302,6.744131568305883,1,Rainy,Cool,Calm,High humidity
2021-03-05,6.331111111111111,9,3.7,14.5,0,69,2021,3,Mar,9,Fri,Spring,0,11.509582671957672,6.773885832698866,0,Dry,Cool,Windy,Low humidity
2021-03-06,5.344444444444444,9,2.8,8.6,0,79,2021,3,Mar,9,Sat,Spring,0,11.283921296296295,6.865194376181067,0,Dry,Cool,Calm,Low humidity
2021-03-07,10.665555555555557,9,2.2,6.6,0,77,2021,3,Mar,9,Sun,Spring,0,11.336106481481483,6.853962070908248,0,Dry,Cool,Calm,Low humidity
2021-03-08,27.1,9,3.6,7.2,0.1,83,2021,3,Mar,10,Mon,Spring,1,11.999476851851853,7.38243266144001,1,Rainy,Cool,Calm,High humidity
2021-03-09,23.633333333333333,9,5.6,11.5,0,77,2021,3,Mar,10,Tue,Spring,1,12.582550925925926,7.591592341767473,0,Dry,Cool,Calm,Low humidity
2021-03-10,13.911111111111111,9,7.5,30,6,85,2021,3,Mar,10,Wed,Spring,0,12.776365740740742,7.547209905399918,0,Rainy,Cool,Windy,High humidity
2021-03-11,8.156666666666666,9,8.8,36.5,1.4,72,2021,3,Mar,10,Thu,Spring,0,12.720291666666666,7.575981701620043,0,Rainy,Cool,Windy,Low humidity
2021-03-12,4.806666666666667,9,7.1,27.3,1.3,72,2021,3,Mar,10,Fri,Spring,0,12.683662037037037,7.612634787977675,0,Rainy,Cool,Windy,Low humidity
2021-03-13,4.271111111111111,9,6.5,30.4,5.3,69,2021,3,Mar,10,Sat,Spring,0,12.621587962962963,7.675223584911964,0,Rainy,Cool,Windy,Low humidity
2021-03-14,3.942222222222222,9,7.2,22.9,1.8,74,2021,3,Mar,10,Sun,Spring,0,12.565703703703702,7.7338499443418955,0,Rainy,Cool,Windy,Low humidity
2021-03-15,6.05,9,8.3,17.2,0.4,77,2021,3,Mar,11,Mon,Spring,0,12.463578703703705,7.800941894499822,0,Rainy,Cool,Windy,Low humidity
2021-03-16,8.213333333333333,9,8.9,15,0.5,80,2021,3,Mar,11,Tue,Spring,0,12.229949074074074,7.820404624707783,0,Rainy,Cool,Windy,High humidity
2021-03-17,9.69111111111111,9,6.4,11.6,0.9,77,2021,3,Mar,11,Wed,Spring,0,12.137569444444445,7.833919890605463,0,Rainy,Cool,Calm,Low humidity
2021-03-18,9.994444444444444,9,6.8,13,1.1,85,2021,3,Mar,11,Thu,Spring,0,12.130967592592592,7.8356988263239264,0,Rainy,Cool,Calm,High humidity
2021-03-19,6.7988888888888885,9,7.1,14.3,0.2,78,2021,3,Mar,11,Fri,Spring,0,12.105152777777779,7.852489497473836,0,Rainy,Cool,Windy,Low humidity
2021-03-20,6.408888888888889,9,6,7.8,0,86,2021,3,Mar,11,Sat,Spring,0,12.08048611111111,7.869738560159092,0,Dry,Cool,Calm,High humidity
2021-03-21,9.404444444444444,9,8.1,11.1,0.1,76,2021,3,Mar,11,Sun,Spring,0,12.207412037037038,7.791880707518581,0,Rainy,Cool,Calm,Low humidity
2021-03-22,12.433333333333334,9,6.9,7.8,0,81,2021,3,Mar,12,Mon,Spring,0,12.442814814814815,7.684162482906974,0,Dry,Cool,Calm,High humidity
2021-03-23,17.144444444444446,9,7.3,11.8,0,79,2021,3,Mar,12,Tue,Spring,1,12.536518518518518,7.72504232379981,0,Dry,Cool,Calm,Low humidity
2021-03-24,18.42222222222222,9,8,12.7,0.1,82,2021,3,Mar,12,Wed,Spring,1,12.738740740740742,7.799191014434557,0,Rainy,Cool,Calm,High humidity
2021-03-25,10.383333333333333,9,7.6,17.6,0.9,85,2021,3,Mar,12,Thu,Spring,0,12.564481481481483,7.7911985659695775,0,Rainy,Cool,Windy,High humidity
2021-03-26,5.771111111111111,9,8.3,25.8,4.3,84,2021,3,Mar,12,Fri,Spring,0,12.273148148148149,7.8788121336373145,0,Rainy,Cool,Windy,High humidity
2021-03-27,4.513333333333334,9,7,22.5,0,70,2021,3,Mar,12,Sat,Spring,0,12.215666666666667,7.9304838425004105,0,Dry,Cool,Windy,Low humidity
2021-03-28,6.584444444444444,9,10.1,29.8,0,76,2021,3,Mar,12,Sun,Spring,0,12.15014814814815,7.9698341103003765,0,Dry,Mild,Windy,Low humidity
2021-03-29,7.758888888888888,9,10.8,18.8,0,78,2021,3,Mar,13,Mon,Spring,0,12.09077777777778,7.996537949003901,0,Dry,Mild,Windy,Low humidity
2021-03-30,11.39,8,11.7,7.8,0,70,2021,3,Mar,13,Tue,Spring,0,12.021185185185184,7.993134947871033,0,Dry,Mild,Calm,Low humidity
2021-03-31,20.025,8,14.1,7.2,0,63,2021,3,Mar,13,Wed,Spring,1,12.077574074074075,8.044999364980185,0,Dry,Mild,Calm,Low humidity
2021-04-01,21.61111111111111,9,10.2,18.4,0,75,2021,4,Apr,13,Thu,Spring,1,12.119796296296297,8.093062439688026,0,Dry,Mild,Windy,Low humidity
2021-04-02,18.77777777777778,9,6.6,18.5,0,69,2021,4,Apr,13,Fri,Spring,1,11.605722222222223,7.06691486881586,0,Dry,Cool,Windy,Low humidity
2021-04-03,7.04,9,6.8,16.4,0,69,2021,4,Apr,13,Sat,Spring,0,10.885944444444444,6.334528164415458,0,Dry,Cool,Windy,Low humidity
2021-04-04,8.54875,8,7.1,9.8,0,76,2021,4,Apr,13,Sun,Spring,0,10.95986574074074,6.292341281663084,0,Dry,Cool,Calm,Low humidity
2021-04-05,10.96625,8,5.1,18.8,0.1,57,2021,4,Apr,14,Mon,Spring,0,11.14725925925926,6.202409987235793,0,Rainy,Cool,Windy,Low humidity
2021-04-06,4.35375,8,2.6,15.8,0.2,61,2021,4,Apr,14,Tue,Spring,0,10.936865740740739,6.325151126616356,0,Rainy,Cool,Windy,Low humidity
2021-04-07,5.1033333333333335,9,2.6,14,0,63,2021,4,Apr,14,Wed,Spring,0,10.203643518518517,5.622839241424412,0,Dry,Cool,Windy,Low humidity
2021-04-08,5.8075,8,6.6,15.9,0,67,2021,4,Apr,14,Thu,Spring,0,9.609449074074073,5.069349448472681,0,Dry,Cool,Windy,Low humidity
2021-04-09,6.04,9,7.9,11.9,0.7,76,2021,4,Apr,14,Fri,Spring,0,9.347078703703705,5.042653704648842,0,Rainy,Cool,Calm,Low humidity
2021-04-10,6.697777777777778,9,6,15.7,0,75,2021,4,Apr,14,Sat,Spring,0,9.298449074074075,5.061528679120104,0,Dry,Cool,Windy,Low humidity
2021-04-11,5.786666666666667,9,3.7,12.6,1.8,73,2021,4,Apr,14,Sun,Spring,0,9.33111574074074,5.034630410245355,0,Rainy,Cool,Calm,Low humidity
2021-04-12,6.851111111111111,9,3.3,7.7,1.1,73,2021,4,Apr,15,Mon,Spring,0,9.41711574074074,4.966794893040155,0,Rainy,Cool,Calm,Low humidity
2021-04-13,10.288888888888888,9,5,8.4,0.6,73,2021,4,Apr,15,Tue,Spring,0,9.628671296296295,4.8595634491264486,0,Rainy,Cool,Calm,Low humidity
2021-04-14,13.011111111111113,9,5.9,9.5,0,70,2021,4,Apr,15,Wed,Spring,0,9.860708333333333,4.848974743477822,0,Dry,Cool,Calm,Low humidity
2021-04-15,6.466666666666667,9,4.8,12.1,0.7,75,2021,4,Apr,15,Thu,Spring,0,9.802486111111111,4.879825129192,0,Rainy,Cool,Calm,Low humidity
2021-04-16,6.003333333333333,9,4.9,9.3,0,74,2021,4,Apr,15,Fri,Spring,0,9.679560185185185,4.928929167447222,0,Dry,Cool,Calm,Low humidity
2021-04-17,7.466666666666667,9,5.9,10.1,0,67,2021,4,Apr,15,Sat,Spring,0,9.595300925925926,4.944940627020893,0,Dry,Cool,Calm,Low humidity
2021-04-18,6.79,9,7.5,5.4,0,64,2021,4,Apr,15,Sun,Spring,0,9.59500462962963,4.945114226596277,0,Dry,Cool,Calm,Low humidity
2021-04-19,12.412222222222224,9,8.5,7.3,0,76,2021,4,Apr,16,Mon,Spring,0,9.795115740740739,4.933189967666146,0,Dry,Cool,Calm,Low humidity
2021-04-20,20.366666666666667,9,9.3,7.4,0,77,2021,4,Apr,16,Tue,Spring,1,10.160523148148147,5.295912288872281,0,Dry,Mild,Calm,Low humidity
2021-04-21,37.95,8,8.8,14.1,0.4,76,2021,4,Apr,16,Wed,Spring,1,11.011078703703705,7.331415484396374,1,Rainy,Cool,Windy,Low humidity
2021-04-22,13.2875,8,7,14,0,69,2021,4,Apr,16,Thu,Spring,0,10.882513888888889,7.2535555809235035,0,Dry,Cool,Windy,Low humidity
2021-04-23,8.5425,8,7.9,13.6,0,70,2021,4,Apr,16,Fri,Spring,0,10.553189814814816,7.122530597545935,0,Dry,Cool,Windy,Low humidity
2021-04-24,9.51375,8,9.1,15.9,0,67,2021,4,Apr,16,Sat,Spring,0,10.524203703703703,7.125014698935991,0,Dry,Mild,Windy,Low humidity
2021-04-27,10.75875,8,8.3,5.4,0.1,67,2021,4,Apr,17,Tue,Spring,0,10.690458333333334,7.068246390473268,0,Rainy,Cool,Calm,Low humidity
2021-04-28,18.325,8,8,14.6,4.6,72,2021,4,Apr,17,Wed,Spring,1,11.150847222222222,7.101757236115354,0,Rainy,Cool,Windy,Low humidity
2021-04-29,10.217777777777778,9,7.2,12.6,0.3,66,2021,4,Apr,17,Thu,Spring,0,11.271958333333334,7.0520045245232845,0,Rainy,Cool,Calm,Low humidity
2021-04-30,7.7,10,6.5,7.4,0.3,72,2021,4,Apr,17,Fri,Spring,0,11.26999537037037,7.0530242484314085,0,Rainy,Cool,Calm,Low humidity
2021-05-01,11.464,10,7,9.6,0.6,71,2021,5,May,17,Sat,Spring,0,11.272462037037037,7.0530806049353325,0,Rainy,Cool,Calm,Low humidity
2021-05-02,15.633333333333333,9,8,7.5,0.3,71,2021,5,May,17,Sun,Spring,1,11.126073148148148,6.909263699076178,0,Rainy,Cool,Calm,Low humidity
2021-05-03,9.462,10,8.9,28.2,4.8,72,2021,5,May,18,Mon,Spring,0,10.721102777777778,6.623659029853563,0,Rainy,Cool,Windy,Low humidity
2021-05-04,3.682,10,9.6,30.6,1.7,65,2021,5,May,18,Tue,Spring,0,10.217910185185186,6.56362962474047,0,Rainy,Mild,Windy,Low humidity
2021-05-05,3.598,10,6.7,13.9,3,76,2021,5,May,18,Wed,Spring,0,10.103176851851853,6.650602687892363,0,Rainy,Cool,Windy,Low humidity
2021-05-06,4.724,10,6.6,10.5,2.6,70,2021,5,May,18,Thu,Spring,0,9.975685185185187,6.717749634152409,0,Rainy,Cool,Calm,Low humidity
2021-05-07,5.204,10,8.2,13.7,0.1,61,2021,5,May,18,Fri,Spring,0,9.783610185185186,6.770620154331371,0,Rainy,Cool,Windy,Low humidity
2021-05-08,5.583,10,11.9,25,9.4,78,2021,5,May,18,Sat,Spring,0,9.824585185185185,6.740277792114738,0,Rainy,Mild,Windy,Low humidity
2021-05-09,5.204444444444444,9,15.3,20.5,2,75,2021,5,May,18,Sun,Spring,0,9.827955555555555,6.7378604435991445,0,Rainy,Warm,Windy,Low humidity
2021-05-10,5.063,10,12.4,21.8,1.9,76,2021,5,May,19,Mon,Spring,0,9.80313888888889,6.754529514560537,0,Rainy,Mild,Windy,Low humidity
2021-05-11,5.707777777777777,9,11.4,16.4,0.6,72,2021,5,May,19,Tue,Spring,0,9.792064814814815,6.76118100581611,0,Rainy,Mild,Windy,Low humidity
2021-05-12,5.802,10,11.9,12.8,1.3,67,2021,5,May,19,Wed,Spring,0,9.762205555555557,6.777276298873216,0,Rainy,Mild,Calm,Low humidity
2021-05-13,7.796,10,10.7,12.9,5.1,82,2021,5,May,19,Thu,Spring,0,9.829183333333333,6.746491351333563,0,Rainy,Mild,Calm,High humidity
2021-05-14,9.272,10,10.3,10.3,0.8,77,2021,5,May,19,Fri,Spring,0,9.90987962962963,6.724082820147893,0,Rainy,Mild,Calm,Low humidity
2021-05-15,9.643,10,10.4,10.6,3.1,83,2021,5,May,19,Sat,Spring,0,9.88835,6.723861458201603,0,Rainy,Mild,Calm,High humidity
2021-05-16,5.412,10,10.6,12,8,86,2021,5,May,19,Sun,Spring,0,9.635046296296297,6.745267213693466,0,Rainy,Mild,Calm,High humidity
2021-05-17,5.72,10,11.6,11.8,3.5,80,2021,5,May,20,Mon,Spring,0,9.610157407407407,6.758725237030967,0,Rainy,Mild,Calm,High humidity
2021-05-18,6.2780000000000005,10,11.2,12.6,3.5,79,2021,5,May,20,Tue,Spring,0,9.619312962962963,6.753855135175592,0,Rainy,Mild,Calm,Low humidity
2021-05-19,3.811,10,11.2,11.5,5.5,76,2021,5,May,20,Wed,Spring,0,9.497457407407408,6.826619718191847,0,Rainy,Mild,Calm,Low humidity
2021-05-20,4.514,10,10.4,24,0.6,80,2021,5,May,20,Thu,Spring,0,9.421590740740742,6.870253762598713,0,Rainy,Mild,Windy,High humidity
2021-05-21,7.1066666666666665,9,11.1,36.9,4.1,75,2021,5,May,20,Fri,Spring,0,9.24473888888889,6.858892832133679,0,Rainy,Mild,Windy,Low humidity
2021-05-22,4.791,10,10.6,15.1,4.7,79,2021,5,May,20,Sat,Spring,0,8.72555,6.5714631633850535,0,Rainy,Mild,Windy,Low humidity
2021-05-25,4.414,10,10.5,18.6,0.8,76,2021,5,May,21,Tue,Spring,0,7.607683333333333,3.6168757912507705,0,Rainy,Mild,Windy,Low humidity
2021-05-26,4.555555555555555,9,10.8,13.4,0.6,76,2021,5,May,21,Wed,Spring,0,7.316618518518519,3.493272001428596,0,Rainy,Mild,Windy,Low humidity
2021-05-27,8.624444444444444,9,13.4,6.8,0,73,2021,5,May,21,Thu,Spring,0,7.31935,3.4942954912213993,0,Dry,Mild,Calm,Low humidity
2021-05-28,12.446,10,14.1,6.2,0.5,73,2021,5,May,21,Fri,Spring,0,7.417091666666667,3.597285730982374,0,Rainy,Mild,Calm,Low humidity
2021-05-29,13.77,10,14,11.6,0,73,2021,5,May,21,Sat,Spring,0,7.5174666666666665,3.7331875255918456,0,Dry,Mild,Calm,Low humidity
2021-05-30,13.644444444444444,9,12.6,12.5,0,79,2021,5,May,21,Sun,Spring,0,7.361448148148148,3.3433970466271155,0,Dry,Mild,Calm,Low humidity
2021-05-31,15.18,10,15.5,13,0,72,2021,5,May,22,Mon,Spring,1,7.526855555555556,3.602303651471257,0,Dry,Warm,Calm,Low humidity
2021-06-01,15.77777777777778,9,17.5,15.6,0,63,2021,6,Jun,22,Tue,Summer,1,7.796114814814815,3.904877049511752,0,Dry,Warm,Windy,Low humidity
2021-06-02,12.88,10,19.1,12.3,0.9,65,2021,6,Jun,22,Wed,Summer,0,7.843314814814815,3.958925098048315,0,Rainy,Warm,Calm,Low humidity
2021-06-03,15.24,10,19,12.8,1.2,71,2021,6,Jun,22,Thu,Summer,1,7.830203703703703,3.932801739742768,0,Rainy,Warm,Calm,Low humidity
2021-06-04,8.366999999999999,10,14.5,9.1,6.7,86,2021,6,Jun,22,Fri,Summer,0,7.793703703703703,3.922201966922977,0,Rainy,Mild,Calm,High humidity
2021-06-05,9.809,10,16.9,6.9,0,71,2021,6,Jun,22,Sat,Summer,0,7.997937037037037,3.8597407184321963,0,Dry,Warm,Calm,Low humidity
2021-06-06,7.676,10,16.7,7.7,1.1,79,2021,6,Jun,22,Sun,Summer,0,8.13387037037037,3.7702108940590913,0,Rainy,Warm,Calm,Low humidity
2021-06-07,6.445,10,17.1,9.3,0.2,77,2021,6,Jun,23,Mon,Summer,0,8.191237037037038,3.7294103931551024,0,Rainy,Warm,Calm,Low humidity
2021-06-08,7.0969999999999995,10,17.5,8.4,0,71,2021,6,Jun,23,Tue,Summer,0,8.254337037037038,3.6929610389197753,0,Dry,Warm,Calm,Low humidity
2021-06-10,6.146,10,18.3,13.4,0.4,80,2021,6,Jun,23,Thu,Summer,0,8.273103703703704,3.680326792449215,0,Rainy,Warm,Windy,High humidity
2021-06-11,5.764,10,19.3,16.4,0,74,2021,6,Jun,23,Fri,Summer,0,8.291755555555556,3.6656271452722335,0,Dry,Warm,Windy,Low humidity
2021-06-12,6.113,10,18.3,9.3,0,67,2021,6,Jun,23,Sat,Summer,0,8.326755555555556,3.638648915651942,0,Dry,Warm,Calm,Low humidity
2021-06-13,10.409,10,19.6,7.1,0,69,2021,6,Jun,23,Sun,Summer,0,8.483462962962964,3.623168707416736,0,Dry,Warm,Calm,Low humidity
2021-06-14,9.149,10,21.1,10.9,0.3,63,2021,6,Jun,24,Mon,Summer,0,8.59502962962963,3.589123777817263,0,Rainy,Warm,Calm,Low humidity
2021-06-15,7.997,10,18.9,9.6,0.1,61,2021,6,Jun,24,Tue,Summer,0,8.601729629629629,3.5877681068683693,0,Rainy,Warm,Calm,Low humidity
2021-06-16,8.375,8,21,9.1,1.3,70,2021,6,Jun,24,Wed,Summer,0,8.57182962962963,3.585726701351408,0,Rainy,Warm,Calm,Low humidity
2021-06-17,13.24,10,19.4,8.2,10.8,87,2021,6,Jun,24,Thu,Summer,0,8.69172962962963,3.6816355607874804,0,Rainy,Warm,Calm,High humidity
2021-06-18,5.958,10,14.8,18,29.1,92,2021,6,Jun,24,Fri,Summer,0,8.709929629629631,3.6661804126066433,0,Rainy,Warm,Windy,High humidity
2021-06-19,3.7377777777777776,9,13.9,12,2.9,85,2021,6,Jun,24,Sat,Summer,0,8.643855555555556,3.7390627954693643,0,Rainy,Mild,Calm,High humidity
2021-06-20,6.123333333333333,9,14.9,12.5,5.5,85,2021,6,Jun,24,Sun,Summer,0,8.6387,3.742542421088686,0,Rainy,Warm,Calm,High humidity
2021-06-21,5.939,10,12.6,20,11.5,86,2021,6,Jun,25,Mon,Summer,0,8.709633333333333,3.6672964584115975,0,Rainy,Mild,Windy,High humidity
2021-06-22,7.163,10,12.8,20,0.5,72,2021,6,Jun,25,Tue,Summer,0,8.797933333333333,3.5939492493608887,0,Rainy,Mild,Windy,Low humidity
2021-06-23,6.407,10,13.9,8.3,0,71,2021,6,Jun,25,Wed,Summer,0,8.774611111111112,3.6075472921489924,0,Dry,Mild,Calm,Low humidity
2021-06-24,10.86,10,15.1,9.4,0.4,83,2021,6,Jun,25,Thu,Summer,0,8.976911111111113,3.546097695529687,0,Rainy,Warm,Calm,High humidity
2021-06-25,5.781,10,16.4,10.5,2.2,79,2021,6,Jun,25,Fri,Summer,0,9.022477777777777,3.4938411699775687,0,Rainy,Warm,Calm,Low humidity
2021-06-26,8.077,10,15.9,8.8,0.1,78,2021,6,Jun,25,Sat,Summer,0,9.139859259259259,3.3963877323888454,0,Rainy,Warm,Calm,Low humidity
2021-06-27,12.085,10,16.8,17.2,19.2,88,2021,6,Jun,25,Sun,Summer,0,9.255211111111112,3.4368041454565508,0,Rainy,Warm,Windy,High humidity
2021-06-28,13.11,10,17.2,11.1,3,87,2021,6,Jun,26,Mon,Summer,0,9.277344444444445,3.460120719459245,0,Rainy,Warm,Calm,High humidity
2021-06-29,11.48,9,16.1,14,1.2,82,2021,6,Jun,26,Tue,Summer,0,9.20101111111111,3.3819682120180987,0,Rainy,Warm,Windy,High humidity
2021-06-30,6.83875,8,14.3,10.1,0.4,82,2021,6,Jun,26,Wed,Summer,0,8.974154629629629,3.300918485029695,0,Rainy,Mild,Calm,High humidity
2021-07-01,7.375,8,16.5,6.5,0.1,74,2021,7,Jul,26,Thu,Summer,0,8.713987962962962,3.0961600267979144,0,Rainy,Warm,Calm,Low humidity
2021-07-02,14.588888888888889,9,18.2,7.2,0.9,78,2021,7,Jul,26,Fri,Summer,0,8.674358333333334,3.009010718113426,0,Rainy,Warm,Calm,Low humidity
2021-07-03,11.122222222222222,9,17.7,13.2,2.6,83,2021,7,Jul,26,Sat,Summer,0,8.61576574074074,2.940630020361252,0,Rainy,Warm,Calm,High humidity
2021-07-04,5.484444444444445,9,16.5,17.6,5,85,2021,7,Jul,26,Sun,Summer,0,8.290580555555556,2.713466887784738,0,Rainy,Warm,Windy,High humidity
2021-07-05,5.238888888888889,9,16.1,16,6.6,77,2021,7,Jul,27,Mon,Summer,0,8.186310185185185,2.769943275746971,0,Rainy,Warm,Windy,Low humidity
2021-07-06,4.413333333333333,9,15.5,23,5.9,79,2021,7,Jul,27,Tue,Summer,0,8.00645462962963,2.8353481707896133,0,Rainy,Warm,Windy,Low humidity
2021-07-07,5.863333333333333,9,16.2,19.6,2.4,81,2021,7,Jul,27,Wed,Summer,0,7.946032407407407,2.861823758511508,0,Rainy,Warm,Windy,High humidity
2021-07-08,6.957,10,16.6,10.4,2,86,2021,7,Jul,27,Thu,Summer,0,7.963099074074075,2.854079779230309,0,Rainy,Warm,Calm,High humidity
2021-07-09,9.023,10,17.6,8.8,0.6,80,2021,7,Jul,27,Fri,Summer,0,8.027299074074074,2.855587284042644,0,Rainy,Warm,Calm,High humidity
2021-07-10,8.666666666666666,9,15.4,4.7,1.5,79,2021,7,Jul,27,Sat,Summer,0,8.111321296296296,2.835335509334654,0,Rainy,Warm,Calm,Low humidity
2021-07-12,6.094444444444444,9,16.5,7.9,16,87,2021,7,Jul,28,Mon,Summer,0,8.122336111111112,2.8265302919465602,0,Rainy,Warm,Calm,High humidity
2021-07-13,9.827777777777778,9,17.9,11.9,1.6,81,2021,7,Jul,28,Tue,Summer,0,8.246162037037037,2.8168216689204812,0,Rainy,Warm,Calm,High humidity
2021-07-14,8.525555555555556,9,18.6,14.6,0.3,76,2021,7,Jul,28,Wed,Summer,0,8.183380555555555,2.787793543363424,0,Rainy,Warm,Windy,Low humidity
2021-07-15,6.486666666666666,9,17.8,14.1,0,77,2021,7,Jul,28,Thu,Summer,0,8.094636111111111,2.798350143165099,0,Dry,Warm,Windy,Low humidity
2021-07-16,7.829000000000001,10,17.9,11.3,0,73,2021,7,Jul,28,Fri,Summer,0,8.089036111111112,2.7987203425737337,0,Dry,Warm,Calm,Low humidity
2021-07-17,5.506,10,19.9,8.9,0,72,2021,7,Jul,28,Sat,Summer,0,7.993402777777778,2.8373625398535856,0,Dry,Warm,Calm,Low humidity
2021-07-18,7.984,10,22.4,5.9,0,73,2021,7,Jul,28,Sun,Summer,0,7.8182027777777785,2.6588862984493398,0,Dry,Warm,Calm,Low humidity
2021-07-19,10.065,10,22.4,6.7,0.3,69,2021,7,Jul,29,Mon,Summer,0,7.955102777777778,2.665527761533711,0,Rainy,Warm,Calm,Low humidity
2021-07-20,10.824444444444444,9,22.7,6.8,0,73,2021,7,Jul,29,Tue,Summer,0,8.191324999999999,2.591893013929214,0,Dry,Warm,Calm,Low humidity
2021-07-21,15.3075,8,22.3,6.8,0.6,74,2021,7,Jul,29,Wed,Summer,1,8.49746388888889,2.867000709575676,0,Rainy,Warm,Calm,Low humidity
2021-07-22,22.034,10,20.9,9.9,0,73,2021,7,Jul,29,Thu,Summer,1,9.033963888888888,3.7436300100358153,0,Dry,Warm,Calm,Low humidity
2021-07-23,10.85,10,18.2,17.4,0,78,2021,7,Jul,29,Fri,Summer,0,9.15686388888889,3.740609174491988,0,Dry,Warm,Windy,Low humidity
2021-07-24,12.784,10,18.3,14.7,14.3,82,2021,7,Jul,29,Sat,Summer,0,9.369430555555557,3.7600962030076013,0,Rainy,Warm,Windy,High humidity
2021-07-25,22.13,10,18.3,9.4,5,87,2021,7,Jul,29,Sun,Summer,1,9.745097222222222,4.419345996882725,0,Rainy,Warm,Calm,High humidity
2021-08-03,6.725,10,15.7,6.9,0.6,77,2021,8,Aug,31,Tue,Summer,0,9.776563888888889,4.3934322772781265,0,Rainy,Warm,Calm,Low humidity
2021-08-04,7.893,10,16.3,6.4,0.7,75,2021,8,Aug,31,Wed,Summer,0,9.770430555555555,4.396014398071973,0,Rainy,Warm,Calm,Low humidity
2021-08-05,6.614,10,16.5,16.3,2.1,83,2021,8,Aug,31,Thu,Summer,0,9.588063888888888,4.410142812447086,0,Rainy,Warm,Windy,High humidity
2021-08-06,5.788,10,17,21.7,8.1,80,2021,8,Aug,31,Fri,Summer,0,9.343997222222221,4.41111771204008,0,Rainy,Warm,Windy,High humidity
2021-08-07,5.6690000000000005,10,16,18.7,3.7,80,2021,8,Aug,31,Sat,Summer,0,9.150297222222223,4.441568263852557,0,Rainy,Warm,Windy,High humidity
2021-08-08,5.015,10,16.1,23.2,4.6,78,2021,8,Aug,31,Sun,Summer,0,9.089505555555554,4.4865503774206825,0,Rainy,Warm,Windy,Low humidity
2021-08-09,4.542,10,15.9,16.5,10.1,85,2021,8,Aug,32,Mon,Summer,0,8.995072222222223,4.553201383147227,0,Rainy,Warm,Windy,High humidity
2021-08-10,5.799,10,17.2,10.8,0.1,78,2021,8,Aug,32,Tue,Summer,0,8.702075925925925,4.462743589756245,0,Rainy,Warm,Calm,Low humidity
2021-08-11,5.904,10,17.3,12.8,0,76,2021,8,Aug,32,Wed,Summer,0,8.528135185185185,4.466854132702843,0,Dry,Warm,Calm,Low humidity
2021-08-12,5.617,10,18.3,16.7,0.4,83,2021,8,Aug,32,Thu,Summer,0,8.532553703703703,4.463804077722486,0,Rainy,Warm,Windy,High humidity
2021-08-13,7.039,10,17.4,16.8,0.3,79,2021,8,Aug,32,Fri,Summer,0,8.592557407407407,4.42997361206517,0,Rainy,Warm,Windy,Low humidity
2021-08-14,8.307,10,18.4,13.9,0,77,2021,8,Aug,32,Sat,Summer,0,8.722346296296298,4.359791178190694,0,Dry,Warm,Windy,Low humidity
2021-08-15,6.735,10,18,16.9,1.2,79,2021,8,Aug,32,Sun,Summer,0,8.75140185185185,4.342952506847298,0,Rainy,Warm,Windy,Low humidity
2021-08-16,7.776,10,15.4,15.7,0.3,72,2021,8,Aug,33,Mon,Summer,0,8.778701851851851,4.333848452595518,0,Rainy,Warm,Windy,Low humidity
2021-08-17,7.747,10,15.5,14.1,0.6,79,2021,8,Aug,33,Tue,Summer,0,8.736168518518518,4.337628004608148,0,Rainy,Warm,Windy,Low humidity
2021-08-18,4.212,10,17.9,17,0.7,76,2021,8,Aug,33,Wed,Summer,0,8.58767962962963,4.415635566614213,0,Rainy,Warm,Windy,Low humidity
2021-08-19,4.678,10,16.6,12.8,0.5,79,2021,8,Aug,33,Thu,Summer,0,8.540464814814815,4.450648082264828,0,Rainy,Warm,Calm,Low humidity
2021-08-20,3.4848,10,18,10.1,0.4,81,2021,8,Aug,33,Fri,Summer,0,8.329032222222223,4.537207260554749,0,Rainy,Warm,Calm,High humidity
2021-08-21,5.381,10,17.2,7.7,6.1,86,2021,8,Aug,33,Sat,Summer,0,8.224213703703704,4.568723910495535,0,Rainy,Warm,Calm,High humidity
2021-08-22,5.946,10,17.7,13,9,84,2021,8,Aug,33,Sun,Summer,0,8.206191481481481,4.576873465658013,0,Rainy,Warm,Calm,High humidity
2021-08-23,6.04,10,16.9,12.4,0.1,78,2021,8,Aug,34,Mon,Summer,0,8.146558148148149,4.593581650393388,0,Rainy,Warm,Calm,Low humidity
2021-08-24,5.4190000000000005,10,16.5,14.9,0.2,76,2021,8,Aug,34,Tue,Summer,0,8.143658148148148,4.59533328799117,0,Rainy,Warm,Windy,Low humidity
2021-08-25,3.8445,10,16.8,12.8,0,77,2021,8,Aug,34,Wed,Summer,0,8.005674814814816,4.661957709441675,0,Dry,Warm,Calm,Low humidity
2021-08-26,5.18,9,16.2,16.2,0,72,2021,8,Aug,34,Thu,Summer,0,7.842841481481481,4.672848271042882,0,Dry,Warm,Windy,Low humidity
2021-08-27,5.872,10,15.1,12.6,0,74,2021,8,Aug,34,Fri,Summer,0,7.67776,4.651312462209289,0,Dry,Warm,Calm,Low humidity
2021-08-28,7,10,15.3,14.4,0.3,79,2021,8,Aug,34,Sat,Summer,0,7.4008433333333326,4.4231072786449905,0,Rainy,Warm,Windy,Low humidity
2021-08-29,6.475,10,14.7,12.3,0,75,2021,8,Aug,34,Sun,Summer,0,6.88221,3.4541876522263673,0,Dry,Mild,Calm,Low humidity
2021-08-30,5.38,10,15.8,17.9,0.4,78,2021,8,Aug,35,Mon,Summer,0,6.6998766666666665,3.3811183205727424,0,Rainy,Warm,Windy,Low humidity
2021-08-31,4.913,10,15.8,16.4,0.2,78,2021,8,Aug,35,Tue,Summer,0,6.4375100000000005,3.1928700486909243,0,Rainy,Warm,Windy,Low humidity
2021-09-01,5.715,10,15.9,15.7,0.1,76,2021,9,Sep,35,Wed,Autumn,0,5.890343333333333,1.1879305789781087,0,Rainy,Warm,Windy,Low humidity
2021-09-02,9.481,10,16,16.1,0,77,2021,9,Sep,35,Thu,Autumn,0,5.982209999999999,1.3501873658866757,0,Dry,Warm,Windy,Low humidity
2021-09-03,10.667,10,16.3,12.1,0.2,81,2021,9,Sep,35,Fri,Autumn,0,6.074676666666666,1.5636695143560344,0,Rainy,Warm,Calm,High humidity
2021-09-04,14.74,10,15.7,13.5,0.4,84,2021,9,Sep,35,Sat,Autumn,0,6.3455433333333335,2.2244930025518848,0,Rainy,Warm,Windy,High humidity
2021-09-05,15.71,10,17.8,9.7,0,82,2021,9,Sep,35,Sun,Autumn,1,6.676276666666666,2.8014981361189877,0,Dry,Warm,Calm,High humidity
2021-09-06,21.81111111111111,9,19.8,4.9,0,79,2021,9,Sep,36,Mon,Autumn,1,7.2143470370370375,3.925892729870636,0,Dry,Warm,Calm,Low humidity
2021-09-07,25.422222222222224,9,21.1,8.4,0,71,2021,9,Sep,36,Tue,Autumn,1,7.894587777777778,5.11850646816963,1,Dry,Warm,Calm,Low humidity
2021-09-08,30.288888888888888,9,21.4,11.2,0.9,67,2021,9,Sep,36,Wed,Autumn,1,8.752817407407408,6.507137407621427,1,Rainy,Warm,Calm,Low humidity
2021-09-09,19.794444444444444,9,18.8,13.9,2.6,85,2021,9,Sep,36,Thu,Autumn,1,9.219332222222222,6.783869529954202,0,Rainy,Warm,Windy,High humidity
2021-09-10,5.83,9,18.2,13.5,3.4,87,2021,9,Sep,36,Fri,Autumn,0,9.216865555555556,6.785129914694912,0,Rainy,Warm,Windy,High humidity
2021-09-11,6.045555555555556,9,17.8,13.8,0.1,77,2021,9,Sep,36,Sat,Autumn,0,9.23115074074074,6.777736637576093,0,Rainy,Warm,Windy,Low humidity
2021-09-12,5.98,9,16.3,6.9,0.2,79,2021,9,Sep,36,Sun,Autumn,0,9.195850740740742,6.792289689333061,0,Rainy,Warm,Calm,Low humidity
2021-09-13,6.0344444444444445,9,16.3,13.8,0,79,2021,9,Sep,37,Mon,Autumn,0,9.120098888888888,6.815178448671766,0,Dry,Warm,Windy,Low humidity
2021-09-14,10.02111111111111,9,16.6,8.8,14.7,92,2021,9,Sep,37,Tue,Autumn,0,9.229635925925926,6.801917165770991,0,Rainy,Warm,Calm,High humidity
2021-09-15,11.35625,8,16.6,8.6,0.1,82,2021,9,Sep,37,Wed,Autumn,0,9.348977592592593,6.806939648023302,0,Rainy,Warm,Calm,High humidity
2021-09-16,11.88,8,16.1,8.6,0,82,2021,9,Sep,37,Thu,Autumn,0,9.48674425925926,6.815218129353557,0,Dry,Warm,Calm,High humidity
2021-09-17,8.3275,8,16.2,10.3,0.2,83,2021,9,Sep,37,Fri,Autumn,0,9.623927592592592,6.7464552342721795,0,Rainy,Warm,Calm,High humidity
2021-09-18,12.83875,8,17.3,7.8,0.6,78,2021,9,Sep,37,Sat,Autumn,0,9.895952592592591,6.704548234811141,0,Rainy,Warm,Calm,Low humidity
2021-09-19,21.0875,8,16.1,6.5,3.3,87,2021,9,Sep,37,Sun,Autumn,1,10.48270925925926,6.8917676982303675,0,Rainy,Warm,Calm,High humidity
2021-09-20,9.62,8,15.4,12.6,0.1,82,2021,9,Sep,38,Mon,Autumn,0,10.624009259259259,6.826710363899907,0,Rainy,Warm,Calm,High humidity
2021-09-21,10.77875,8,14.9,4.4,0,82,2021,9,Sep,38,Tue,Autumn,0,10.785100925925926,6.7692940489155475,0,Dry,Warm,Calm,High humidity
2021-09-22,9.46125,8,14.9,9.7,0,81,2021,9,Sep,38,Wed,Autumn,0,10.899142592592593,6.715199817615486,0,Dry,Warm,Calm,High humidity
2021-09-23,7.40625,8,15.9,14.8,0.2,85,2021,9,Sep,38,Thu,Autumn,0,10.96538425925926,6.668919279144849,0,Rainy,Warm,Windy,High humidity
2021-09-24,5.8125,8,16.8,11.9,0,82,2021,9,Sep,38,Fri,Autumn,0,11.03098425925926,6.605839028795299,0,Dry,Warm,Calm,High humidity
2021-09-25,7.275,8,16.7,7.2,0.1,91,2021,9,Sep,38,Sat,Autumn,0,11.100817592592593,6.552712702481664,0,Rainy,Warm,Calm,High humidity
2021-09-26,12.95375,8,16.8,13.4,0.4,85,2021,9,Sep,38,Sun,Autumn,0,11.336875925925927,6.485060784721385,0,Rainy,Warm,Windy,High humidity
2021-09-27,5.364444444444445,9,15.6,23.1,4.2,73,2021,9,Sep,39,Mon,Autumn,0,11.282357407407407,6.52949980922834,0,Rainy,Warm,Windy,Low humidity
2021-09-28,4.463333333333333,9,13.5,19.1,12.1,82,2021,9,Sep,39,Tue,Autumn,0,11.215301851851851,6.590615521610217,0,Rainy,Mild,Windy,High humidity
2021-09-29,4.5125,8,11.2,17.7,0.1,72,2021,9,Sep,39,Wed,Autumn,0,11.186385185185184,6.618943283229414,0,Rainy,Mild,Windy,Low humidity
2021-09-30,4.7,9,12.6,23.1,3,82,2021,9,Sep,39,Thu,Autumn,0,11.179285185185186,6.626015118586878,0,Rainy,Mild,Windy,High humidity
2021-10-01,3.02,9,14.3,19.9,7.5,80,2021,10,Oct,39,Fri,Autumn,0,11.089451851851852,6.720251523195493,0,Rainy,Mild,Windy,High humidity
2021-10-02,4.6475,8,12.2,19.9,21.9,86,2021,10,Oct,39,Sat,Autumn,0,10.928335185185185,6.817382712491719,0,Rainy,Mild,Windy,High humidity
2021-10-03,3.00875,8,12.4,17.9,0.7,80,2021,10,Oct,39,Sun,Autumn,0,10.673060185185186,6.969195961308609,0,Rainy,Mild,Windy,High humidity
2021-10-04,4.13,9,13,19.4,1.2,80,2021,10,Oct,40,Mon,Autumn,0,10.319393518518519,7.024686302635926,0,Rainy,Mild,Windy,High humidity
2021-10-05,3.661111111111111,9,12.7,24.1,17.2,77,2021,10,Oct,40,Tue,Autumn,0,9.917763888888889,7.050251175421636,0,Rainy,Mild,Windy,Low humidity
2021-10-06,3.49,9,12,18.3,0,73,2021,10,Oct,40,Wed,Autumn,0,9.307060185185184,6.772538049971219,0,Dry,Mild,Windy,Low humidity
2021-10-07,6.184444444444444,9,15.2,9,0.1,89,2021,10,Oct,40,Thu,Autumn,0,8.665800925925927,6.0681950846272095,0,Rainy,Warm,Calm,High humidity
2021-10-08,6.0744444444444445,9,15.7,5.4,0.1,89,2021,10,Oct,40,Fri,Autumn,0,7.8586527777777775,4.500878486420002,0,Rainy,Warm,Calm,High humidity
2021-10-09,19.833333333333332,9,12.1,6.4,0,87,2021,10,Oct,40,Sat,Autumn,1,7.859949074074074,4.504438839947662,0,Dry,Mild,Calm,High humidity
2021-10-10,24.9,9,12.8,8.8,0.2,85,2021,10,Oct,40,Sun,Autumn,1,8.49561574074074,5.453659282769258,1,Rainy,Mild,Calm,High humidity
2021-10-11,7.952222222222222,9,11.1,10,0,81,2021,10,Oct,41,Mon,Autumn,0,8.559171296296295,5.435201008081336,0,Dry,Mild,Calm,High humidity
2021-10-12,9.088888888888889,9,11.1,10.3,0.3,86,2021,10,Oct,41,Tue,Autumn,0,8.662800925925925,5.4139258274773105,0,Rainy,Mild,Calm,High humidity
2021-10-13,5.756666666666667,9,11.5,6.3,0,88,2021,10,Oct,41,Wed,Autumn,0,8.653541666666666,5.418811358464156,0,Dry,Mild,Calm,High humidity
2021-10-14,7.464444444444444,9,12.4,12.7,0.2,86,2021,10,Oct,41,Thu,Autumn,0,8.568319444444445,5.416665855848991,0,Rainy,Mild,Calm,High humidity
2021-10-15,7.02875,8,11.8,9.9,0,81,2021,10,Oct,41,Fri,Autumn,0,8.424069444444445,5.39744919396112,0,Dry,Mild,Calm,High humidity
2021-10-16,10.354444444444445,9,11.7,8.5,1.3,86,2021,10,Oct,41,Sat,Autumn,0,8.373217592592592,5.370887650745723,0,Rainy,Mild,Calm,High humidity
2021-10-17,11.018888888888888,9,12.4,12,1.2,91,2021,10,Oct,41,Sun,Autumn,0,8.462930555555555,5.392531951495577,0,Rainy,Mild,Calm,High humidity
2021-10-18,10.061111111111112,9,13.5,14.7,4.8,92,2021,10,Oct,42,Mon,Autumn,0,8.370342592592593,5.3383835663420305,0,Rainy,Mild,Windy,High humidity
2021-10-19,8.645555555555555,9,17.9,25.7,3.3,86,2021,10,Oct,42,Tue,Autumn,0,7.955611111111112,4.769303489734368,0,Rainy,Warm,Windy,High humidity
2021-10-20,11.037777777777778,9,15.1,23.3,35.2,84,2021,10,Oct,42,Wed,Autumn,0,8.00287037037037,4.793328608772615,0,Rainy,Warm,Windy,High humidity
2021-10-21,4.938888888888889,9,8.8,18.7,3.6,73,2021,10,Oct,42,Thu,Autumn,0,7.808208333333334,4.795290976534738,0,Rainy,Cool,Windy,Low humidity
2021-10-22,5.431111111111111,9,8.2,14.3,0,81,2021,10,Oct,42,Fri,Autumn,0,7.67387037037037,4.803828554833574,0,Dry,Cool,Windy,High humidity
2021-10-23,4.523333333333333,9,9.3,10.3,0,84,2021,10,Oct,42,Sat,Autumn,0,7.5777731481481485,4.838079974743252,0,Dry,Mild,Calm,High humidity
2021-10-24,4.7025,8,12.2,15.3,0,79,2021,10,Oct,42,Sun,Autumn,0,7.540773148148149,4.856256021368396,0,Dry,Mild,Windy,Low humidity
2021-10-25,6.012222222222222,9,11.5,11.5,4.6,89,2021,10,Oct,43,Mon,Autumn,0,7.498680555555556,4.8641054491163045,0,Rainy,Mild,Calm,High humidity
2021-10-26,5.294444444444444,9,12.2,15.6,0,90,2021,10,Oct,43,Tue,Autumn,0,7.2433703703703705,4.767966053214612,0,Dry,Mild,Windy,High humidity
2021-10-27,4.476666666666667,9,14.5,23.7,0,83,2021,10,Oct,43,Wed,Autumn,0,7.213777777777778,4.782761874714598,0,Dry,Mild,Windy,High humidity
2021-10-28,5.647777777777778,9,13.7,20.5,0,81,2021,10,Oct,43,Thu,Autumn,0,7.25325925925926,4.764126620009846,0,Dry,Mild,Windy,High humidity
2021-10-29,7.857142857142857,7,12.9,23.4,4.6,79,2021,10,Oct,43,Fri,Autumn,0,7.3647473544973545,4.736833648212441,0,Rainy,Mild,Windy,Low humidity
2021-10-30,5.215,8,11.2,15.1,4.4,81,2021,10,Oct,43,Sat,Autumn,0,7.381914021164022,4.7277679055941775,0,Rainy,Mild,Windy,High humidity
2021-10-31,4.83,8,11.4,25.8,10.1,78,2021,10,Oct,43,Sun,Autumn,0,7.442247354497354,4.681506755735355,0,Rainy,Mild,Windy,Low humidity
2021-11-01,5.135,8,9.3,19,0.7,78,2021,11,Nov,44,Mon,Autumn,0,7.4584973544973545,4.672308427910726,0,Rainy,Mild,Windy,Low humidity
2021-11-02,7.375,8,6.3,6.6,0,87,2021,11,Nov,44,Tue,Autumn,0,7.604039021164022,4.596305729108042,0,Dry,Cool,Calm,High humidity
2021-11-03,13.5,9,5.7,10.3,0.4,91,2021,11,Nov,44,Wed,Autumn,0,7.916372354497355,4.669865277970955,0,Rainy,Cool,Calm,High humidity
2021-11-04,5.728888888888889,9,6.7,17.9,0,80,2021,11,Nov,44,Thu,Autumn,0,7.98529828042328,4.619885510905888,0,Dry,Cool,Windy,High humidity
2021-11-05,11.58,9,5.2,8.6,0,84,2021,11,Nov,44,Fri,Autumn,0,8.254964947089947,4.584416980086603,0,Dry,Cool,Calm,High humidity
2021-11-06,16.297777777777778,9,10.2,20.4,0.1,84,2021,11,Nov,44,Sat,Autumn,1,8.592076058201059,4.793961569669052,0,Rainy,Mild,Windy,High humidity
2021-11-07,6.873333333333333,9,9.4,15.8,0,77,2021,11,Nov,44,Sun,Autumn,0,8.618705687830689,4.781697476365486,0,Dry,Mild,Windy,Low humidity
2021-11-08,11.732222222222225,9,7.8,8.9,0,89,2021,11,Nov,45,Mon,Autumn,0,8.34866865079365,4.334356746812081,0,Dry,Cool,Calm,High humidity
2021-11-09,8.614444444444445,9,12.2,12.9,0,88,2021,11,Nov,45,Tue,Autumn,0,7.8058167989418,3.006293554849313,0,Dry,Mild,Calm,High humidity
2021-11-10,6.152222222222222,9,11.6,7.7,0,94,2021,11,Nov,45,Wed,Autumn,0,7.745816798941799,3.0211961987911775,0,Dry,Mild,Calm,High humidity
2021-11-11,8.772222222222222,9,10.7,9,0.1,92,2021,11,Nov,45,Thu,Autumn,0,7.735261243386244,3.0168920439331646,0,Rainy,Mild,Calm,High humidity
2021-11-12,8.935555555555556,9,12,20.3,1.1,86,2021,11,Nov,45,Fri,Autumn,0,7.841224206349207,3.0007844720826307,0,Rainy,Mild,Windy,High humidity
2021-11-13,5.4,9,11.1,14.5,0,82,2021,11,Nov,45,Sat,Autumn,0,7.772409391534392,3.033218753911992,0,Dry,Mild,Windy,High humidity
2021-11-14,6.057777777777778,9,10.1,11.1,0,88,2021,11,Nov,45,Sun,Autumn,0,7.740043650793651,3.0465784669797995,0,Dry,Mild,Calm,High humidity
2021-11-15,10.344444444444443,9,9.8,5.5,0,86,2021,11,Nov,46,Mon,Autumn,0,7.739710317460318,3.046283088251683,0,Dry,Mild,Calm,High humidity
2021-11-16,13.933333333333334,9,8.2,6.8,0.3,90,2021,11,Nov,46,Tue,Autumn,0,7.836858465608467,3.1971981270139045,0,Rainy,Cool,Calm,High humidity
2021-11-17,11.82875,8,7.7,9.5,0,90,2021,11,Nov,46,Wed,Autumn,0,7.8957797619047625,3.2553613425932197,0,Dry,Cool,Calm,High humidity
2021-11-18,10.35625,8,9.6,13.8,0,89,2021,11,Nov,46,Thu,Autumn,0,7.9528029100529105,3.283806388532955,0,Dry,Mild,Windy,High humidity
2021-11-19,7.18625,8,10.8,9.8,0,90,2021,11,Nov,46,Fri,Autumn,0,7.824418650793651,3.233948187013641,0,Dry,Mild,Calm,High humidity
2021-11-20,10.295,8,9.8,8.8,0.1,88,2021,11,Nov,46,Sat,Autumn,0,8.002955687830688,3.216956322261264,0,Rainy,Mild,Calm,High humidity
2021-11-21,6.036666666666667,9,6.4,17.7,0.4,79,2021,11,Nov,46,Sun,Autumn,0,8.023140873015873,3.202128150840142,0,Rainy,Cool,Windy,Low humidity
2021-11-22,5.266666666666667,9,5.8,15.8,0,80,2021,11,Nov,47,Mon,Autumn,0,8.047918650793651,3.176889582839044,0,Dry,Cool,Windy,High humidity
2021-11-23,12.677777777777775,9,4.2,6.9,0,90,2021,11,Nov,47,Tue,Autumn,0,8.313761243386244,3.220675642815551,0,Dry,Cool,Calm,High humidity
2021-11-24,22.433333333333337,9,5.3,5.3,0,91,2021,11,Nov,47,Wed,Autumn,1,8.861131613756614,4.093251808883974,0,Dry,Cool,Calm,High humidity
2021-11-25,12.453333333333331,9,3.8,11,0,82,2021,11,Nov,47,Thu,Autumn,0,9.099761243386244,4.086820421555734,0,Dry,Cool,Calm,High humidity
2021-11-26,6.916666666666667,9,4.4,20.7,2.9,83,2021,11,Nov,47,Fri,Autumn,0,9.181094576719577,4.015295663591222,0,Rainy,Cool,Windy,High humidity
2021-11-27,3.851111111111111,9,3.2,30.9,4.2,80,2021,11,Nov,47,Sat,Autumn,0,9.121205687830688,4.082646937563848,0,Rainy,Cool,Windy,High humidity
2021-11-29,10.184444444444445,9,0.8,11.1,0,87,2021,11,Nov,48,Mon,Autumn,0,9.198782407407407,4.07990978550623,0,Dry,Cool,Calm,High humidity
2021-11-30,8.95,9,8.9,21.9,0.4,89,2021,11,Nov,48,Tue,Autumn,0,9.323282407407408,4.010549084407795,0,Rainy,Cool,Windy,High humidity
2021-12-01,3.488888888888889,9,7.4,22.5,2.1,82,2021,12,Dec,48,Wed,Winter,0,9.278578703703705,4.069403171936976,0,Rainy,Cool,Windy,High humidity
2021-12-02,4.165555555555556,9,1.4,14.7,0.6,76,2021,12,Dec,48,Thu,Winter,0,9.246263888888889,4.107116015251676,0,Rainy,Cool,Windy,Low humidity
2021-12-03,6.843333333333334,9,5.4,11.8,2.5,91,2021,12,Dec,48,Fri,Winter,0,9.228541666666667,4.116605068112666,0,Rainy,Cool,Calm,High humidity
2021-12-04,10.742222222222225,9,5.3,18.2,5.2,82,2021,12,Dec,48,Sat,Winter,0,9.136615740740742,4.048154294510113,0,Rainy,Cool,Windy,High humidity
2021-12-05,3.911111111111111,9,5.2,22.4,3.4,86,2021,12,Dec,48,Sun,Winter,0,9.076023148148149,4.113988730818703,0,Rainy,Cool,Windy,High humidity
2021-12-06,7.166666666666667,9,3.7,14.5,2.1,91,2021,12,Dec,49,Mon,Winter,0,8.928912037037037,4.100246783027908,0,Rainy,Cool,Windy,High humidity
2021-12-07,5.4366666666666665,9,4.4,19.9,8.8,87,2021,12,Dec,49,Tue,Winter,0,8.566875000000001,3.9018658565216984,0,Rainy,Cool,Windy,High humidity
2021-12-08,5.952222222222222,9,5.5,24,0.3,71,2021,12,Dec,49,Wed,Winter,0,8.536171296296295,3.9192372672602915,0,Rainy,Cool,Windy,Low humidity
2021-12-09,6.6433333333333335,9,5.2,15.5,5.6,83,2021,12,Dec,49,Thu,Winter,0,8.366541666666667,3.8861250518987145,0,Rainy,Cool,Windy,High humidity
2021-12-10,5.001111111111111,9,5.4,22.3,3.4,82,2021,12,Dec,49,Fri,Winter,0,8.246097222222224,3.933878189837781,0,Rainy,Cool,Windy,High humidity
2021-12-11,6.677777777777778,9,4.8,12.5,3.5,91,2021,12,Dec,49,Sat,Winter,0,8.263615740740741,3.9253931811477,0,Rainy,Cool,Calm,High humidity
2021-12-12,6.167777777777777,9,11.4,18.8,0.9,91,2021,12,Dec,49,Sun,Winter,0,8.176800925925926,3.9425197133886116,0,Rainy,Mild,Windy,High humidity
2021-12-13,4.036666666666667,9,10.3,17.2,0,88,2021,12,Dec,50,Mon,Winter,0,8.01350462962963,4.010870666973487,0,Dry,Mild,Windy,High humidity
2021-12-14,6.32,8,10.4,14.3,0,93,2021,12,Dec,50,Tue,Winter,0,8.044171296296296,3.9936793158457458,0,Dry,Mild,Windy,High humidity
2021-12-15,6.33375,8,10.5,12,0.5,93,2021,12,Dec,50,Wed,Winter,0,8.05337037037037,3.9892614603332586,0,Rainy,Mild,Calm,High humidity
2021-12-16,8.06875,8,8.8,6.2,0.1,91,2021,12,Dec,50,Thu,Winter,0,7.97751388888889,3.9657611910762007,0,Rainy,Cool,Calm,High humidity
2021-12-17,10.77,8,7.5,9.9,0,93,2021,12,Dec,50,Fri,Winter,0,7.8720694444444455,3.8420685449320753,0,Dry,Cool,Calm,High humidity
2021-12-18,11.07,8,8,13.9,0,92,2021,12,Dec,50,Sat,Winter,0,7.846777777777778,3.8175433479105148,0,Dry,Cool,Windy,High humidity
2021-12-19,9.2125,8,6.4,8.8,0,95,2021,12,Dec,50,Sun,Winter,0,7.8086527777777786,3.7972749760463005,0,Dry,Cool,Calm,High humidity
2021-12-20,5.83625,8,5.6,9.4,0.1,87,2021,12,Dec,51,Mon,Winter,0,7.763652777777779,3.812872288516233,0,Rainy,Cool,Calm,High humidity
2021-12-21,10.9275,8,3.6,7.4,0,85,2021,12,Dec,51,Tue,Winter,0,7.784736111111112,3.829066388619867,0,Dry,Cool,Calm,High humidity
2021-12-22,17.514285714285712,7,1,9.3,0,90,2021,12,Dec,51,Wed,Winter,1,8.167323412698414,4.203479389018727,0,Dry,Cool,Calm,High humidity
2021-12-23,20.485714285714284,7,6.9,13.2,0.7,94,2021,12,Dec,51,Thu,Winter,1,8.674625,4.727090770307238,0,Rainy,Cool,Calm,High humidity
2021-12-24,9.767142857142858,7,8.3,7.8,15.5,96,2021,12,Dec,51,Fri,Winter,0,8.577603835978836,4.671639294682025,0,Rainy,Cool,Calm,High humidity
2021-12-25,8.32857142857143,7,6.8,16.8,1.4,94,2021,12,Dec,51,Sat,Winter,0,8.107445105820107,3.870095327965375,0,Rainy,Cool,Windy,High humidity
2021-12-26,17.3,7,7,10.5,6.3,96,2021,12,Dec,51,Sun,Winter,1,8.269000661375662,4.1488877306690535,0,Rainy,Cool,Calm,High humidity
2021-12-27,9.288571428571428,7,8.7,12.9,6.6,94,2021,12,Dec,52,Mon,Winter,0,8.348064153439154,4.144826434084762,0,Rainy,Cool,Calm,High humidity
2021-12-29,4.122857142857143,7,10.5,18,2.9,91,2021,12,Dec,52,Wed,Winter,0,8.357122354497355,4.134944960560694,0,Rainy,Mild,Windy,High humidity
2021-12-30,4.602857142857143,7,13.6,28.1,0.5,88,2021,12,Dec,52,Thu,Winter,0,8.171069444444445,4.175264830245525,0,Rainy,Mild,Windy,High humidity
2021-12-31,5.652857142857143,7,13.1,23,0.4,87,2021,12,Dec,52,Fri,Winter,0,8.061164682539683,4.197390586619747,0,Rainy,Mild,Windy,High humidity
2022-01-01,9.391428571428571,7,13,21,0.2,86,2022,1,Jan,52,Sat,Winter,0,8.257916005291005,4.113171056049691,0,Rainy,Mild,Windy,High humidity
2022-01-02,7.032857142857143,7,10.9,23.8,2,87,2022,1,Jan,52,Sun,Winter,0,8.353492724867726,4.04758938833176,0,Rainy,Mild,Windy,High humidity
2022-01-03,6.99,7,8.6,18,0,86,2022,1,Jan,1,Mon,Winter,0,8.358381613756615,4.045790617186992,0,Dry,Cool,Windy,High humidity
2022-01-04,6.148571428571429,7,4.5,13,2.5,88,2022,1,Jan,1,Tue,Winter,0,8.205259920634921,4.039381171648892,0,Rainy,Cool,Calm,High humidity
2022-01-05,5.962857142857143,7,1.9,15.4,0,81,2022,1,Jan,1,Wed,Winter,0,8.273651455026455,3.981118112767826,0,Dry,Cool,Windy,High humidity
2022-01-06,9.978571428571428,7,1.7,16.1,2.2,89,2022,1,Jan,1,Thu,Winter,0,8.367381613756613,3.987253474905782,0,Rainy,Cool,Windy,High humidity
2022-01-07,4.763333333333334,6,3.6,18.6,0.3,85,2022,1,Jan,1,Fri,Winter,0,8.34493716931217,4.006169721279623,0,Rainy,Cool,Windy,High humidity
2022-01-08,5.656666666666666,6,5.8,19.5,7.9,87,2022,1,Jan,1,Sat,Winter,0,8.335085317460317,4.012614939563557,0,Rainy,Cool,Windy,High humidity
2022-01-09,6.421666666666667,6,3,12.6,0,86,2022,1,Jan,1,Sun,Winter,0,8.327696428571429,4.016040206343625,0,Dry,Cool,Calm,High humidity
2022-01-10,13.316666666666666,6,5.1,9.1,0.7,94,2022,1,Jan,2,Mon,Winter,0,8.604881613756614,4.065190730503437,0,Rainy,Cool,Calm,High humidity
2022-01-11,11.103333333333332,6,8.5,9.5,2.4,96,2022,1,Jan,2,Tue,Winter,0,8.752400132275133,4.073138140291389,0,Rainy,Cool,Calm,High humidity
2022-01-12,13.771666666666668,6,3.7,5.4,0,97,2022,1,Jan,2,Wed,Winter,0,9.005863095238094,4.142748690252486,0,Dry,Cool,Calm,High humidity
2022-01-13,19.257142857142856,7,1.6,6.5,0,93,2022,1,Jan,2,Thu,Winter,1,9.5132123015873,4.4349021748052895,0,Dry,Cool,Calm,High humidity
2022-01-14,25.02857142857143,7,0.3,5.8,0,93,2022,1,Jan,2,Fri,Winter,1,10.13683134920635,5.216833179444279,1,Dry,Cool,Calm,High humidity
2022-01-15,29.557142857142857,7,1.7,7.8,0,94,2022,1,Jan,2,Sat,Winter,1,10.910944444444445,6.253144431162578,1,Dry,Cool,Calm,High humidity
2022-01-16,21.5375,8,3.4,8.8,0,96,2022,1,Jan,2,Sun,Winter,1,11.359902777777778,6.519867116256393,0,Dry,Cool,Calm,High humidity
2022-01-17,12.8125,8,2.2,7.3,0,93,2022,1,Jan,3,Mon,Winter,0,11.427986111111112,6.5241576081673935,0,Dry,Cool,Calm,High humidity
2022-01-18,23,8,2.4,5.4,0,95,2022,1,Jan,3,Tue,Winter,1,11.825652777777778,6.856694514891122,0,Dry,Cool,Calm,High humidity
2022-01-19,17.0875,8,4.9,12.3,0,90,2022,1,Jan,3,Wed,Winter,1,12.088152777777777,6.903784099032591,0,Dry,Cool,Calm,High humidity
2022-01-20,8.129999999999999,8,1.6,11.3,0,81,2022,1,Jan,3,Thu,Winter,0,12.16461111111111,6.84460552870291,0,Dry,Cool,Calm,High humidity
2022-01-21,9.10875,8,0.2,9,0,86,2022,1,Jan,3,Fri,Winter,0,12.103986111111112,6.863968144501927,0,Dry,Cool,Calm,High humidity
2022-01-22,11.8075,8,2.1,8.7,0,91,2022,1,Jan,3,Sat,Winter,0,11.913759920634922,6.787510548883802,0,Dry,Cool,Calm,High humidity
2022-01-23,13.6675,8,4.4,4.4,0,88,2022,1,Jan,3,Sun,Winter,0,11.686486111111112,6.6022104061865,0,Dry,Cool,Calm,High humidity
2022-01-24,17.09375,8,3.3,5.2,0,87,2022,1,Jan,4,Mon,Winter,1,11.93070634920635,6.663983492538211,0,Dry,Cool,Calm,High humidity
2022-01-25,26.414285714285715,7,2,5.6,0,87,2022,1,Jan,4,Tue,Winter,1,12.533563492063491,7.128735431876643,1,Dry,Cool,Calm,High humidity
2022-01-26,24.185714285714287,7,3.6,12.1,0,87,2022,1,Jan,4,Wed,Winter,1,12.763087301587301,7.393427795924095,0,Dry,Cool,Calm,High humidity
2022-01-28,8.993333333333334,6,4.4,12.8,0,91,2022,1,Jan,4,Fri,Winter,0,12.753246031746032,7.398406961670433,0,Dry,Cool,Calm,High humidity
2022-01-29,4.881666666666667,6,9.6,23.1,0.1,84,2022,1,Jan,4,Sat,Winter,0,12.778539682539682,7.369123135522941,0,Rainy,Mild,Windy,High humidity
2022-01-30,7.61,6,4,12.2,0.3,82,2022,1,Jan,4,Sun,Winter,0,12.878777777777778,7.273916283772741,0,Rainy,Cool,Calm,High humidity
2022-01-31,6.664285714285715,7,5.7,23.4,0.4,68,2022,1,Jan,5,Mon,Winter,0,12.912492063492063,7.241541481903846,0,Rainy,Cool,Windy,Low humidity
2022-02-01,6.573333333333333,6,9.4,22.2,0.7,81,2022,2,Feb,5,Tue,Winter,0,12.818555555555555,7.306775531243059,0,Rainy,Mild,Windy,High humidity
2022-02-02,4.784285714285714,7,9.1,15.6,0,86,2022,2,Feb,5,Wed,Winter,0,12.743603174603175,7.379343820077399,0,Dry,Mild,Windy,High humidity
2022-02-03,5.8,7,8.2,15.2,0,85,2022,2,Feb,5,Thu,Winter,0,12.703936507936508,7.414452832730427,0,Dry,Cool,Windy,High humidity
2022-02-04,4.805714285714286,7,6.3,22.7,3.7,80,2022,2,Feb,5,Fri,Winter,0,12.659174603174602,7.459310792696351,0,Rainy,Cool,Windy,High humidity
2022-02-05,5.571428571428571,7,6.2,23.9,0,78,2022,2,Feb,5,Sat,Winter,0,12.646126984126985,7.471759652020644,0,Dry,Cool,Windy,Low humidity
2022-02-06,4.224285714285714,7,8.9,32.7,4,74,2022,2,Feb,5,Sun,Winter,0,12.454317460317462,7.615085770701451,0,Rainy,Cool,Windy,Low humidity
2022-02-07,7.42875,8,6.5,16.4,0,79,2022,2,Feb,6,Mon,Winter,0,12.543164682539684,7.5374117119523865,0,Dry,Cool,Windy,Low humidity
2022-02-08,4.6475,8,10.3,22.5,0,81,2022,2,Feb,6,Tue,Winter,0,12.509525793650795,7.5713807850168395,0,Dry,Mild,Windy,High humidity
2022-02-09,3.81125,8,9.4,15,3.5,86,2022,2,Feb,6,Wed,Winter,0,12.422511904761905,7.658259533265183,0,Rainy,Mild,Windy,High humidity
2022-02-10,5.26375,8,5.9,11.9,0.3,78,2022,2,Feb,6,Thu,Winter,0,12.154081349206349,7.766208731249454,0,Rainy,Cool,Calm,Low humidity
2022-02-11,6.9275,8,3.3,8.5,0,82,2022,2,Feb,6,Fri,Winter,0,12.014886904761905,7.822905739510683,0,Dry,Cool,Calm,High humidity
2022-02-12,7.58,8,5.1,19.8,0,77,2022,2,Feb,6,Sat,Winter,0,11.808498015873017,7.856562878369188,0,Dry,Cool,Windy,Low humidity
2022-02-13,7.61125,8,8,28.7,11.4,86,2022,2,Feb,6,Sun,Winter,0,11.420301587301589,7.762988036770021,0,Rainy,Cool,Windy,High humidity
2022-02-14,3.84875,8,7.2,21,3.3,82,2022,2,Feb,7,Mon,Winter,0,10.71430753968254,7.439053684766141,0,Rainy,Cool,Windy,High humidity
2022-02-15,4.655,8,6.6,19.6,7.1,90,2022,2,Feb,7,Tue,Winter,0,9.884236111111111,6.606784078098224,0,Rainy,Cool,Windy,High humidity
2022-02-16,5.9125000000000005,8,12.6,33,5.4,83,2022,2,Feb,7,Wed,Winter,0,9.363402777777777,6.263403248710177,0,Rainy,Mild,Windy,High humidity
2022-02-17,9.112857142857145,7,8.6,24.1,0.4,68,2022,2,Feb,7,Thu,Winter,0,9.24008134920635,6.229481197325517,0,Rainy,Cool,Windy,Low humidity
2022-02-18,7.638571428571429,7,8.1,37.4,2.3,71,2022,2,Feb,7,Fri,Winter,0,8.72803373015873,5.665230717739617,0,Rainy,Cool,Windy,Low humidity
2022-02-19,5.6971428571428575,7,5.4,25.3,5.2,72,2022,2,Feb,7,Sat,Winter,0,8.34835515873016,5.463771850233926,0,Rainy,Cool,Windy,Low humidity
2022-02-20,8.42,7,9.7,34.4,3,81,2022,2,Feb,7,Sun,Winter,0,8.358021825396825,5.4636287448514835,0,Rainy,Mild,Windy,High humidity
2022-02-21,7.44,7,7,29.4,0.3,66,2022,2,Feb,8,Mon,Winter,0,8.302396825396826,5.464216762015572,0,Rainy,Cool,Windy,Low humidity
2022-02-22,10.022857142857143,7,8.4,19.7,0.5,78,2022,2,Feb,8,Tue,Winter,0,8.24290873015873,5.434374469226227,0,Rainy,Cool,Windy,Low humidity
2022-02-23,9.08,7,6.5,19.5,0.1,83,2022,2,Feb,8,Wed,Winter,0,8.089992063492064,5.3401968723312265,0,Rainy,Cool,Windy,High humidity
2022-02-24,6.032857142857143,7,6,26,3.6,72,2022,2,Feb,8,Thu,Winter,0,7.721295634920636,5.07223480580597,0,Rainy,Cool,Windy,Low humidity
2022-02-25,9.61875,8,5.6,16.8,0,68,2022,2,Feb,8,Fri,Winter,0,7.161444444444445,3.671271818188114,0,Dry,Cool,Windy,Low humidity
2022-02-27,8.895714285714286,7,5.2,15.8,0,71,2022,2,Feb,8,Sun,Winter,0,6.651777777777778,1.821878445624285,0,Dry,Cool,Windy,Low humidity
2022-02-28,10.14,7,8.8,17.3,3.5,82,2022,2,Feb,9,Mon,Winter,0,6.69,1.8836773897589545,0,Rainy,Cool,Windy,High humidity
2022-03-01,9.421666666666669,6,8,14.6,10.2,93,2022,3,Mar,9,Tue,Spring,0,6.841333333333334,1.9154890862971765,0,Rainy,Cool,Windy,High humidity
2022-03-02,18.42,5,6.3,12.5,8.3,86,2022,3,Mar,9,Wed,Spring,1,7.201666666666667,2.8526051296894366,0,Rainy,Cool,Calm,High humidity
2022-03-03,27.016666666666666,6,8.6,10,0.3,85,2022,3,Mar,9,Thu,Spring,1,7.880079365079366,4.6033026291961985,1,Rainy,Cool,Calm,High humidity
2022-03-04,14.01142857142857,7,7.1,9.1,2.1,91,2022,3,Mar,9,Fri,Spring,0,8.128015873015874,4.729085135417066,0,Rainy,Cool,Calm,High humidity
2022-03-05,7.817142857142857,7,5.8,21.2,1.5,83,2022,3,Mar,9,Sat,Spring,0,8.229111111111113,4.68737351485547,0,Rainy,Cool,Windy,High humidity
2022-03-06,9.332857142857144,7,4.4,20.6,0.2,71,2022,3,Mar,9,Sun,Spring,0,8.346873015873017,4.668582750653802,0,Rainy,Cool,Windy,Low humidity
2022-03-07,7.3028571428571425,7,4.2,18.6,0,71,2022,3,Mar,10,Mon,Spring,0,8.430111111111112,4.625329768923203,0,Dry,Cool,Windy,Low humidity
2022-03-08,19.785714285714285,7,5.5,15.9,0,70,2022,3,Mar,10,Tue,Spring,1,8.903920634920636,5.0325128511685495,0,Dry,Cool,Windy,Low humidity
2022-03-09,19.025,8,9.3,18.1,0.1,78,2022,3,Mar,10,Wed,Spring,1,9.397277777777779,5.277455658938135,0,Rainy,Mild,Windy,Low humidity
2022-03-10,11.785,8,10.9,14.8,0,74,2022,3,Mar,10,Thu,Spring,0,9.542486111111112,5.281353538389156,0,Dry,Mild,Windy,Low humidity
2022-03-11,12.7,8,9.9,20.4,3.3,82,2022,3,Mar,10,Fri,Spring,0,9.810902777777779,5.228356834405731,0,Rainy,Mild,Windy,High humidity
2022-03-12,6.36125,8,9,22.4,1.5,78,2022,3,Mar,10,Sat,Spring,0,9.89590277777778,5.1475580460352655,0,Rainy,Mild,Windy,Low humidity
2022-03-13,5.97625,8,8.3,17,1.7,84,2022,3,Mar,10,Sun,Spring,0,9.919652777777777,5.1270519120218365,0,Rainy,Cool,Windy,High humidity
2022-03-14,7.6875,8,6.9,9.5,1.2,87,2022,3,Mar,11,Mon,Spring,0,9.944986111111112,5.113617561499075,0,Rainy,Cool,Calm,High humidity
2022-03-15,10.33625,8,8.6,8.7,0,83,2022,3,Mar,11,Tue,Spring,0,10.036861111111111,5.0943855168997185,0,Dry,Cool,Calm,High humidity
2022-03-16,14.5,8,9.5,12.7,10.7,89,2022,3,Mar,11,Wed,Spring,0,10.266486111111112,5.136362392916188,0,Rainy,Mild,Calm,High humidity
2022-03-17,7.78125,8,7,12.9,0,76,2022,3,Mar,11,Thu,Spring,0,10.397569444444446,5.015692329690355,0,Dry,Cool,Calm,Low humidity
2022-03-18,9.6275,8,8.1,12,0,84,2022,3,Mar,11,Fri,Spring,0,10.563319444444444,4.900209805808548,0,Dry,Cool,Calm,High humidity
2022-03-19,14.4125,8,9.1,22.8,0,69,2022,3,Mar,11,Sat,Spring,0,10.846652777777779,4.867653134861335,0,Dry,Mild,Windy,Low humidity
2022-03-20,15,8,6.6,10.3,0.1,65,2022,3,Mar,11,Sun,Spring,0,11.042890873015873,4.91379594941604,0,Rainy,Cool,Calm,Low humidity
2022-03-21,31.95,8,7.5,8.4,0,76,2022,3,Mar,12,Mon,Spring,1,11.853271825396826,6.175682653514765,1,Dry,Cool,Calm,Low humidity
2022-03-22,38.625,8,10.9,10.8,0.1,75,2022,3,Mar,12,Tue,Spring,1,12.950867063492064,7.765348932478395,1,Rainy,Mild,Calm,Low humidity
2022-03-24,49.225,8,9.9,3.9,0,71,2022,3,Mar,12,Thu,Spring,1,14.31103373015873,10.151441277603336,1,Dry,Mild,Calm,Low humidity
2022-03-25,51.275,8,8.8,10.5,0,71,2022,3,Mar,12,Fri,Spring,1,15.772200396825399,12.096700173315844,1,Dry,Cool,Calm,Low humidity
2022-03-26,34.0625,8,9.4,12.3,0,67,2022,3,Mar,12,Sat,Spring,1,16.573521825396828,12.49246825253216,1,Dry,Mild,Calm,Low humidity
2022-03-27,15.9,8,8.1,12.8,0,88,2022,3,Mar,12,Sun,Spring,1,16.800855158730158,12.413204144896575,0,Dry,Cool,Calm,High humidity
2022-03-28,10.825,8,8.7,7.9,0.2,81,2022,3,Mar,13,Mon,Spring,0,16.960593253968252,12.30017809371995,0,Rainy,Cool,Calm,High humidity
2022-03-29,25.1125,8,9.3,13.8,0.2,83,2022,3,Mar,13,Tue,Spring,1,17.477051587301585,12.306552919296191,1,Rainy,Mild,Windy,High humidity
2022-03-30,27.325,8,7.7,14.2,3.4,81,2022,3,Mar,13,Wed,Spring,1,18.091361111111112,12.323383366357037,1,Rainy,Cool,Windy,High humidity
2022-03-31,10.58125,8,3.7,25.3,0.6,62,2022,3,Mar,13,Thu,Spring,0,18.106069444444447,12.313825542946901,0,Rainy,Cool,Windy,Low humidity
2022-04-01,4.1025,8,3.7,24,2.4,60,2022,4,Apr,13,Fri,Spring,0,17.92876388888889,12.480352384143636,0,Rainy,Cool,Windy,Low humidity
2022-04-02,5.8125,8,3.2,10.7,0.8,76,2022,4,Apr,13,Sat,Spring,0,17.50851388888889,12.674003952120923,0,Rainy,Cool,Calm,Low humidity
2022-04-03,8.005,8,3.7,10.6,0.1,69,2022,4,Apr,13,Sun,Spring,0,16.874791666666667,12.657483271819766,0,Rainy,Cool,Calm,Low humidity
2022-04-04,6.76125,8,9.1,22.4,3.4,81,2022,4,Apr,14,Mon,Spring,0,16.633119047619047,12.782635457175044,0,Rainy,Mild,Windy,High humidity
2022-04-05,4.1125,8,10.9,21.2,0.1,77,2022,4,Apr,14,Tue,Spring,0,16.509630952380952,12.888198683096876,0,Rainy,Mild,Windy,Low humidity
2022-04-06,4.09375,8,10.5,29.3,2.4,77,2022,4,Apr,14,Wed,Spring,0,16.33499404761905,13.023582548605495,0,Rainy,Mild,Windy,Low humidity
2022-04-07,3.87875,8,8.8,31.9,4.5,66,2022,4,Apr,14,Thu,Spring,0,16.220857142857145,13.120114948148853,0,Rainy,Cool,Windy,Low humidity
2022-04-08,4.8475,8,6,8.2,1.6,73,2022,4,Apr,14,Fri,Spring,0,15.722916666666666,13.262849041253993,0,Rainy,Cool,Calm,Low humidity
2022-04-09,6.6525,8,6.2,10.9,0.9,69,2022,4,Apr,14,Sat,Spring,0,15.3105,13.34871536502864,0,Rainy,Cool,Calm,Low humidity
2022-04-10,7.12875,8,7.4,8.3,0,67,2022,4,Apr,14,Sun,Spring,0,15.155291666666667,13.418010347663857,0,Dry,Cool,Calm,Low humidity
2022-04-11,9.533333333333331,9,10.8,16.5,0,63,2022,4,Apr,15,Mon,Spring,0,15.049736111111113,13.450407951875624,0,Dry,Mild,Windy,Low humidity
2022-04-12,15.077777777777778,9,12.7,13.8,5,79,2022,4,Apr,15,Tue,Spring,1,15.340287037037037,13.350021501080318,0,Rainy,Mild,Windy,Low humidity
2022-04-13,9.88,8,12.8,13.7,0.4,79,2022,4,Apr,15,Wed,Spring,0,15.470412037037038,13.274412406928082,0,Rainy,Mild,Windy,Low humidity
2022-04-14,7.2011111111111115,9,12.3,7.3,0,80,2022,4,Apr,15,Thu,Spring,0,15.454199074074074,13.284539172765125,0,Dry,Mild,Calm,High humidity
2022-04-15,8.86888888888889,9,13.7,5,0,76,2022,4,Apr,15,Fri,Spring,0,15.405287037037036,13.306715423940673,0,Dry,Mild,Calm,Low humidity
2022-04-16,21.1,9,12,10.5,0,76,2022,4,Apr,15,Sat,Spring,1,15.625287037037037,13.34573391342405,0,Dry,Mild,Calm,Low humidity
2022-04-17,26.533333333333335,9,11.8,11.1,0,65,2022,4,Apr,15,Sun,Spring,1,16.250356481481482,13.404689091562236,1,Dry,Mild,Calm,Low humidity
2022-04-18,11.73,9,10.9,8.3,0,70,2022,4,Apr,16,Mon,Spring,0,16.320439814814815,13.374330849054322,0,Dry,Mild,Calm,Low humidity
2022-04-19,7.6175,8,10.9,11.9,0.1,69,2022,4,Apr,16,Tue,Spring,0,16.093939814814817,13.464987680343611,0,Rainy,Mild,Calm,Low humidity
2022-04-20,11.241111111111111,9,11.3,16,0,64,2022,4,Apr,16,Wed,Spring,0,15.968643518518519,13.49297795787004,0,Dry,Mild,Windy,Low humidity
2022-04-21,13.6375,8,11.7,17.6,0,66,2022,4,Apr,16,Thu,Spring,0,15.358226851851851,13.155050676690873,0,Dry,Mild,Windy,Low humidity
2022-04-22,11.493333333333334,9,11.6,23.3,0.1,67,2022,4,Apr,16,Fri,Spring,0,14.453837962962963,12.411983200610072,0,Rainy,Mild,Windy,Low humidity
2022-04-23,15.555555555555555,9,12.6,23.9,0,70,2022,4,Apr,16,Sat,Spring,1,13.331523148148149,10.540651746740645,0,Dry,Mild,Windy,Low humidity
2022-04-24,18.044444444444444,9,12.5,18.8,0,61,2022,4,Apr,16,Sun,Spring,1,12.223837962962964,7.80748985135126,0,Dry,Mild,Windy,Low humidity
2022-04-25,10.176666666666668,9,9.5,13.9,0.3,73,2022,4,Apr,17,Mon,Spring,0,11.42764351851852,6.633239231942274,0,Rainy,Mild,Windy,Low humidity
2022-04-26,8.404444444444444,9,10,12.4,0,64,2022,4,Apr,17,Tue,Spring,0,11.177791666666668,6.600054859346154,0,Dry,Mild,Calm,Low humidity
2022-04-27,8.5875,8,8.6,12.9,0.1,69,2022,4,Apr,17,Wed,Spring,0,11.103208333333333,6.616800114741849,0,Rainy,Cool,Calm,Low humidity
2022-04-28,9.01625,8,9.5,11.1,0.1,72,2022,4,Apr,17,Thu,Spring,0,10.566666666666666,6.071806247977088,0,Rainy,Mild,Calm,Low humidity
2022-04-29,9.84,9,8.3,11.8,0,70,2022,4,Apr,17,Fri,Spring,0,9.983833333333335,5.18164389364609,0,Dry,Cool,Calm,Low humidity
2022-04-30,8.79111111111111,9,10.4,7,0,66,2022,4,Apr,17,Sat,Spring,0,9.924162037037037,5.184833417647774,0,Dry,Mild,Calm,Low humidity
2022-05-01,10.676666666666666,9,11,9.6,1.6,73,2022,5,May,17,Sun,Spring,0,10.143300925925926,5.067905396945831,0,Rainy,Mild,Calm,Low humidity
2022-05-02,13.42625,8,11.9,4,0.4,75,2022,5,May,18,Mon,Spring,0,10.397092592592594,5.0340766366293535,0,Rainy,Mild,Calm,Low humidity
2022-05-03,16.433333333333334,9,12.1,7.6,0,77,2022,5,May,18,Tue,Spring,1,10.678037037037036,5.13024198462339,0,Dry,Mild,Calm,Low humidity
2022-05-04,21.022222222222226,9,12.5,11.2,4.5,82,2022,5,May,18,Wed,Spring,1,11.15340277777778,5.407988569383155,0,Rainy,Mild,Calm,High humidity
2022-05-05,9.334444444444443,9,13.2,9.8,0,73,2022,5,May,18,Thu,Spring,0,11.327467592592594,5.2554379433982,0,Dry,Mild,Calm,Low humidity
2022-05-06,9.736666666666666,9,14.8,12.7,0,74,2022,5,May,18,Fri,Spring,0,11.515564814814816,5.085855204783528,0,Dry,Warm,Calm,Low humidity
2022-05-07,5.613333333333333,9,14,10.8,2.3,80,2022,5,May,18,Sat,Spring,0,11.57338425925926,5.005262317205995,0,Rainy,Mild,Calm,High humidity
2022-05-08,7.677777777777778,9,12.2,12.8,0,72,2022,5,May,18,Sun,Spring,0,11.667726851851853,4.899676590676671,0,Dry,Mild,Calm,Low humidity
2022-05-09,9.376666666666669,9,14.3,14,0,69,2022,5,May,19,Mon,Spring,0,11.758532407407408,4.828247261875845,0,Dry,Mild,Windy,Low humidity
2022-05-10,8.647777777777778,9,15.4,18.9,1.5,72,2022,5,May,19,Tue,Spring,0,11.809166666666668,4.785798572832482,0,Rainy,Warm,Windy,Low humidity
2022-05-11,6.883333333333334,9,12.9,19.9,4.2,83,2022,5,May,19,Wed,Spring,0,11.720833333333333,4.853233919148993,0,Rainy,Mild,Windy,High humidity
2022-05-12,6.135,10,12.6,15.2,0,70,2022,5,May,19,Thu,Spring,0,11.422740740740743,4.914191928371599,0,Dry,Mild,Windy,Low humidity
2022-05-13,5.301,10,14.4,19.5,0,67,2022,5,May,19,Fri,Spring,0,11.270107407407409,5.033425993152231,0,Dry,Mild,Windy,Low humidity
2022-05-14,8.739,10,14.4,7.1,0,72,2022,5,May,19,Sat,Spring,0,11.32137037037037,4.998264791094945,0,Dry,Mild,Calm,Low humidity
2022-05-15,13.33,10,15,12.7,24.8,81,2022,5,May,19,Sun,Spring,0,11.470074074074073,4.98913792761505,0,Rainy,Warm,Calm,High humidity
2022-05-16,18.07272727272727,11,16.2,18,1.7,76,2022,5,May,20,Mon,Spring,1,11.369164983164984,4.815232644310836,0,Rainy,Warm,Windy,Low humidity
2022-05-17,7.548181818181818,11,18.2,12.8,0.1,70,2022,5,May,20,Tue,Spring,0,10.736326599326599,3.917427353987549,0,Rainy,Warm,Calm,Low humidity
2022-05-18,4.751818181818182,11,16.6,11.4,19.9,68,2022,5,May,20,Wed,Spring,0,10.503720538720538,4.060935266525604,0,Rainy,Warm,Calm,Low humidity
2022-05-19,4.751818181818182,11,16.6,11.4,11.2,71,2022,5,May,20,Thu,Spring,0,10.408197811447813,4.163573713277093,0,Rainy,Warm,Calm,Low humidity
2022-05-20,4.574545454545454,11,13.5,14.8,4,75,2022,5,May,20,Fri,Spring,0,10.185978956228956,4.293464779529952,0,Rainy,Mild,Windy,Low humidity
2022-05-21,4.926666666666667,9,14.2,13.4,0,69,2022,5,May,20,Sat,Spring,0,9.895617845117846,4.346220853747886,0,Dry,Mild,Windy,Low humidity
2022-05-22,6.748888888888889,9,15.5,7.8,0,70,2022,5,May,20,Sun,Spring,0,9.737469696969697,4.372320140094654,0,Dry,Warm,Calm,Low humidity
2022-05-23,5.372,10,14.1,9.9,2.5,75,2022,5,May,21,Mon,Spring,0,9.398017845117845,4.2997541815957625,0,Rainy,Mild,Calm,Low humidity
2022-05-24,2.9,10,12.7,13.6,4,74,2022,5,May,21,Tue,Spring,0,8.893203030303031,4.135494373576439,0,Rainy,Mild,Windy,Low humidity
2022-05-25,3.135,10,13.3,20.7,0.2,76,2022,5,May,21,Wed,Spring,0,8.658480808080808,4.258151959869057,0,Rainy,Mild,Windy,Low humidity
2022-05-26,4.54,10,15.7,22.2,0,75,2022,5,May,21,Thu,Spring,0,8.529665993265994,4.3240443922717695,0,Dry,Warm,Windy,Low humidity
2022-05-27,4.333333333333333,9,15.3,15.1,0,63,2022,5,May,21,Fri,Spring,0,8.387860437710438,4.39131602235147,0,Dry,Warm,Windy,Low humidity
2022-05-28,5.157777777777778,9,12.7,11.7,0.1,64,2022,5,May,21,Sat,Spring,0,8.259244696969697,4.428622951389634,0,Rainy,Mild,Calm,Low humidity
2022-05-29,4.085555555555556,9,11,12.1,0.4,69,2022,5,May,21,Sun,Spring,0,8.067429882154883,4.48209249988141,0,Rainy,Mild,Calm,Low humidity
2022-05-30,4.068,10,10.9,10.3,1.5,76,2022,5,May,22,Mon,Spring,0,7.909992845117846,4.538393967752751,0,Rainy,Mild,Calm,Low humidity
2022-05-31,4.513636363636364,11,11.4,10.8,3.4,78,2022,5,May,22,Tue,Spring,0,7.704558501683502,4.548316208414634,0,Rainy,Mild,Calm,Low humidity
2022-06-01,4.923636363636364,11,12.3,7.6,0,72,2022,6,Jun,22,Wed,Summer,0,7.421138047138047,4.4431822602430655,0,Dry,Mild,Calm,Low humidity
2022-06-02,7.836363636363636,11,13.9,10.3,0,72,2022,6,Jun,22,Thu,Summer,0,7.134572390572391,4.106358994174774,0,Dry,Mild,Calm,Low humidity
2022-06-03,9.612727272727271,11,16.3,16.3,0.2,65,2022,6,Jun,22,Fri,Summer,0,6.754255892255893,3.2052680564046563,0,Rainy,Warm,Windy,Low humidity
2022-06-04,8.192727272727273,11,14.8,24.7,2.4,71,2022,6,Jun,22,Sat,Summer,0,6.716198653198654,3.180256617454793,0,Rainy,Warm,Windy,Low humidity
2022-06-05,9.284545454545457,11,13.8,11.2,5.3,85,2022,6,Jun,22,Sun,Summer,0,6.701127946127946,3.166491024932377,0,Rainy,Mild,Calm,High humidity
2022-06-06,7.3109090909090915,11,14.2,11.9,0.3,82,2022,6,Jun,23,Mon,Summer,0,6.757713804713805,3.161545748421448,0,Rainy,Mild,Calm,High humidity
2022-06-07,5.693636363636363,11,15.5,9.2,3.5,80,2022,6,Jun,23,Tue,Summer,0,6.691575757575759,3.162388282934456,0,Rainy,Warm,Calm,High humidity
2022-06-08,3.435,10,16.6,18.5,29.2,74,2022,6,Jun,23,Wed,Summer,0,6.4935202020202025,3.174462117301828,0,Rainy,Warm,Windy,Low humidity
2022-06-09,6.494,10,15.4,16.3,0.4,76,2022,6,Jun,23,Thu,Summer,0,6.4217276094276095,3.1483089688029624,0,Rainy,Warm,Windy,Low humidity
2022-06-10,7.074,10,17.6,20.2,0.1,71,2022,6,Jun,23,Fri,Summer,0,6.428083164983166,3.1494651935870763,0,Rainy,Warm,Windy,Low humidity
2022-06-11,9.056,10,16.5,18.1,0.5,69,2022,6,Jun,23,Sat,Summer,0,6.525449831649833,3.1850428475422046,0,Rainy,Warm,Windy,Low humidity
2022-06-12,7.182,10,15.6,15,0,67,2022,6,Jun,23,Sun,Summer,0,6.588149831649832,3.178615412696097,0,Dry,Warm,Windy,Low humidity
2022-06-13,5.83,11,15.3,8.9,0,64,2022,6,Jun,24,Mon,Summer,0,6.491183164983166,3.1550224929536017,0,Dry,Warm,Calm,Low humidity
2022-06-14,6.095,10,16.7,7.8,0,67,2022,6,Jun,24,Tue,Summer,0,6.250016498316499,2.8786583654496525,0,Dry,Warm,Calm,Low humidity
2022-06-15,9.536666666666669,9,18.7,6.4,0,64,2022,6,Jun,24,Wed,Summer,0,5.965481144781146,1.9379184870906854,0,Dry,Warm,Calm,Low humidity
2022-06-16,10.883333333333333,9,20,7.7,0,60,2022,6,Jun,24,Thu,Summer,0,6.076652861952863,2.1190423017496163,0,Dry,Warm,Calm,Low humidity
2022-06-17,9.822,10,23.4,15.1,0.2,52,2022,6,Jun,24,Fri,Summer,0,6.245658922558923,2.2099728101047633,0,Rainy,Warm,Windy,Low humidity
2022-06-18,11.501,10,18.9,14.9,10.2,75,2022,6,Jun,24,Sat,Summer,0,6.47063164983165,2.3889406298948868,0,Rainy,Warm,Windy,Low humidity
2022-06-19,6.096,10,14.5,15.8,1,69,2022,6,Jun,24,Sun,Summer,0,6.521346801346803,2.3633124611152745,0,Rainy,Mild,Windy,Low humidity
2022-06-20,5.343,10,15.6,13.6,0.6,66,2022,6,Jun,25,Mon,Summer,0,6.53522457912458,2.3548324967726484,0,Rainy,Warm,Windy,Low humidity
2022-06-21,7.625,10,16.5,7.1,0,67,2022,6,Jun,25,Tue,Summer,0,6.564428282828284,2.3629921044800413,0,Dry,Warm,Calm,Low humidity
2022-06-22,8.747,10,18.2,11.1,0,64,2022,6,Jun,25,Wed,Summer,0,6.676928282828284,2.38450649473902,0,Dry,Warm,Calm,Low humidity
2022-06-23,8.624,10,18.2,9.3,0.5,70,2022,6,Jun,25,Thu,Summer,0,6.867728282828283,2.299355436656005,0,Rainy,Warm,Calm,Low humidity
2022-06-24,11.219090909090909,11,18,19.8,2.8,72,2022,6,Jun,25,Fri,Summer,0,7.13719797979798,2.3204243521135575,0,Rainy,Warm,Windy,Low humidity
2022-06-25,6.553636363636364,11,15.9,20.2,0.4,68,2022,6,Jun,25,Sat,Summer,0,7.2043191919191925,2.271310233616946,0,Rainy,Warm,Windy,Low humidity
2022-06-26,6.24,10,15.9,20,0,62,2022,6,Jun,25,Sun,Summer,0,7.267874747474748,2.214161533426821,0,Dry,Warm,Windy,Low humidity
2022-06-27,4.331818181818182,11,15.3,16.6,2,65,2022,6,Jun,26,Mon,Summer,0,7.240342760942762,2.2462075794842487,0,Rainy,Warm,Windy,Low humidity
2022-06-28,4.583636363636364,11,15.9,17.4,0.2,65,2022,6,Jun,26,Tue,Summer,0,7.2569454545454555,2.223814238869863,0,Rainy,Warm,Windy,Low humidity
2022-06-29,4.223636363636364,11,16.2,15,1.5,72,2022,6,Jun,26,Wed,Summer,0,7.262133333333335,2.2162871002192257,0,Rainy,Warm,Windy,Low humidity
2022-06-30,4.500909090909091,11,15.1,11.3,1.6,73,2022,6,Jun,26,Thu,Summer,0,7.261709090909092,2.21683251146233,0,Rainy,Warm,Calm,Low humidity
2022-07-01,3.550909090909091,11,15.4,17.7,0.7,69,2022,7,Jul,26,Fri,Summer,0,7.215951515151516,2.280023328844823,0,Rainy,Warm,Windy,Low humidity
2022-07-02,3.602727272727273,11,16.5,19.8,0.5,69,2022,7,Jul,26,Sat,Summer,0,7.074830303030304,2.369560612207285,0,Rainy,Warm,Windy,Low humidity
2022-07-03,2.973454545454546,11,16.2,11,0,70,2022,7,Jul,26,Sun,Summer,0,6.853521212121213,2.43353537356423,0,Dry,Warm,Calm,Low humidity
2022-07-04,3.4836363636363634,11,16.4,11.9,0,65,2022,7,Jul,27,Mon,Summer,0,6.696551515151516,2.4952658932573217,0,Dry,Warm,Calm,Low humidity
2022-07-05,3.458181818181818,11,16.6,11.5,0,65,2022,7,Jul,27,Tue,Summer,0,6.502339393939394,2.5135630685425148,0,Dry,Warm,Calm,Low humidity
2022-07-06,3.4645454545454544,11,18.6,13.9,0,64,2022,7,Jul,27,Wed,Summer,0,6.374127272727273,2.5683970333672064,0,Dry,Warm,Windy,Low humidity
2022-07-07,2.91,11,19.7,13.1,0,60,2022,7,Jul,27,Thu,Summer,0,6.281339393939394,2.6430263380168593,0,Dry,Warm,Calm,Low humidity
2022-07-08,6.307272727272728,11,20.6,8.4,0,63,2022,7,Jul,27,Fri,Summer,0,6.377081818181819,2.5878101827631412,0,Dry,Warm,Calm,Low humidity
2022-07-09,4.279090909090909,11,20.3,10.8,0,60,2022,7,Jul,27,Sat,Summer,0,6.303251515151516,2.6158037816740496,0,Dry,Warm,Calm,Low humidity
2022-07-10,4.682727272727273,11,21.1,8.4,0,59,2022,7,Jul,27,Sun,Summer,0,6.223542424242424,2.6279131140873067,0,Dry,Warm,Calm,Low humidity
2022-07-11,5.0627272727272725,11,23.3,7.9,0,49,2022,7,Jul,28,Mon,Summer,0,6.090433333333334,2.580196649252564,0,Dry,Warm,Calm,Low humidity
2022-07-12,5.622727272727273,11,24.2,10.9,0,53,2022,7,Jul,28,Tue,Summer,0,6.038457575757576,2.5731452275892406,0,Dry,Warm,Calm,Low humidity
2022-07-13,5.772,10,22.9,8.6,0.4,56,2022,7,Jul,28,Wed,Summer,0,6.036524242424243,2.5733290356854193,0,Rainy,Warm,Calm,Low humidity
2022-07-14,6.511818181818182,11,19.4,12.3,0,56,2022,7,Jul,28,Thu,Summer,0,6.050418181818183,2.574780480225731,0,Dry,Warm,Calm,Low humidity
2022-07-15,4.797272727272727,11,19.3,10.2,0,53,2022,7,Jul,28,Fri,Summer,0,5.8924383838383845,2.4977442074816736,0,Dry,Warm,Calm,Low humidity
2022-07-16,4.405454545454545,11,20.6,5.5,0,56,2022,7,Jul,28,Sat,Summer,0,5.676509090909091,2.325469047285549,0,Dry,Warm,Calm,Low humidity
2022-07-17,4.765454545454546,11,22.7,8.6,0,49,2022,7,Jul,28,Sun,Summer,0,5.507957575757576,2.194185258549589,0,Dry,Warm,Calm,Low humidity
2022-07-18,8.023636363636363,11,27.4,9.4,0,37,2022,7,Jul,29,Mon,Summer,0,5.392045454545455,1.9442934465795236,0,Dry,Warm,Calm,Low humidity
2022-07-19,9.762,10,29.1,15.9,0.9,40,2022,7,Jul,29,Tue,Summer,0,5.514245454545455,2.0991048889797597,0,Rainy,Warm,Windy,Low humidity
2022-07-20,15.220181818181818,11,21.2,18.2,1.7,73,2022,7,Jul,29,Wed,Summer,1,5.843484848484849,2.746188060509305,0,Rainy,Warm,Windy,Low humidity
2022-07-21,8.97,11,20.4,10.6,0.8,67,2022,7,Jul,29,Thu,Summer,0,5.888318181818182,2.7869518447955755,0,Rainy,Warm,Calm,Low humidity
2022-07-22,5.910909090909091,11,18.7,15.5,2.4,69,2022,7,Jul,29,Fri,Summer,0,5.793781818181818,2.7342416956781133,0,Rainy,Warm,Windy,Low humidity
2022-07-23,5.252727272727273,11,19.5,13.9,0,69,2022,7,Jul,29,Sat,Summer,0,5.6814060606060615,2.682703266064867,0,Dry,Warm,Windy,Low humidity
2022-07-24,4.8545454545454545,11,20.8,22.3,4.1,68,2022,7,Jul,29,Sun,Summer,0,5.469254545454546,2.47314893940681,0,Rainy,Warm,Windy,Low humidity
2022-07-25,4.87,11,19.9,21,0,65,2022,7,Jul,30,Mon,Summer,0,5.413133333333334,2.4667879365079113,0,Dry,Warm,Windy,Low humidity
2022-07-26,3.41,10,17.6,7.9,0.2,65,2022,7,Jul,30,Tue,Summer,0,5.3188,2.488096560388262,0,Rainy,Warm,Calm,Low humidity
2022-07-27,4.832727272727273,11,17.5,10.7,0.1,65,2022,7,Jul,30,Wed,Summer,0,5.335496969696971,2.4829201401153758,0,Rainy,Warm,Calm,Low humidity
2022-07-28,4.474,10,18.1,12.1,1.6,61,2022,7,Jul,30,Thu,Summer,0,5.331842424242425,2.484145327460027,0,Rainy,Warm,Calm,Low humidity
2022-07-29,5.247,10,19.9,7.9,0,58,2022,7,Jul,30,Fri,Summer,0,5.365954545454546,2.475413798150082,0,Dry,Warm,Calm,Low humidity
2022-07-30,7.687272727272728,11,20.8,13.3,0,64,2022,7,Jul,30,Sat,Summer,0,5.472166666666667,2.50519676914651,0,Dry,Warm,Calm,Low humidity
2022-07-31,3.885,11,21.2,16.9,0.6,73,2022,7,Jul,30,Sun,Summer,0,5.4833030303030315,2.497091145710875,0,Rainy,Warm,Windy,Low humidity
2022-08-01,3.346363636363636,11,20.8,9.1,0,66,2022,8,Aug,31,Mon,Summer,0,5.474757575757576,2.504177306981474,0,Dry,Warm,Calm,Low humidity
2022-08-02,4.556363636363637,11,21,19,0.2,77,2022,8,Aug,31,Tue,Summer,0,5.527521212121213,2.466042663291713,0,Rainy,Warm,Windy,Low humidity
2022-08-03,6.255454545454546,11,21.9,18.2,0,74,2022,8,Aug,31,Wed,Summer,0,5.619915151515152,2.4385973113507178,0,Dry,Warm,Windy,Low humidity
2022-08-04,5.427272727272727,11,19.9,12.9,0,56,2022,8,Aug,31,Thu,Summer,0,5.6855515151515155,2.404670202443806,0,Dry,Warm,Calm,Low humidity
2022-08-05,4.140909090909091,11,17.8,15.3,0,46,2022,8,Aug,31,Fri,Summer,0,5.70809696969697,2.3862286509585893,0,Dry,Warm,Windy,Low humidity
2022-08-06,5.959090909090909,11,17.5,7.6,0,54,2022,8,Aug,31,Sat,Summer,0,5.809733333333335,2.3271432898876343,0,Dry,Warm,Calm,Low humidity
2022-08-07,8.290000000000001,9,19.7,5.9,0,57,2022,8,Aug,31,Sun,Summer,0,5.875824242424243,2.36952940111515,0,Dry,Warm,Calm,Low humidity
2022-08-08,6.237272727272727,11,20.8,8.6,0,61,2022,8,Aug,32,Mon,Summer,0,5.941096969696971,2.3509256408940318,0,Dry,Warm,Calm,Low humidity
2022-08-09,6.242727272727273,11,20.7,11.2,0,64,2022,8,Aug,32,Tue,Summer,0,5.99309696969697,2.3393563530258663,0,Dry,Warm,Calm,Low humidity
2022-08-10,6.127,10,21.5,11.6,0,62,2022,8,Aug,32,Wed,Summer,0,6.028572727272728,2.3328216052376956,0,Dry,Warm,Calm,Low humidity
2022-08-11,7.676,10,23.1,11.5,0,56,2022,8,Aug,32,Thu,Summer,0,6.097015151515152,2.3505569240069586,0,Dry,Warm,Calm,Low humidity
2022-08-12,9.193,10,24.2,13.4,0,50,2022,8,Aug,32,Fri,Summer,0,6.211048484848486,2.416308077503953,0,Dry,Warm,Windy,Low humidity
2022-08-13,10.489,10,25.1,11.7,0,47,2022,8,Aug,32,Sat,Summer,0,6.343621212121213,2.5393519262272726,0,Dry,Warm,Calm,Low humidity
2022-08-14,11.129,10,25.2,10.9,0,46,2022,8,Aug,32,Sun,Summer,0,6.554678787878788,2.666349923035931,0,Dry,Warm,Calm,Low humidity
2022-08-15,11.158,10,23,11,0.7,55,2022,8,Aug,33,Mon,Summer,0,6.779763636363637,2.761962952118352,0,Rainy,Warm,Calm,Low humidity
2022-08-16,14.12,10,19.7,7.2,3.6,80,2022,8,Aug,33,Tue,Summer,0,7.091581818181819,3.0406978130726214,0,Rainy,Warm,Calm,High humidity
2022-08-17,17.677777777777777,9,19.9,11.5,1.1,77,2022,8,Aug,33,Wed,Summer,1,7.413386531986532,3.601826756478121,0,Rainy,Warm,Calm,Low humidity
2022-08-18,11.138,10,19.9,10.8,0.6,74,2022,8,Aug,33,Thu,Summer,0,7.459253198653199,3.6413107305560155,0,Rainy,Warm,Calm,Low humidity
2022-08-19,5.522,10,20,14.3,0.9,66,2022,8,Aug,33,Fri,Summer,0,7.135980471380472,3.347160147254696,0,Rainy,Warm,Windy,Low humidity
2022-08-20,4.929,10,18.2,15,0,69,2022,8,Aug,33,Sat,Summer,0,7.001280471380472,3.3521159707503605,0,Dry,Warm,Windy,Low humidity
2022-08-21,6.047,10,18.4,9.4,0,69,2022,8,Aug,33,Sun,Summer,0,7.0058168350168355,3.35068128467303,0,Dry,Warm,Calm,Low humidity
2022-08-22,6.529,10,18.1,10.2,2.7,80,2022,8,Aug,34,Mon,Summer,0,7.04835925925926,3.3357242020763507,0,Rainy,Warm,Calm,High humidity
2022-08-23,3.616,10,21,13.1,0.5,81,2022,8,Aug,34,Tue,Summer,0,7.007074410774411,3.3712872837141883,0,Rainy,Warm,Calm,High humidity
2022-08-24,2.81,10,22.2,12.8,0.6,74,2022,8,Aug,34,Wed,Summer,0,6.938407744107745,3.4366616408134236,0,Rainy,Warm,Calm,Low humidity
2022-08-25,3.47,10,18.1,8.5,17.1,88,2022,8,Aug,34,Thu,Summer,0,6.940407744107745,3.4345542542711067,0,Rainy,Warm,Calm,High humidity
2022-08-26,7.775,10,18.1,4.9,0,73,2022,8,Aug,34,Fri,Summer,0,7.038483501683502,3.414241908474155,0,Dry,Warm,Calm,Low humidity
2022-08-27,8.094,10,17.8,8.1,0.3,75,2022,8,Aug,34,Sat,Summer,0,7.159150168350169,3.384320400338811,0,Rainy,Warm,Calm,Low humidity
2022-08-28,4.913,10,17.5,12.5,0,73,2022,8,Aug,34,Sun,Summer,0,7.148016835016835,3.391369707886113,0,Dry,Warm,Calm,Low humidity
2022-08-29,4.667,10,17.2,14.2,0.1,70,2022,8,Aug,35,Mon,Summer,0,7.047341077441078,3.4195222783148673,0,Rainy,Warm,Windy,Low humidity
2022-08-30,5.132,10,18.3,16.5,0,68,2022,8,Aug,35,Tue,Summer,0,7.088907744107744,3.387182444534853,0,Dry,Warm,Windy,Low humidity
2022-08-31,5.066,10,17.9,18.7,0.2,63,2022,8,Aug,35,Wed,Summer,0,7.146228956228956,3.3358248226063174,0,Rainy,Warm,Windy,Low humidity
2022-09-01,4.599090909090909,11,19,17.6,0.7,69,2022,9,Sep,35,Thu,Autumn,0,7.1476531986532,3.334689869096138,0,Rainy,Warm,Windy,Low humidity
2022-09-02,8.340909090909092,11,18.9,9.4,1,76,2022,9,Sep,35,Fri,Autumn,0,7.21716835016835,3.3371855252460914,0,Rainy,Warm,Calm,Low humidity
2022-09-03,15.909090909090908,11,18.8,10.3,1.4,77,2022,9,Sep,35,Sat,Autumn,1,7.56656228956229,3.674942726977305,0,Rainy,Warm,Calm,Low humidity
2022-09-04,11.373636363636365,11,19.6,14.7,0.4,72,2022,9,Sep,35,Sun,Autumn,0,7.807653198653199,3.679701476483422,0,Rainy,Warm,Windy,Low humidity
2022-09-05,6.142,10,19.6,12.5,5.8,77,2022,9,Sep,36,Mon,Autumn,0,7.813750168350169,3.676683234382077,0,Rainy,Warm,Calm,Low humidity
2022-09-06,5.757,10,18,16.4,7.8,84,2022,9,Sep,36,Tue,Autumn,0,7.729316835016835,3.6944110925088935,0,Rainy,Warm,Windy,High humidity
2022-09-07,5.238888888888889,9,17.2,14.9,4.7,81,2022,9,Sep,36,Wed,Autumn,0,7.696037373737374,3.712766123526805,0,Rainy,Warm,Windy,High humidity
2022-09-08,4.658,10,15.7,14.1,4.3,86,2022,9,Sep,36,Thu,Autumn,0,7.643213131313132,3.745287545561184,0,Rainy,Warm,Windy,High humidity
2022-09-09,5.725555555555555,9,16.2,13,1.1,82,2022,9,Sep,36,Fri,Autumn,0,7.62983164983165,3.7516034345147844,0,Rainy,Warm,Calm,High humidity
2022-09-10,7.535555555555556,9,16.4,9.4,0.8,83,2022,9,Sep,36,Sat,Autumn,0,7.625150168350169,3.751631463700318,0,Rainy,Warm,Calm,High humidity
2022-09-11,8.667777777777777,9,17.2,8.3,0,82,2022,9,Sep,36,Sun,Autumn,0,7.6076427609427615,3.745282754858031,0,Dry,Warm,Calm,High humidity
2022-09-12,7.620909090909091,11,19.7,8.8,1,76,2022,9,Sep,37,Mon,Autumn,0,7.512039730639731,3.7055917800722025,0,Rainy,Warm,Calm,Low humidity
2022-09-13,6.815555555555555,9,17.3,11.6,3.9,87,2022,9,Sep,37,Tue,Autumn,0,7.36825824915825,3.6435744005555257,0,Rainy,Warm,Calm,High humidity
2022-09-14,5.245,10,17,10.3,4,79,2022,9,Sep,37,Wed,Autumn,0,7.17115824915825,3.5910522361197,0,Rainy,Warm,Calm,Low humidity
2022-09-15,7.361,10,15,9.7,0.8,72,2022,9,Sep,37,Thu,Autumn,0,6.94585824915825,3.3435520252744526,0,Rainy,Warm,Calm,Low humidity
2022-09-16,4.430909090909091,11,12.2,13.1,0.1,64,2022,9,Sep,37,Fri,Autumn,0,6.50429595959596,2.687791165037131,0,Rainy,Mild,Calm,Low humidity
2022-09-17,3.667272727272727,11,11.3,12.3,0,61,2022,9,Sep,37,Sat,Autumn,0,6.255271717171718,2.5878996579301465,0,Dry,Mild,Calm,Low humidity
2022-09-18,3.981818181818182,11,12.5,14.1,0,71,2022,9,Sep,37,Sun,Autumn,0,6.203932323232324,2.61804972234229,0,Dry,Mild,Windy,Low humidity
2022-09-19,3.536,10,13.4,5,0.3,73,2022,9,Sep,38,Mon,Autumn,0,6.157498989898991,2.653553732523104,0,Rainy,Mild,Calm,Low humidity
2022-09-20,4.957,10,14.2,5.2,0,72,2022,9,Sep,38,Tue,Autumn,0,6.1211656565656565,2.6625659091397225,0,Dry,Mild,Calm,Low humidity
2022-09-21,7.628181818181818,11,14.9,4.7,0,73,2022,9,Sep,38,Wed,Autumn,0,6.157805050505051,2.675901104423024,0,Dry,Warm,Calm,Low humidity
2022-09-22,7.67,9,14.8,12.1,0,76,2022,9,Sep,38,Thu,Autumn,0,6.2929383838383846,2.645302179571266,0,Dry,Warm,Calm,Low humidity
2022-09-23,7.38,10,15,9.5,2.6,83,2022,9,Sep,38,Fri,Autumn,0,6.4452717171717175,2.5682797466496576,0,Rainy,Warm,Calm,High humidity
2022-09-24,6.9,9,13.1,13.3,0.2,75,2022,9,Sep,38,Sat,Autumn,0,6.559605050505051,2.506874256102282,0,Rainy,Mild,Calm,Low humidity
2022-09-25,3.9757142857142855,7,12.3,12.2,0,69,2022,9,Sep,38,Sun,Autumn,0,6.4329621933621945,2.5391166787745147,0,Dry,Mild,Calm,Low humidity
2022-09-26,3.771,10,12.5,19.7,1.7,73,2022,9,Sep,39,Mon,Autumn,0,6.288862193362194,2.564144971211626,0,Rainy,Mild,Windy,Low humidity
2022-09-27,3.767,10,10.9,17.5,2.4,73,2022,9,Sep,39,Tue,Autumn,0,6.250662193362194,2.593714940040519,0,Rainy,Mild,Windy,Low humidity
2022-09-28,4.566,10,9.9,10.1,0.1,76,2022,9,Sep,39,Wed,Autumn,0,6.2472955266955275,2.5959060556644014,0,Rainy,Mild,Calm,Low humidity
2022-09-29,6.895555555555556,9,10.4,6.8,0,78,2022,9,Sep,39,Thu,Autumn,0,6.306080711880712,2.589739737012936,0,Dry,Mild,Calm,Low humidity
2022-09-30,9.683333333333334,9,11.7,19.5,5.5,86,2022,9,Sep,39,Fri,Autumn,0,6.459991822991824,2.650004433645461,0,Rainy,Mild,Windy,High humidity
2022-10-01,6.003333333333333,9,14.9,18.4,0.1,74,2022,10,Oct,39,Sat,Autumn,0,6.506799903799904,2.6283142383102627,0,Rainy,Warm,Windy,Low humidity
2022-10-02,6.234444444444445,9,13.8,10.2,0.4,78,2022,10,Oct,39,Sun,Autumn,0,6.4365844155844165,2.6056659143983976,0,Rainy,Mild,Calm,Low humidity
2022-10-03,9.437777777777775,9,12.4,7.5,0,84,2022,10,Oct,40,Mon,Autumn,0,6.220873977873978,1.9894393891149977,0,Dry,Mild,Calm,High humidity
2022-10-04,6.644,10,15.5,19.6,0.3,83,2022,10,Oct,40,Tue,Autumn,0,6.063219432419433,1.7386144915966208,0,Rainy,Warm,Windy,High humidity
2022-10-05,3.761,10,15.5,28.3,0.9,77,2022,10,Oct,40,Wed,Autumn,0,5.983852765752767,1.788523433229803,0,Rainy,Warm,Windy,Low humidity
2022-10-06,5.802,10,12.9,16.9,0,74,2022,10,Oct,40,Thu,Autumn,0,5.985352765752766,1.7883454770785683,0,Dry,Mild,Windy,Low humidity
2022-10-07,6.072,10,14.3,20.8,0.5,79,2022,10,Oct,40,Fri,Autumn,0,6.013123136123137,1.7828142266522737,0,Rainy,Mild,Windy,Low humidity
2022-10-08,6.122222222222222,9,10.9,10.3,0,77,2022,10,Oct,40,Sat,Autumn,0,6.061930543530544,1.764383739653487,0,Dry,Mild,Calm,Low humidity
2022-10-09,7.84,9,11.5,12,0,76,2022,10,Oct,40,Sun,Autumn,0,6.132412025012026,1.792492034555425,0,Dry,Mild,Calm,Low humidity
2022-10-10,7.426,10,11.9,11.1,1.5,76,2022,10,Oct,41,Mon,Autumn,0,6.128760173160174,1.7896441673432302,0,Rainy,Mild,Calm,Low humidity
2022-10-11,8.879,10,9.3,4.7,0,78,2022,10,Oct,41,Tue,Autumn,0,6.135800913900914,1.8003609089629602,0,Dry,Mild,Calm,Low humidity
2022-10-12,10.901,10,11.9,13.1,2,82,2022,10,Oct,41,Wed,Autumn,0,6.245137277537278,1.983906156476735,0,Rainy,Mild,Calm,High humidity
2022-10-13,7.709,10,13.3,5.7,8.6,87,2022,10,Oct,41,Thu,Autumn,0,6.274918759018759,1.999409692648309,0,Rainy,Mild,Calm,High humidity
2022-10-14,10.685,10,11.9,8.9,1.2,92,2022,10,Oct,41,Fri,Autumn,0,6.456252092352092,2.144223716303286,0,Rainy,Mild,Calm,High humidity
2022-10-15,6.346,10,12.4,18.9,0.2,81,2022,10,Oct,41,Sat,Autumn,0,6.422418759018759,2.137452648681475,0,Rainy,Mild,Windy,High humidity
2022-10-16,6.176,10,13.9,16.7,9.8,74,2022,10,Oct,41,Sun,Autumn,0,6.480588455988456,2.1048835742441647,0,Rainy,Mild,Windy,Low humidity
2022-10-17,5.681,10,15,14.8,2.5,82,2022,10,Oct,42,Mon,Autumn,0,6.547712698412699,2.0432811456461955,0,Rainy,Warm,Windy,High humidity
2022-10-18,8.030909090909091,11,11.4,10,0,86,2022,10,Oct,42,Tue,Autumn,0,6.682682395382396,2.0012452128773037,0,Dry,Mild,Calm,High humidity
2022-10-19,8.367272727272727,11,14.1,22.8,2.4,85,2022,10,Oct,42,Wed,Autumn,0,6.84372481962482,1.9325049339864566,0,Rainy,Mild,Windy,High humidity
2022-10-20,14.154545454545454,11,13.7,8.4,9.9,93,2022,10,Oct,42,Thu,Autumn,0,7.150309668109669,2.3146551393387895,0,Rainy,Mild,Calm,High humidity
2022-10-21,9.335,10,14.9,20.6,6.1,85,2022,10,Oct,42,Fri,Autumn,0,7.207203607503607,2.3475491728697677,0,Rainy,Warm,Windy,High humidity
2022-10-22,6.8536363636363635,11,14.7,14.6,0,85,2022,10,Oct,42,Sat,Autumn,0,7.179991486291486,2.346730967353983,0,Dry,Mild,Windy,High humidity
2022-10-23,6.787272727272727,11,15.3,17,12.7,86,2022,10,Oct,42,Sun,Autumn,0,7.16023391053391,2.347484012836322,0,Rainy,Warm,Windy,High humidity
2022-10-24,5.372727272727273,11,13.5,20.6,1.5,84,2022,10,Oct,43,Mon,Autumn,0,7.1093248196248195,2.3697770937735227,0,Rainy,Mild,Windy,High humidity
2022-10-25,5.692,10,13.7,13.7,0.2,84,2022,10,Oct,43,Tue,Autumn,0,7.1665343434343445,2.3115196339704154,0,Rainy,Mild,Windy,High humidity
2022-10-26,6.08,11,15.7,20.4,0.6,83,2022,10,Oct,43,Wed,Autumn,0,7.243501010101011,2.2316203707664806,0,Rainy,Warm,Windy,High humidity
2022-10-27,7.295454545454546,11,16.4,14.2,4,87,2022,10,Oct,43,Thu,Autumn,0,7.361116161616162,2.132874012785066,0,Rainy,Warm,Windy,High humidity
2022-10-28,9.595454545454546,11,15.2,15.2,0.1,85,2022,10,Oct,43,Fri,Autumn,0,7.528764646464647,2.103050397845031,0,Rainy,Warm,Windy,High humidity
2022-10-29,9.049090909090909,11,16.5,12.7,3,86,2022,10,Oct,43,Sat,Autumn,0,7.6005491582491596,2.1173963843758123,0,Rainy,Warm,Calm,High humidity
2022-10-30,8.389090909090909,11,14.2,15.7,1.3,86,2022,10,Oct,43,Sun,Autumn,0,7.557407744107745,2.086455737012683,0,Rainy,Mild,Windy,High humidity
2022-10-31,6.0590909090909095,11,14.2,15.8,8.7,86,2022,10,Oct,44,Mon,Autumn,0,7.559266329966331,2.0850480120702937,0,Rainy,Mild,Windy,High humidity
2022-11-01,6.322727272727272,11,12.4,31.4,2.1,79,2022,11,Nov,44,Tue,Autumn,0,7.562209090909091,2.0831751890751566,0,Rainy,Mild,Windy,Low humidity
2022-11-02,5.882,10,12.1,26.9,5.3,74,2022,11,Nov,44,Wed,Autumn,0,7.443683164983166,2.0739171667318295,0,Rainy,Mild,Windy,Low humidity
2022-11-03,5.699,10,10.2,12.6,25.4,90,2022,11,Nov,44,Thu,Autumn,0,7.4121831649831655,2.0935656656997033,0,Rainy,Mild,Calm,High humidity
2022-11-04,8.705,10,8.4,12.8,3,86,2022,11,Nov,44,Fri,Autumn,0,7.576983164983165,1.9881802836275033,0,Rainy,Cool,Calm,High humidity
2022-11-05,11.093,10,10,16.5,3.3,90,2022,11,Nov,44,Sat,Autumn,0,7.753349831649832,2.058720874054499,0,Rainy,Mild,Windy,High humidity
2022-11-06,5.236363636363636,11,12.6,19.4,20,89,2022,11,Nov,44,Sun,Autumn,0,7.725495286195287,2.0877031056308635,0,Rainy,Mild,Windy,High humidity
2022-11-07,7.166363636363636,11,13,25,1.4,84,2022,11,Nov,45,Mon,Autumn,0,7.760300000000001,2.0686696216421976,0,Rainy,Mild,Windy,High humidity
2022-11-08,7.0636363636363635,11,12.9,28.9,4.7,81,2022,11,Nov,45,Tue,Autumn,0,7.734421212121213,2.0724907793482505,0,Rainy,Mild,Windy,High humidity
2022-11-09,6.097272727272728,11,11.3,20.1,0,81,2022,11,Nov,45,Wed,Autumn,0,7.690130303030304,2.0934018170608337,0,Dry,Mild,Windy,High humidity
2022-11-10,6.433636363636364,11,13,22.9,0,82,2022,11,Nov,45,Thu,Autumn,0,7.608618181818183,2.0931220943082587,0,Dry,Mild,Windy,High humidity
2022-11-11,5.568181818181818,11,13.4,19.4,0,88,2022,11,Nov,45,Fri,Autumn,0,7.430857575757576,2.029347444581927,0,Dry,Mild,Windy,High humidity
2022-11-12,10.62181818181818,11,11.7,8.7,0,93,2022,11,Nov,45,Sat,Autumn,0,7.527951515151516,2.1111471784509503,0,Dry,Mild,Calm,High humidity
2022-11-13,15,11,10.6,9.8,0,96,2022,11,Nov,45,Sun,Autumn,0,7.671784848484849,2.4529731604747145,0,Dry,Mild,Calm,High humidity
2022-11-14,17.672727272727272,11,10.9,8.8,0.3,94,2022,11,Nov,46,Mon,Autumn,1,8.049342424242424,3.0426842429832144,0,Rainy,Mild,Calm,High humidity
2022-11-15,7.632545454545454,11,11,20.3,8.9,85,2022,11,Nov,46,Tue,Autumn,0,8.09789393939394,3.023320195090551,0,Rainy,Mild,Windy,High humidity
2022-11-16,3.4954545454545456,11,9.8,18.1,19.7,85,2022,11,Nov,46,Wed,Autumn,0,8.025042424242425,3.1086937983330607,0,Rainy,Mild,Windy,High humidity
2022-11-17,4.2263636363636365,11,9.5,23.9,7.4,85,2022,11,Nov,46,Thu,Autumn,0,7.898224242424243,3.1851096305527204,0,Rainy,Mild,Windy,High humidity
2022-11-18,4.089,10,8.3,15.7,1.4,81,2022,11,Nov,46,Fri,Autumn,0,7.755615151515152,3.2583200646334096,0,Rainy,Cool,Windy,High humidity
2022-11-19,6.325454545454545,11,6.6,9.8,0.3,89,2022,11,Nov,46,Sat,Autumn,0,7.494645454545455,3.033938685752041,0,Rainy,Cool,Calm,High humidity
2022-11-20,9.094545454545454,11,7.2,13.6,6.1,86,2022,11,Nov,46,Sun,Autumn,0,7.486630303030304,3.0292230846208295,0,Rainy,Cool,Windy,High humidity
2022-11-21,6.516363636363637,11,5.9,19.7,7.9,88,2022,11,Nov,47,Mon,Autumn,0,7.475387878787879,3.032277661688299,0,Rainy,Cool,Windy,High humidity
2022-11-22,4.908181818181818,11,5.6,14.4,0.1,89,2022,11,Nov,47,Tue,Autumn,0,7.412751515151515,3.066199893297228,0,Rainy,Cool,Windy,High humidity
2022-11-24,7.474545454545455,11,9,20.7,2.9,83,2022,11,Nov,47,Thu,Autumn,0,7.482812121212121,3.041895601768183,0,Rainy,Mild,Windy,High humidity
2022-11-25,8.60909090909091,11,8.2,14.2,0,84,2022,11,Nov,47,Fri,Autumn,0,7.5800484848484855,3.0292743255962997,0,Dry,Cool,Windy,High humidity
2022-11-26,8.506363636363636,11,9.9,18.2,1.2,88,2022,11,Nov,47,Sat,Autumn,0,7.660927272727274,3.0202206941795327,0,Rainy,Mild,Windy,High humidity
2022-11-27,5.383636363636364,11,11.2,13.2,10.5,93,2022,11,Nov,47,Sun,Autumn,0,7.597200000000001,3.048238082477567,0,Rainy,Mild,Calm,High humidity
2022-11-28,8.4,11,7.2,7.2,1.5,93,2022,11,Nov,48,Mon,Autumn,0,7.557351515151515,3.028967824510963,0,Rainy,Cool,Calm,High humidity
2022-11-29,11.826363636363636,11,6.7,5.7,0,94,2022,11,Nov,48,Tue,Autumn,0,7.649927272727273,3.1172866534893444,0,Dry,Cool,Calm,High humidity
2022-11-30,16.963636363636365,11,6.4,5.6,0.1,94,2022,11,Nov,48,Wed,Autumn,1,7.935745454545455,3.5503999749308766,0,Rainy,Cool,Calm,High humidity
2022-12-01,17.28181818181818,11,4.8,7.7,0,97,2022,12,Dec,48,Thu,Winter,1,8.309836363636364,3.918056266737232,0,Dry,Cool,Calm,High humidity
2022-12-02,15.518181818181818,11,5,13.2,0.3,91,2022,12,Dec,48,Fri,Winter,1,8.616351515151516,4.112122020696813,0,Rainy,Cool,Calm,High humidity
2022-12-03,10.623636363636365,11,5.9,19.4,0,79,2022,12,Dec,48,Sat,Winter,0,8.774406060606061,4.094487273506398,0,Dry,Cool,Windy,Low humidity
2022-12-04,15.90909090909091,11,5,16.4,1.6,82,2022,12,Dec,48,Sun,Winter,1,9.114742424242424,4.251371767224526,0,Rainy,Cool,Windy,High humidity
2022-12-05,13.60909090909091,11,6.4,14.5,0,84,2022,12,Dec,49,Mon,Winter,0,9.278212121212123,4.328654741991801,0,Dry,Cool,Windy,High humidity
2022-12-06,6.807272727272728,11,4.5,10.5,0,88,2022,12,Dec,49,Tue,Winter,0,9.135354545454545,4.337408022360427,0,Dry,Cool,Calm,High humidity
2022-12-07,9.69181818181818,11,0.8,8.4,0,92,2022,12,Dec,49,Wed,Winter,0,9.283869696969697,4.275132429419668,0,Dry,Cool,Calm,High humidity
2022-12-08,16.363636363636363,11,-2,8.6,0,90,2022,12,Dec,49,Thu,Winter,1,9.590445454545454,4.444467947161148,0,Dry,Cool,Calm,High humidity
2022-12-09,20.363636363636363,11,-2.4,8.6,0,91,2022,12,Dec,49,Fri,Winter,1,10.033778787878788,4.83031415240011,0,Dry,Cool,Calm,High humidity
2022-12-10,24,11,-2,7.6,0,93,2022,12,Dec,49,Sat,Winter,1,10.630536363636365,5.399558654919037,0,Dry,Cool,Calm,High humidity
2022-12-11,29.009090909090908,11,-2.4,6.4,0.7,97,2022,12,Dec,49,Sun,Winter,1,11.383051515151516,6.293594725076669,1,Rainy,Cool,Calm,High humidity
2022-12-12,18.581818181818186,11,-0.1,7.4,0.2,91,2022,12,Dec,50,Mon,Winter,1,11.816839393939395,6.32737641483896,0,Rainy,Cool,Calm,High humidity
2022-12-13,18.26363636363636,11,-1.7,8.3,0,90,2022,12,Dec,50,Tue,Winter,1,12.071566666666666,6.430588573168762,0,Dry,Cool,Calm,High humidity
2022-12-14,20.081818181818186,11,-1.4,11.1,0,90,2022,12,Dec,50,Wed,Winter,1,12.240960606060607,6.57568454774154,0,Dry,Cool,Calm,High humidity
2022-12-15,14.536363636363635,11,-2.9,8.5,0,84,2022,12,Dec,50,Thu,Winter,0,12.136415151515154,6.51096180261763,0,Dry,Cool,Calm,High humidity
2022-12-16,22.26363636363636,11,-2.9,8.7,0,91,2022,12,Dec,50,Fri,Winter,1,12.624118181818181,6.7069861264674575,0,Dry,Cool,Calm,High humidity
2022-12-17,32.763636363636365,11,-0.7,11.4,0,88,2022,12,Dec,50,Sat,Winter,1,13.599724242424243,7.423726411992558,1,Dry,Cool,Calm,High humidity
2022-12-18,18.90909090909091,11,2.1,17,10.4,92,2022,12,Dec,50,Sun,Winter,1,14.089148484848486,7.266795300023931,0,Rainy,Cool,Windy,High humidity
2022-12-19,6.223636363636364,11,11.8,32.9,5.2,89,2022,12,Dec,51,Mon,Winter,0,14.16030303030303,7.175375818995173,0,Rainy,Mild,Windy,High humidity
2022-12-20,5.296363636363636,11,9,18,2.7,89,2022,12,Dec,51,Tue,Winter,0,14.126000000000001,7.21646535895531,0,Rainy,Mild,Windy,High humidity
2022-12-21,8.127272727272727,11,6.9,13.6,0.9,91,2022,12,Dec,51,Wed,Winter,0,14.093757575757575,7.24183679040018,0,Rainy,Cool,Windy,High humidity
2022-12-22,7.9354545454545455,11,8.3,12.5,0.8,96,2022,12,Dec,51,Thu,Winter,0,14.141060606060607,7.195119209826976,0,Rainy,Cool,Calm,High humidity
2022-12-24,8.3,11,8.5,15.9,0,91,2022,12,Dec,51,Sat,Winter,0,14.254121212121213,7.070606787933923,0,Dry,Cool,Windy,High humidity
2022-12-25,5.8081818181818186,11,9.8,15.8,0.1,91,2022,12,Dec,51,Sun,Winter,0,14.198575757575759,7.131981433837569,0,Rainy,Mild,Windy,High humidity
2022-12-26,3.728181818181818,11,5.9,17.5,0,84,2022,12,Dec,52,Mon,Winter,0,14.03587878787879,7.3171558335040965,0,Dry,Cool,Windy,High humidity
2022-12-27,4.054545454545455,11,6.2,20.3,3.8,88,2022,12,Dec,52,Tue,Winter,0,13.88748484848485,7.476568385167544,0,Rainy,Cool,Windy,High humidity
2022-12-28,2.981818181818182,11,10.5,30.1,4,89,2022,12,Dec,52,Wed,Winter,0,13.807424242424243,7.5828731819133015,0,Rainy,Mild,Windy,High humidity
2022-12-29,5.214545454545455,11,7.7,25.5,0.3,78,2022,12,Dec,52,Thu,Winter,0,13.701242424242425,7.682847210791571,0,Rainy,Cool,Windy,Low humidity
2022-12-30,5.027272727272727,11,9.6,26.1,6.6,87,2022,12,Dec,52,Fri,Winter,0,13.47460606060606,7.838762559058686,0,Rainy,Mild,Windy,High humidity
2022-12-31,4.624545454545455,11,12.2,30,10.2,88,2022,12,Dec,52,Sat,Winter,0,13.06330303030303,7.971965729235593,0,Rainy,Mild,Windy,High humidity
2023-01-01,7.774,10,10.2,20.6,4,83,2023,1,Jan,52,Sun,Winter,0,12.746375757575757,7.98745235727404,0,Rainy,Mild,Windy,High humidity
2023-01-02,7.39,11,5.5,10.4,0.2,91,2023,1,Jan,1,Mon,Winter,0,12.475436363636364,8.027942724816393,0,Rainy,Cool,Calm,High humidity
2023-01-03,7.634545454545455,11,8.3,24.1,3.2,91,2023,1,Jan,1,Tue,Winter,0,12.3758,8.070156403218824,0,Rainy,Cool,Windy,High humidity
2023-01-04,4.795454545454545,11,11.8,30.6,0.9,85,2023,1,Jan,1,Wed,Winter,0,12.005345454545454,8.156984953156332,0,Rainy,Mild,Windy,High humidity
2023-01-05,8.273636363636363,11,10.5,20.5,0.1,87,2023,1,Jan,1,Thu,Winter,0,11.82749696969697,8.178947856210831,0,Rainy,Mild,Windy,High humidity
2023-01-06,3.652727272727273,11,9.6,21.3,1.2,87,2023,1,Jan,1,Fri,Winter,0,11.722345454545456,8.26553491588137,0,Rainy,Mild,Windy,High humidity
2023-01-07,4.246363636363636,11,10.1,31.5,5,84,2023,1,Jan,1,Sat,Winter,0,11.540830303030303,8.370786199959575,0,Rainy,Mild,Windy,High humidity
2023-01-08,5.542727272727273,11,7.2,22.7,1.8,83,2023,1,Jan,1,Sun,Winter,0,11.180133333333334,8.388922291358368,0,Rainy,Cool,Windy,High humidity
2023-01-09,4.52,11,5.7,19,0.3,81,2023,1,Jan,2,Mon,Winter,0,10.652012121212122,8.2889618891059,0,Rainy,Cool,Windy,High humidity
2023-01-10,6.134545454545455,11,8.6,24.9,6.5,88,2023,1,Jan,2,Tue,Winter,0,10.05649696969697,7.930950637836344,0,Rainy,Cool,Windy,High humidity
2023-01-11,5.388,10,8.6,26.5,2.8,82,2023,1,Jan,2,Wed,Winter,0,9.269127272727273,7.115051744080723,0,Rainy,Cool,Windy,High humidity
2023-01-16,5.963636363636364,11,2.2,18.2,13.4,88,2023,1,Jan,3,Mon,Winter,0,8.848521212121211,6.915718360329853,0,Rainy,Cool,Windy,High humidity
2023-01-17,11.088181818181818,11,-2.2,5.8,0,88,2023,1,Jan,3,Tue,Winter,0,8.609339393939395,6.699570497793603,0,Dry,Cool,Calm,High humidity
2023-01-18,14.53,10,-0.4,11.4,0,87,2023,1,Jan,3,Wed,Winter,0,8.424278787878787,6.443526905375524,0,Dry,Cool,Calm,High humidity
2023-01-19,8.395999999999999,10,-0.4,8.6,0,90,2023,1,Jan,3,Thu,Winter,0,8.219600000000002,6.3393640133995985,0,Dry,Cool,Calm,High humidity
2023-01-20,7.989090909090909,11,1.7,12.7,0,86,2023,1,Jan,3,Fri,Winter,0,7.7437818181818185,5.757946938738694,0,Dry,Cool,Calm,High humidity
2023-01-21,12.628,10,1.1,6.8,0,92,2023,1,Jan,3,Sat,Winter,0,7.07259393939394,3.4531959521955202,0,Dry,Cool,Calm,High humidity
2023-01-23,42.99090909090909,11,-1,4,0,86,2023,1,Jan,4,Mon,Winter,1,7.875321212121213,7.135399553421437,1,Dry,Cool,Calm,High humidity
2023-01-24,20.71818181818182,11,1.6,6.4,0,91,2023,1,Jan,4,Tue,Winter,1,8.358472727272728,7.5010615821850255,0,Dry,Cool,Calm,High humidity
2023-01-25,24.39090909090909,11,0.9,9.8,1.7,94,2023,1,Jan,4,Wed,Winter,1,8.994957575757576,8.024146609971357,0,Rainy,Cool,Calm,High humidity
2023-01-26,14.418181818181818,11,4.6,18.2,0.3,89,2023,1,Jan,4,Thu,Winter,0,9.204654545454547,8.082676740274492,0,Rainy,Cool,Windy,High humidity
2023-01-27,6.781818181818182,11,3.8,13.8,0,84,2023,1,Jan,4,Fri,Winter,0,9.1662,8.091662674264406,0,Dry,Cool,Windy,High humidity
2023-01-28,10.595454545454546,11,2.3,6.8,0,88,2023,1,Jan,4,Sat,Winter,0,9.242715151515151,8.094042017502519,0,Dry,Cool,Calm,High humidity
2023-01-29,13.590909090909092,11,4.4,14.4,0,92,2023,1,Jan,4,Sun,Winter,0,9.502139393939395,8.104880846285058,0,Dry,Cool,Windy,High humidity
2023-01-30,6.72,11,5.9,14.9,0,83,2023,1,Jan,5,Mon,Winter,0,9.601866666666668,8.04960281756244,0,Dry,Cool,Windy,High humidity
2023-01-31,9.209090909090907,11,6.3,16.9,0.1,83,2023,1,Jan,5,Tue,Winter,0,9.77368484848485,7.981839118364061,0,Rainy,Cool,Windy,High humidity
2023-02-01,9.543636363636365,11,6.4,21,0,79,2023,2,Feb,5,Wed,Winter,0,9.992412121212121,7.878541648099948,0,Dry,Cool,Windy,Low humidity
2023-02-14,31.536363636363635,11,5.1,10.2,0,87,2023,2,Feb,7,Tue,Winter,1,10.869806060606061,8.746014599333163,1,Dry,Cool,Calm,High humidity
2023-02-15,36.30909090909091,11,6.7,14.3,0,84,2023,2,Feb,7,Wed,Winter,1,11.912533333333334,9.823781810367088,1,Dry,Cool,Windy,High humidity
2023-03-19,4.836363636363636,11,8.2,12.1,1.7,77,2023,3,Mar,11,Sun,Spring,0,11.91959393939394,9.818437788104536,0,Rainy,Cool,Calm,Low humidity
2023-03-20,6.115454545454545,11,9.8,18.7,3.3,87,2023,3,Mar,12,Mon,Spring,0,11.864309090909092,9.84721261090613,0,Rainy,Mild,Windy,High humidity
2023-03-21,6.27,11,10.8,24.5,1.4,82,2023,3,Mar,12,Tue,Spring,0,11.826975757575758,9.866864311591838,0,Rainy,Mild,Windy,High humidity
2023-03-22,5.392727272727273,11,11.3,29,2.6,82,2023,3,Mar,12,Wed,Spring,0,11.752248484848485,9.908113856691857,0,Rainy,Mild,Windy,High humidity
2023-03-24,7.427272727272727,11,9.7,27.2,1.7,79,2023,3,Mar,12,Fri,Spring,0,11.839975757575758,9.855907447636516,0,Rainy,Mild,Windy,Low humidity
2023-03-25,6.173636363636364,11,10,26,0.5,70,2023,3,Mar,12,Sat,Spring,0,11.769975757575759,9.889510399529177,0,Rainy,Mild,Windy,Low humidity
2023-03-26,6.468,10,7.3,12.2,8.1,84,2023,3,Mar,12,Sun,Spring,0,11.863818181818182,9.822962356538136,0,Rainy,Cool,Calm,High humidity
2023-03-27,5.149,10,5.3,7,0,69,2023,3,Mar,13,Mon,Spring,0,11.893906060606062,9.80018139404661,0,Dry,Cool,Calm,Low humidity
2023-03-28,4.928,10,7.2,18.4,1.9,78,2023,3,Mar,13,Tue,Spring,0,11.873415151515152,9.814550922076993,0,Rainy,Cool,Windy,Low humidity
2023-03-29,6.887272727272728,11,11.5,19.7,3.3,89,2023,3,Mar,13,Wed,Spring,0,11.952324242424243,9.762770569882377,0,Rainy,Mild,Windy,High humidity
2023-03-30,7.863,10,12,26.1,3.9,81,2023,3,Mar,13,Thu,Spring,0,12.009939393939394,9.73230564943932,0,Rainy,Mild,Windy,High humidity
2023-03-31,6.691,10,10.8,26.4,12.4,87,2023,3,Mar,13,Fri,Spring,0,12.053372727272727,9.704602295454366,0,Rainy,Mild,Windy,High humidity
2023-04-01,4.638,10,9.6,15.7,1,81,2023,4,Apr,13,Sat,Spring,0,12.009184848484848,9.736253177795824,0,Rainy,Mild,Windy,High humidity
2023-04-02,5.07,9,7.7,16.4,0,72,2023,4,Apr,13,Sun,Spring,0,11.808578787878789,9.817543952212489,0,Dry,Cool,Windy,Low humidity
2023-04-03,6.3629999999999995,10,5.4,11.9,0,76,2023,4,Apr,14,Mon,Spring,0,11.536345454545454,9.852648468800547,0,Dry,Cool,Calm,Low humidity
2023-04-04,9.11,9,5.7,7.5,0,75,2023,4,Apr,14,Tue,Spring,0,11.560145454545454,9.845660978728903,0,Dry,Cool,Calm,Low humidity
2023-04-05,11.671111111111111,9,6.8,9.2,1.4,79,2023,4,Apr,14,Wed,Spring,0,11.682879461279462,9.82253239496144,0,Rainy,Cool,Calm,Low humidity
2023-04-06,6.247777777777777,9,9.3,15.2,4.5,84,2023,4,Apr,14,Thu,Spring,0,11.470205387205388,9.870318281692938,0,Rainy,Mild,Windy,High humidity
2023-04-07,4.4944444444444445,9,8,8.3,0.2,72,2023,4,Apr,14,Fri,Spring,0,10.1869898989899,7.945893594750295,0,Rainy,Cool,Calm,Low humidity
2023-04-08,9.342222222222222,9,7.9,6.8,0,81,2023,4,Apr,14,Sat,Spring,0,9.807791245791245,7.693421744861549,0,Dry,Cool,Calm,High humidity
2023-04-09,15.6,9,9.6,10,0,76,2023,4,Apr,14,Sun,Spring,1,9.514760942760944,7.274849825675665,0,Dry,Mild,Calm,Low humidity
2023-04-10,9.266666666666666,9,10.8,23.9,9.1,78,2023,4,Apr,15,Mon,Spring,0,9.34304377104377,7.215675394283317,0,Rainy,Mild,Windy,Low humidity
2023-04-11,4.614444444444445,9,8.8,24.7,7.5,76,2023,4,Apr,15,Tue,Spring,0,9.27079797979798,7.252957451289678,0,Rainy,Cool,Windy,Low humidity
2023-04-12,4.732222222222222,9,7.5,25.5,3.2,76,2023,4,Apr,15,Wed,Spring,0,9.075356902356903,7.294907057534925,0,Rainy,Cool,Windy,Low humidity
2023-04-13,4.122222222222222,9,8.2,20.1,1,67,2023,4,Apr,15,Thu,Spring,0,8.759734006734009,7.297635889247322,0,Rainy,Cool,Windy,Low humidity
2023-04-14,4.227,10,7.3,13.6,9.3,83,2023,4,Apr,15,Fri,Spring,0,8.676634006734009,7.335758409999472,0,Rainy,Cool,Windy,High humidity
2023-04-15,6.718888888888889,9,9.6,11.1,1.1,80,2023,4,Apr,15,Sat,Spring,0,8.593627272727273,7.3436102746286815,0,Rainy,Mild,Calm,High humidity
2023-04-16,12.4,9,10,5.4,0,77,2023,4,Apr,15,Sun,Spring,0,8.688839393939395,7.374802720280564,0,Dry,Mild,Calm,Low humidity
2023-04-17,11.63,10,10.5,10.3,0.5,80,2023,4,Apr,16,Mon,Spring,0,8.02529393939394,6.019153406858843,0,Rainy,Mild,Calm,High humidity
2023-04-18,17.5,4,8.8,20.9,0.2,78,2023,4,Apr,16,Tue,Spring,1,7.398324242424243,3.3665708441308713,0,Rainy,Cool,Windy,Low humidity
2023-04-19,18.78,10,10.1,22.7,0,72,2023,4,Apr,16,Wed,Spring,1,7.863112121212122,3.91803190365435,0,Dry,Mild,Windy,Low humidity
2023-04-20,9.695,10,8.8,20.1,2.3,69,2023,4,Apr,16,Thu,Spring,0,7.982430303030303,3.9174791652132708,0,Rainy,Cool,Windy,Low humidity
2023-04-21,11.91,10,7.2,10.3,3.3,85,2023,4,Apr,16,Fri,Spring,0,8.170430303030304,3.967478628968538,0,Rainy,Cool,Calm,High humidity
2023-04-22,19.266666666666666,9,8.2,8.6,1.5,79,2023,4,Apr,16,Sat,Spring,1,8.63289494949495,4.415803649685046,0,Rainy,Cool,Calm,Low humidity
2023-04-23,9.802222222222223,9,10.2,13.7,3.9,82,2023,4,Apr,16,Sun,Spring,0,8.712059932659933,4.414732868849967,0,Rainy,Mild,Windy,High humidity
2023-04-24,9.321111111111112,9,8,10,13.8,81,2023,4,Apr,17,Mon,Spring,0,8.816975757575758,4.389655755918126,0,Rainy,Cool,Calm,High humidity
2023-04-26,7.195555555555556,9,7.9,10.3,0,69,2023,4,Apr,17,Wed,Spring,0,8.84122760942761,4.378225604215284,0,Dry,Cool,Calm,Low humidity
2023-04-27,12.8125,8,9.4,15.2,6.7,76,2023,4,Apr,17,Thu,Spring,0,9.09667760942761,4.3789376069689645,0,Rainy,Mild,Windy,Low humidity
2023-04-28,6.204,10,13.1,15.2,0.7,85,2023,4,Apr,17,Fri,Spring,0,9.139210942760943,4.343100674567743,0,Rainy,Mild,Windy,High humidity
2023-04-29,12.398,10,10.9,6.6,0,80,2023,4,Apr,17,Sat,Spring,0,9.322901851851851,4.361071485328514,0,Dry,Mild,Calm,High humidity
2023-04-30,17.57,10,11.4,10,0,77,2023,4,Apr,17,Sun,Spring,1,9.64646851851852,4.602442542371248,0,Dry,Mild,Calm,Low humidity
2023-05-01,13.101,10,12,10.9,1,80,2023,5,May,18,Mon,Spring,0,9.860135185185186,4.609290593850837,0,Rainy,Mild,Calm,High humidity
2023-05-02,6.747272727272727,11,10.3,12.4,0,81,2023,5,May,18,Tue,Spring,0,9.930444276094276,4.542489630754642,0,Dry,Mild,Calm,High humidity
2023-05-03,8.491818181818182,11,9.4,16.8,0,75,2023,5,May,18,Wed,Spring,0,10.044504882154882,4.458419316081913,0,Dry,Mild,Windy,Low humidity
2023-05-04,14.763636363636364,11,13.1,18.4,0.9,78,2023,5,May,18,Thu,Spring,0,10.324526094276093,4.482963722988904,0,Rainy,Mild,Windy,Low humidity
2023-05-05,10.182727272727274,11,13.6,15.6,0.7,80,2023,5,May,18,Fri,Spring,0,10.360283670033672,4.477216744935502,0,Rainy,Mild,Windy,High humidity
2023-05-06,7.149,10,12.6,12,5.6,90,2023,5,May,18,Sat,Spring,0,10.209546632996632,4.507583832685322,0,Rainy,Mild,Calm,High humidity
2023-05-07,6.514,10,14.9,8.4,0.7,82,2023,5,May,18,Sun,Spring,0,10.218420707070708,4.49977063871669,0,Rainy,Warm,Calm,High humidity
2023-05-08,6.939,10,12.6,15.7,5,86,2023,5,May,19,Mon,Spring,0,10.299905892255891,4.413856078959885,0,Rainy,Mild,Windy,High humidity
2023-05-09,4.256,10,13.8,11.9,7.7,86,2023,5,May,19,Tue,Spring,0,10.130365151515152,4.547568344643221,0,Rainy,Mild,Calm,High humidity
2023-05-10,6.088181818181818,11,12.7,11.6,6.2,83,2023,5,May,19,Wed,Spring,0,9.813304545454546,4.484215517883098,0,Rainy,Mild,Calm,High humidity
2023-05-11,5.891818181818182,11,12.3,5.9,3.7,81,2023,5,May,19,Thu,Spring,0,9.700809595959596,4.540382273263844,0,Rainy,Mild,Calm,High humidity
2023-05-12,7.33,11,11.1,22.5,1.9,87,2023,5,May,19,Fri,Spring,0,9.791328114478116,4.461872515735466,0,Rainy,Mild,Windy,High humidity
2023-05-13,10.32090909090909,11,11.6,15.8,0,84,2023,5,May,19,Sat,Spring,0,9.977617676767677,4.358842275922029,0,Dry,Mild,Windy,High humidity
2023-05-14,13.40909090909091,11,12.7,6,0.7,83,2023,5,May,19,Sun,Spring,0,10.287179966329967,4.2572460010330975,0,Rainy,Mild,Calm,High humidity
2023-05-15,7.631818181818182,11,11.8,15.1,0.5,70,2023,5,May,20,Mon,Spring,0,10.400673905723908,4.1337087824291325,0,Rainy,Mild,Windy,Low humidity
2023-05-16,6.337272727272727,11,11.2,10.8,0.2,73,2023,5,May,20,Tue,Spring,0,10.387953367003368,4.145998213914598,0,Rainy,Mild,Calm,Low humidity
2023-05-17,9.219,10,12,7.6,0.4,76,2023,5,May,20,Wed,Spring,0,10.281920033670035,4.133423740724865,0,Rainy,Mild,Calm,Low humidity
2023-05-18,9.265454545454546,11,12.9,6.3,0.2,72,2023,5,May,20,Thu,Spring,0,10.203101851851851,4.129373652558182,0,Rainy,Mild,Calm,Low humidity
2023-05-19,10.014,10,12,9,1.1,75,2023,5,May,20,Fri,Spring,0,9.95356851851852,3.8926239111825853,0,Rainy,Mild,Calm,Low humidity
2023-05-20,10.262,10,12.9,16.1,0.1,70,2023,5,May,20,Sat,Spring,0,9.669635185185188,3.519373962998641,0,Rainy,Mild,Windy,Low humidity
2023-05-21,7.555,10,13,16.8,0,70,2023,5,May,20,Sun,Spring,0,9.598301851851852,3.540466484512873,0,Dry,Mild,Windy,Low humidity
2023-05-22,7.088,10,14.1,16,0,69,2023,5,May,21,Mon,Spring,0,9.43756851851852,3.5413556523511085,0,Dry,Mild,Windy,Low humidity
2023-05-23,7.788888888888889,9,12.9,12.3,0,69,2023,5,May,21,Tue,Spring,0,9.054975925925927,3.025241268205528,0,Dry,Mild,Calm,Low humidity
2023-05-24,9.185,10,14.4,10.1,0,72,2023,5,May,21,Wed,Spring,0,9.034401851851852,3.022081308677903,0,Dry,Mild,Calm,Low humidity
2023-05-25,11.409,10,13.4,11.1,0,74,2023,5,May,21,Thu,Spring,0,9.103998148148149,3.0527968662085456,0,Dry,Mild,Calm,Low humidity
2023-05-26,10.792,10,12.5,16.5,0,71,2023,5,May,21,Fri,Spring,0,9.22387962962963,3.045876480606349,0,Dry,Mild,Windy,Low humidity
2023-05-27,13.4,1,12.9,12.2,0,74,2023,5,May,21,Sat,Spring,0,9.243462962962964,3.0715256374006157,0,Dry,Mild,Calm,Low humidity
2023-05-28,10.388,10,14.1,15.3,0,66,2023,5,May,21,Sun,Spring,0,9.382929629629631,3.02336831962734,0,Dry,Mild,Windy,Low humidity
2023-05-29,7.724,10,12.4,21.1,0,66,2023,5,May,22,Mon,Spring,0,9.227129629629632,2.9827961474812406,0,Dry,Mild,Windy,Low humidity
2023-05-30,7.423,10,12.8,22.4,0,70,2023,5,May,22,Tue,Spring,0,8.888896296296299,2.5477133556611338,0,Dry,Mild,Windy,Low humidity
2023-05-31,5.132,10,13.9,21,0,74,2023,5,May,22,Wed,Spring,0,8.623262962962963,2.508537677288107,0,Dry,Mild,Windy,Low humidity
2023-06-01,7.453,10,13.4,20.3,0,71,2023,6,Jun,22,Thu,Summer,0,8.646787205387206,2.4936032052480357,0,Dry,Mild,Windy,Low humidity
2023-06-02,7.116,10,13.1,18.9,0,65,2023,6,Jun,22,Fri,Summer,0,8.6009265993266,2.509154615332855,0,Dry,Mild,Windy,Low humidity
2023-06-03,9.237,10,14.7,16.6,0,68,2023,6,Jun,22,Sat,Summer,0,8.416705387205388,2.2282459756174227,0,Dry,Mild,Windy,Low humidity
2023-06-04,7.074,10,14.9,14.7,0,69,2023,6,Jun,22,Sun,Summer,0,8.313081144781146,2.215534563469799,0,Dry,Warm,Windy,Low humidity
2023-06-05,5.877272727272727,11,13.1,16.8,0,71,2023,6,Jun,23,Mon,Summer,0,8.270690235690235,2.2504664398965075,0,Dry,Mild,Windy,Low humidity
2023-06-06,6.133,10,13.1,18.8,0.1,69,2023,6,Jun,23,Tue,Summer,0,8.257990235690237,2.261768433644646,0,Rainy,Mild,Windy,Low humidity
2023-06-07,8.06,10,14.3,16.5,0,73,2023,6,Jun,23,Wed,Summer,0,8.295356902356904,2.248446772956669,0,Dry,Mild,Windy,Low humidity
2023-06-08,9.357,10,14.9,17.7,0,71,2023,6,Jun,23,Thu,Summer,0,8.465390235690236,2.121752818670743,0,Dry,Warm,Windy,Low humidity
2023-06-09,10.86,10,17.7,18.9,0,70,2023,6,Jun,23,Fri,Summer,0,8.624450841750843,2.1162527345125524,0,Dry,Warm,Windy,Low humidity
2023-06-10,16.08,10,21.4,14.4,0,64,2023,6,Jun,23,Sat,Summer,1,8.964056902356903,2.453254047028234,0,Dry,Warm,Windy,Low humidity
2023-06-11,17.92,10,22.4,6.2,0,65,2023,6,Jun,23,Sun,Summer,1,9.317056902356903,2.926311742217925,0,Dry,Warm,Calm,Low humidity
2023-06-12,23.64,10,21.3,6.5,5.7,75,2023,6,Jun,24,Mon,Summer,1,9.7610265993266,3.924113864273286,0,Rainy,Warm,Calm,Low humidity
2023-06-13,16.63,10,19.9,14.7,0,58,2023,6,Jun,24,Tue,Summer,1,9.868390235690237,4.06876255369538,0,Dry,Warm,Windy,Low humidity
2023-06-14,11.236363636363636,11,19,12.5,0,61,2023,6,Jun,24,Wed,Summer,0,9.988541750841753,4.05363199385802,0,Dry,Warm,Calm,Low humidity
2023-06-15,10.7,11,19.2,10.2,0,64,2023,6,Jun,24,Thu,Summer,0,10.133965993265994,3.9959721054415045,0,Dry,Warm,Calm,Low humidity
2023-06-16,10.82,10,19.2,8.7,0,60,2023,6,Jun,24,Fri,Summer,0,10.18733265993266,3.994021561649709,0,Dry,Warm,Calm,Low humidity
2023-06-17,11.280909090909091,11,18.6,9.9,2.1,69,2023,6,Jun,24,Sat,Summer,0,10.25451447811448,3.9949307838480523,0,Rainy,Warm,Calm,Low humidity
2023-06-18,16.3,11,19,10,16.9,81,2023,6,Jun,24,Sun,Summer,1,10.464047811447813,4.14395117345827,0,Rainy,Warm,Calm,High humidity
2023-06-19,13.235454545454546,11,18.6,14.6,0.9,77,2023,6,Jun,25,Mon,Summer,0,10.563162962962963,4.1743996722286205,0,Rainy,Warm,Windy,Low humidity
2023-06-20,7.49,11,19,15.1,5.9,80,2023,6,Jun,25,Tue,Summer,0,10.560996296296297,4.1760314085612915,0,Rainy,Warm,Windy,High humidity
2023-06-21,5.348181818181819,11,19.3,13.4,1,73,2023,6,Jun,25,Wed,Summer,0,10.503002356902357,4.237552742149164,0,Rainy,Warm,Windy,Low humidity
2023-06-22,6.575454545454545,11,20.2,6.4,0,70,2023,6,Jun,25,Thu,Summer,0,10.462554545454546,4.270019313381219,0,Dry,Warm,Calm,Low humidity
2023-06-23,6.075,2,20.5,10.9,0,69,2023,6,Jun,25,Fri,Summer,0,10.358887878787879,4.339295068692546,0,Dry,Warm,Calm,Low humidity
2023-06-24,6.3500000000000005,11,21.3,10.1,0.2,72,2023,6,Jun,25,Sat,Summer,0,10.190254545454545,4.395021868944243,0,Rainy,Warm,Calm,Low humidity
2023-06-25,6.243636363636364,11,22.4,18.1,0.1,61,2023,6,Jun,25,Sun,Summer,0,10.038642424242425,4.451634376536504,0,Rainy,Warm,Windy,Low humidity
2023-06-26,5.804545454545455,11,18.4,17.6,0,58,2023,6,Jun,26,Mon,Summer,0,9.785460606060607,4.469823075467397,0,Dry,Warm,Windy,Low humidity
2023-06-27,5.724545454545455,11,18.6,14,0,66,2023,6,Jun,26,Tue,Summer,0,9.630012121212122,4.528847317215114,0,Dry,Warm,Windy,Low humidity
2023-06-28,7.839090909090909,11,20.3,13.4,0.5,75,2023,6,Jun,26,Wed,Summer,0,9.633848484848487,4.527225525136548,0,Rainy,Warm,Windy,Low humidity
2023-06-29,7.68,11,18.5,11.4,5.5,71,2023,6,Jun,26,Thu,Summer,0,9.64241515151515,4.523139087546519,0,Rainy,Warm,Calm,Low humidity
2023-06-30,5.440909090909091,11,16.4,18.5,0.6,75,2023,6,Jun,26,Fri,Summer,0,9.652712121212122,4.512856945340713,0,Rainy,Warm,Windy,Low humidity
2023-07-01,4.136363636363637,11,19,19.5,0.2,65,2023,7,Jul,26,Sat,Summer,0,9.542157575757576,4.608220370196968,0,Rainy,Warm,Windy,Low humidity
2023-07-02,11.709090909090907,11,16.4,19.5,0,59,2023,7,Jul,26,Sun,Summer,0,9.695260606060605,4.601129163438621,0,Dry,Warm,Windy,Low humidity
2023-07-03,7.641818181818182,11,15.7,24,0.7,64,2023,7,Jul,27,Mon,Summer,0,9.64208787878788,4.615801572781822,0,Rainy,Warm,Windy,Low humidity
2023-07-04,5.92,11,15,14.8,14.8,78,2023,7,Jul,27,Tue,Summer,0,9.603621212121213,4.64267154404425,0,Rainy,Warm,Windy,Low humidity
2023-07-05,5.585,10,15.4,18.9,4.4,69,2023,7,Jul,27,Wed,Summer,0,9.593878787878788,4.651059830580489,0,Rainy,Warm,Windy,Low humidity
2023-07-06,4.698,10,16.2,13.8,0,67,2023,7,Jul,27,Thu,Summer,0,9.546045454545455,4.695051228722098,0,Dry,Warm,Windy,Low humidity
2023-07-07,7.013,10,20.5,11.3,0,58,2023,7,Jul,27,Fri,Summer,0,9.511145454545455,4.710344899339368,0,Dry,Warm,Calm,Low humidity
2023-07-08,9.404,10,21.4,10.5,12.6,73,2023,7,Jul,27,Sat,Summer,0,9.512712121212122,4.7102996783833815,0,Rainy,Warm,Calm,Low humidity
2023-07-09,7.292,10,18.6,12.2,4.9,76,2023,7,Jul,27,Sun,Summer,0,9.393778787878789,4.720143160850597,0,Rainy,Warm,Calm,Low humidity
2023-07-10,6.151,10,18.7,18.6,0,70,2023,7,Jul,28,Mon,Summer,0,9.062812121212122,4.581208560786113,0,Dry,Warm,Windy,Low humidity
2023-07-11,5.41,10,19.2,22.6,4,72,2023,7,Jul,28,Tue,Summer,0,8.645812121212122,4.308425081155271,0,Rainy,Warm,Windy,Low humidity
2023-07-12,5.571,10,17.5,19.8,1,71,2023,7,Jul,28,Wed,Summer,0,8.043512121212123,3.280344359836747,0,Rainy,Warm,Windy,Low humidity
2023-07-13,4.5375,8,17.5,16.3,0.5,69,2023,7,Jul,28,Thu,Summer,0,7.640428787878789,2.9110323808446243,0,Rainy,Warm,Windy,Low humidity
2023-07-14,5.869,10,16.8,16.9,7.8,85,2023,7,Jul,28,Fri,Summer,0,7.461516666666667,2.8466320223533073,0,Rainy,Warm,Windy,High humidity
2023-07-15,5.45,1,17,30.9,1.4,75,2023,7,Jul,28,Sat,Summer,0,7.286516666666667,2.8016976211473024,0,Rainy,Warm,Windy,Low humidity
2023-07-16,6.125,2,16.9,26.4,0,66,2023,7,Jul,28,Sun,Summer,0,7.130016666666667,2.72766558174929,0,Dry,Warm,Windy,Low humidity
2023-07-17,5.368,10,16.8,16.2,0.6,70,2023,7,Jul,29,Mon,Summer,0,6.932919696969697,2.629238808175039,0,Rainy,Warm,Windy,Low humidity
2023-07-18,4.623,10,17.1,11.3,0.1,69,2023,7,Jul,29,Tue,Summer,0,6.543686363636365,1.9785266424503885,0,Rainy,Warm,Calm,Low humidity
2023-07-19,4.198888888888889,9,17.9,13.5,0.4,69,2023,7,Jul,29,Wed,Summer,0,6.2424675084175085,1.570402895898016,0,Rainy,Warm,Windy,Low humidity
2023-07-20,4.41,9,17.3,7.4,0.1,65,2023,7,Jul,29,Thu,Summer,0,6.1398008417508425,1.5866270766066535,0,Rainy,Warm,Calm,Low humidity
2023-07-21,6.713333333333333,9,16.4,12,0.1,64,2023,7,Jul,29,Fri,Summer,0,6.185305892255893,1.5827119510315018,0,Rainy,Warm,Calm,Low humidity
2023-07-22,5.107777777777778,9,15.4,22,10.7,84,2023,7,Jul,29,Sat,Summer,0,6.136383333333334,1.5928870432163842,0,Rainy,Warm,Windy,High humidity
2023-07-23,3.198888888888889,9,18.8,23.5,0.9,76,2023,7,Jul,29,Sun,Summer,0,6.040512962962963,1.6808326826106852,0,Rainy,Warm,Windy,Low humidity
2023-07-24,3.9375,8,15.6,11.6,2.3,81,2023,7,Jul,30,Mon,Summer,0,5.960096296296297,1.7227046977014602,0,Rainy,Warm,Calm,High humidity
2023-07-25,4.262222222222222,9,15.6,10.1,0.7,70,2023,7,Jul,30,Tue,Summer,0,5.8940491582491585,1.7492377399716914,0,Rainy,Warm,Calm,Low humidity
2023-07-26,4.762222222222222,9,15.8,13.2,10,75,2023,7,Jul,30,Wed,Summer,0,5.859305050505052,1.7613861524843817,0,Rainy,Warm,Calm,Low humidity
2023-07-27,3.111111111111111,9,19.1,21,5.1,86,2023,7,Jul,30,Thu,Summer,0,5.772190572390572,1.8315124330270938,0,Rainy,Warm,Windy,High humidity
2023-07-28,3.273,10,18.6,15,0.2,79,2023,7,Jul,30,Fri,Summer,0,5.619987542087543,1.843512386160826,0,Rainy,Warm,Windy,Low humidity
2023-07-29,3.59125,8,18.2,19,0.7,71,2023,7,Jul,30,Sat,Summer,0,5.483695875420876,1.8370934854646277,0,Rainy,Warm,Windy,Low humidity
2023-07-30,4.50125,8,17,23.9,3.2,78,2023,7,Jul,30,Sun,Summer,0,5.452373905723906,1.8458378059596896,0,Rainy,Warm,Windy,Low humidity
2023-07-31,4.021111111111111,9,18,23.3,2.6,81,2023,7,Jul,31,Mon,Summer,0,5.448532154882155,1.8487888519905131,0,Rainy,Warm,Windy,High humidity
2023-08-01,4.889,10,17.6,19.5,2,72,2023,8,Aug,31,Tue,Summer,0,5.221195791245791,1.4226082409408607,0,Rainy,Warm,Windy,Low humidity
2023-08-02,4.134,10,17.2,20.3,16.8,83,2023,8,Aug,31,Wed,Summer,0,5.104268518518519,1.3595515782803316,0,Rainy,Warm,Windy,High humidity
2023-08-03,3.811,10,16.8,13.3,0.1,73,2023,8,Aug,31,Thu,Summer,0,5.0339685185185195,1.3704001081642718,0,Rainy,Warm,Calm,Low humidity
2023-08-04,5.828,10,16.5,11.7,0.4,76,2023,8,Aug,31,Fri,Summer,0,5.042068518518519,1.3744814600578847,0,Rainy,Warm,Calm,Low humidity
2023-08-05,6.4559999999999995,10,15.1,15.6,18.2,82,2023,8,Aug,31,Sat,Summer,0,5.100668518518519,1.396604003388363,0,Rainy,Warm,Windy,High humidity
2023-08-06,4.207,10,14.7,17.5,0.9,72,2023,8,Aug,31,Sun,Summer,0,5.007135185185186,1.3575301700937,0,Rainy,Mild,Windy,Low humidity
2023-08-07,3.636,10,15.5,14,0,71,2023,8,Aug,32,Mon,Summer,0,4.814868518518519,1.0967405326330606,0,Dry,Warm,Windy,Low humidity
2023-08-08,3.948,10,14.9,13.2,2.4,87,2023,8,Aug,32,Tue,Summer,0,4.7034018518518526,1.0021509659865548,0,Rainy,Warm,Calm,High humidity
2023-08-09,4.566,10,17.5,7.2,0,75,2023,8,Aug,32,Wed,Summer,0,4.6505685185185195,0.9642665291377011,0,Dry,Warm,Calm,Low humidity
2023-08-10,4.864,10,19.5,10.3,0,76,2023,8,Aug,32,Thu,Summer,0,4.632368518518519,0.9545420974706256,0,Dry,Warm,Calm,Low humidity
2023-08-11,5.853,10,20,17.5,0.6,79,2023,8,Aug,32,Fri,Summer,0,4.641768518518519,0.9654305670675108,0,Rainy,Warm,Windy,Low humidity
2023-08-12,6.273,10,17.7,22.1,0.5,77,2023,8,Aug,32,Sat,Summer,0,4.699618518518519,1.009938112857157,0,Rainy,Warm,Windy,Low humidity
2023-08-13,5.496,10,18,19.9,0.3,75,2023,8,Aug,32,Sun,Summer,0,4.687185185185186,0.9972618987062435,0,Rainy,Warm,Windy,Low humidity
2023-08-14,4.439,10,18.1,18.7,3.8,82,2023,8,Aug,33,Mon,Summer,0,4.653485185185186,0.9876312010296138,0,Rainy,Warm,Windy,High humidity
2023-08-15,4.53,10,17.9,10.4,0.2,75,2023,8,Aug,33,Tue,Summer,0,4.600318518518519,0.9478130580187746,0,Rainy,Warm,Calm,Low humidity
2023-08-16,5.971,10,18.3,9.2,0.2,74,2023,8,Aug,33,Wed,Summer,0,4.62041851851852,0.9707702374251289,0,Rainy,Warm,Calm,Low humidity
2023-08-17,7.519,10,18.5,18.1,0.1,78,2023,8,Aug,33,Thu,Summer,0,4.716951851851852,1.1056540920953752,0,Rainy,Warm,Windy,Low humidity
2023-08-18,10.172,10,19.9,17.7,4.2,83,2023,8,Aug,33,Fri,Summer,0,4.916055555555556,1.4826764091100746,0,Rainy,Warm,Windy,High humidity
2023-08-19,6.99,2,19.9,20.9,0.2,76,2023,8,Aug,33,Sat,Summer,0,5.002055555555557,1.5264882395962958,0,Rainy,Warm,Windy,Low humidity
2023-08-20,5.24,2,18.9,13.4,0.4,77,2023,8,Aug,33,Sun,Summer,0,4.952944444444445,1.492863632269539,0,Rainy,Warm,Windy,Low humidity
2023-08-21,8.366666666666667,3,18.3,13.2,0,77,2023,8,Aug,34,Mon,Summer,0,5.061574074074074,1.6178543375506875,0,Dry,Warm,Calm,Low humidity
2023-08-22,4.140000000000001,2,19.2,14,0,74,2023,8,Aug,34,Tue,Summer,0,5.092944444444445,1.5893645090824664,0,Dry,Warm,Windy,Low humidity
2023-08-23,7.09,3,19.3,4.9,0,73,2023,8,Aug,34,Wed,Summer,0,5.198027777777779,1.6143559680805561,0,Dry,Warm,Calm,Low humidity
2023-08-24,8.346666666666668,9,19.9,8.1,1.3,75,2023,8,Aug,34,Thu,Summer,0,5.334175925925927,1.702536807300047,0,Rainy,Warm,Calm,Low humidity
2023-08-25,5.569,10,16.7,11.4,0.1,65,2023,8,Aug,34,Fri,Summer,0,5.361068518518519,1.6995600930486803,0,Rainy,Warm,Calm,Low humidity
2023-08-26,3.775,10,15.1,12,1.2,78,2023,8,Aug,34,Sat,Summer,0,5.383198148148149,1.6733740866438935,0,Rainy,Warm,Calm,Low humidity
2023-08-27,3.99,10,15.2,13.6,0.2,74,2023,8,Aug,34,Sun,Summer,0,5.407098148148149,1.6471100369125398,0,Rainy,Warm,Windy,Low humidity
2023-08-28,3.545,10,15.6,9.8,0.2,73,2023,8,Aug,35,Mon,Summer,0,5.405556481481482,1.6488889305285,0,Rainy,Warm,Calm,Low humidity
2023-08-29,5.049,10,15.6,10.5,0,74,2023,8,Aug,35,Tue,Summer,0,5.423814814814816,1.6415464508780242,0,Dry,Warm,Calm,Low humidity
2023-08-30,4.593,10,15.6,13.6,0.3,67,2023,8,Aug,35,Wed,Summer,0,5.442877777777778,1.6279598131185522,0,Rainy,Warm,Windy,Low humidity
2023-08-31,5.181,10,14.1,7.6,1.3,83,2023,8,Aug,35,Thu,Summer,0,5.4526111111111115,1.625404975374415,0,Rainy,Mild,Calm,High humidity
2023-09-01,5.323,10,17.7,4.5,1.4,86,2023,9,Sep,35,Fri,Autumn,0,5.492244444444446,1.606530191497852,0,Rainy,Warm,Calm,High humidity
2023-09-02,7.315,10,18.6,11.5,0.4,83,2023,9,Sep,35,Sat,Autumn,0,5.609044444444446,1.6074591876940987,0,Rainy,Warm,Calm,High humidity
2023-09-03,14.9,2,18.5,6.8,0,81,2023,9,Sep,35,Sun,Autumn,0,5.911444444444445,2.3375817666905774,0,Dry,Warm,Calm,High humidity
2023-09-04,20.433333333333337,9,20,12.9,0,76,2023,9,Sep,36,Mon,Autumn,1,6.377355555555556,3.5357332956808927,0,Dry,Warm,Calm,Low humidity
2023-09-05,16.78,10,20.8,12.9,0,73,2023,9,Sep,36,Tue,Autumn,1,6.796455555555556,3.986079709687147,0,Dry,Warm,Calm,Low humidity
2023-09-06,17.67,10,21.9,6.1,0,75,2023,9,Sep,36,Wed,Autumn,1,7.264255555555556,4.4039813350088135,0,Dry,Warm,Calm,Low humidity
2023-09-07,30.38,10,22.8,8.2,0,72,2023,9,Sep,36,Thu,Autumn,1,8.145322222222223,6.0529509262492045,1,Dry,Warm,Calm,Low humidity
2023-09-08,20.99,10,23.4,5.6,0,67,2023,9,Sep,36,Fri,Autumn,1,8.69278888888889,6.447910219231854,0,Dry,Warm,Calm,Low humidity
2023-09-09,16.44,10,24.1,3.9,0,68,2023,9,Sep,36,Sat,Autumn,1,9.078655555555555,6.556343868593527,0,Dry,Warm,Calm,Low humidity
2023-09-10,31.85,10,23.1,9.7,1.6,73,2023,9,Sep,36,Sun,Autumn,1,9.945222222222222,7.728551729397424,1,Rainy,Warm,Calm,Low humidity
2023-09-11,16.83,10,20.8,13.5,0,74,2023,9,Sep,37,Mon,Autumn,1,10.297122222222223,7.795632693982519,0,Dry,Warm,Windy,Low humidity
2023-09-12,6.259,10,18.8,11.1,2.9,81,2023,9,Sep,37,Tue,Autumn,0,10.322555555555557,7.7806591218463215,0,Rainy,Warm,Calm,High humidity
2023-09-13,4.844,10,16.1,11.1,0.1,73,2023,9,Sep,37,Wed,Autumn,0,10.336055555555557,7.770443364266091,0,Rainy,Warm,Calm,Low humidity
2023-09-14,5.931,10,17,8.1,0,74,2023,9,Sep,37,Thu,Autumn,0,10.382755555555557,7.738490271707583,0,Dry,Warm,Calm,Low humidity
2023-09-15,7.422000000000001,10,17.5,7.3,0,75,2023,9,Sep,37,Fri,Autumn,0,10.431122222222223,7.714462515566904,0,Dry,Warm,Calm,Low humidity
2023-09-16,12.317,10,18.7,9.9,0,77,2023,9,Sep,37,Sat,Autumn,0,10.591055555555556,7.70173232694357,0,Dry,Warm,Calm,Low humidity
2023-09-17,13.12,10,18.2,15.6,4.9,86,2023,9,Sep,37,Sun,Autumn,0,10.689322222222224,7.714996606591543,0,Rainy,Warm,Windy,High humidity
2023-09-18,12.363,10,16.8,21.3,7.2,77,2023,9,Sep,38,Mon,Autumn,0,10.868422222222224,7.688477528882609,0,Rainy,Warm,Windy,Low humidity
2023-09-19,5.282,10,16.8,30.9,0.4,76,2023,9,Sep,38,Tue,Autumn,0,10.869822222222222,7.687421056247724,0,Rainy,Warm,Windy,Low humidity
2023-09-20,6.05,10,17.8,31.5,27.4,82,2023,9,Sep,38,Wed,Autumn,0,10.7926,7.7249770287696755,0,Rainy,Warm,Windy,High humidity
2023-09-21,4.664444444444444,9,13.9,8.6,5.4,84,2023,9,Sep,38,Thu,Autumn,0,10.810081481481483,7.70998203952199,0,Rainy,Mild,Calm,High humidity
2023-09-22,4.942,10,12.4,10.7,1.5,82,2023,9,Sep,38,Fri,Autumn,0,10.738481481481482,7.755559620278735,0,Rainy,Mild,Calm,High humidity
2023-09-23,4.33,10,12.7,12.7,0,72,2023,9,Sep,38,Sat,Autumn,0,10.604592592592592,7.832563581392945,0,Dry,Mild,Calm,Low humidity
2023-09-24,6.141,10,17,23.2,0,71,2023,9,Sep,38,Sun,Autumn,0,10.62365925925926,7.8205698605776055,0,Dry,Warm,Windy,Low humidity
2023-09-25,6.588,10,17.9,15.1,0.2,74,2023,9,Sep,39,Mon,Autumn,0,10.717425925925927,7.752189283112988,0,Rainy,Warm,Windy,Low humidity
2023-09-26,8.156,10,17.2,15.5,1.8,82,2023,9,Sep,39,Tue,Autumn,0,10.856292592592592,7.664339381314307,0,Rainy,Warm,Windy,High humidity
2023-09-27,8.114,10,17.4,17.6,0,82,2023,9,Sep,39,Wed,Autumn,0,11.008592592592594,7.558713074636825,0,Dry,Warm,Windy,High humidity
2023-09-28,8.028,10,16.7,21.2,0.4,77,2023,9,Sep,39,Thu,Autumn,0,11.107892592592593,7.4970374163196745,0,Rainy,Warm,Windy,Low humidity
2023-09-29,5.768,10,16.8,15.1,2.1,75,2023,9,Sep,39,Fri,Autumn,0,11.14705925925926,7.4648281898220405,0,Rainy,Warm,Windy,Low humidity
2023-09-30,6.958,10,14.7,10.9,0,79,2023,9,Sep,39,Sat,Autumn,0,11.206292592592593,7.42278698928939,0,Dry,Mild,Calm,Low humidity
2023-10-01,8.929,10,18.1,15.2,0,86,2023,10,Oct,39,Sun,Autumn,0,11.326492592592594,7.353100970490856,0,Dry,Warm,Windy,High humidity
2023-10-02,8.541,10,17.7,8.7,4.1,89,2023,10,Oct,40,Mon,Autumn,0,11.367359259259262,7.333417879849523,0,Rainy,Warm,Calm,High humidity
2023-10-03,7.314444444444445,9,14.6,19.4,0.3,76,2023,10,Oct,40,Tue,Autumn,0,11.114507407407409,7.338185584108838,0,Rainy,Mild,Windy,Low humidity
2023-10-04,4.944,10,13.8,17.2,0,79,2023,10,Oct,40,Wed,Autumn,0,10.598196296296297,7.203584817492193,0,Dry,Mild,Windy,Low humidity
2023-10-05,5.021111111111111,9,14.7,16.1,0.2,76,2023,10,Oct,40,Thu,Autumn,0,10.206233333333333,7.175479139745984,0,Rainy,Mild,Windy,Low humidity
2023-10-06,5.792,10,16.5,19.6,0,79,2023,10,Oct,40,Fri,Autumn,0,9.810300000000002,7.076459938552698,0,Dry,Warm,Windy,Low humidity
2023-10-07,6.782222222222222,9,17.6,16.9,0,78,2023,10,Oct,40,Sat,Autumn,0,9.023707407407409,5.929782028711662,0,Dry,Warm,Windy,Low humidity
2023-10-08,9.078888888888889,9,16.7,8.7,0,79,2023,10,Oct,40,Sun,Autumn,0,8.62667037037037,5.482853732959813,0,Dry,Warm,Calm,Low humidity
2023-10-09,11.088888888888889,9,16.7,8.1,0,79,2023,10,Oct,41,Mon,Autumn,0,8.4483,5.304028355605066,0,Dry,Warm,Calm,Low humidity
2023-10-10,13.8,9,16.5,15.3,0,83,2023,10,Oct,41,Tue,Autumn,0,7.846633333333333,3.1403373077199817,0,Dry,Warm,Windy,High humidity
2023-10-11,12.944444444444445,9,17.2,17.9,1.5,83,2023,10,Oct,41,Wed,Autumn,0,7.717114814814816,2.82094007221055,0,Rainy,Warm,Windy,High humidity
2023-10-12,9.126666666666669,9,15,9.2,15.5,93,2023,10,Oct,41,Thu,Autumn,0,7.812703703703704,2.8184123947443007,0,Rainy,Warm,Calm,High humidity
2023-10-13,6.765555555555555,9,16.8,28.3,13.3,81,2023,10,Oct,41,Fri,Autumn,0,7.876755555555556,2.7700382342102796,0,Rainy,Warm,Windy,High humidity
2023-10-14,5.814444444444445,9,9.6,14.5,0.3,75,2023,10,Oct,41,Sat,Autumn,0,7.872870370370371,2.772941624587548,0,Rainy,Mild,Windy,Low humidity
2023-10-15,5.03,9,6.8,10.3,0,74,2023,10,Oct,41,Sun,Autumn,0,7.793137037037038,2.8203378256089326,0,Dry,Cool,Calm,Low humidity
2023-10-16,7.874444444444444,9,7.7,10.8,0,82,2023,10,Oct,42,Mon,Autumn,0,7.645051851851852,2.6881493197374753,0,Dry,Cool,Calm,High humidity
2023-10-17,5.788888888888889,9,11.7,21.6,0,68,2023,10,Oct,42,Tue,Autumn,0,7.400681481481482,2.499910574770712,0,Dry,Mild,Windy,Low humidity
2023-10-18,7.227777777777778,9,13,24.9,7.3,85,2023,10,Oct,42,Wed,Autumn,0,7.229507407407408,2.317573844942845,0,Rainy,Mild,Windy,High humidity
2023-10-19,6.061111111111111,9,15.7,18.6,7.3,89,2023,10,Oct,42,Thu,Autumn,0,7.255477777777779,2.2992910322255233,0,Rainy,Warm,Windy,High humidity
2023-10-20,5.036666666666667,9,14.1,13.1,9.9,90,2023,10,Oct,42,Fri,Autumn,0,7.2217,2.324911241918967,0,Rainy,Mild,Calm,High humidity
2023-10-21,4.6755555555555555,9,12.7,13.7,3.4,88,2023,10,Oct,42,Sat,Autumn,0,7.222070370370371,2.3244906571604753,0,Rainy,Mild,Windy,High humidity
2023-10-22,4.401111111111111,9,9.9,9.1,0,84,2023,10,Oct,42,Sun,Autumn,0,7.204040740740741,2.3447945712812164,0,Dry,Mild,Calm,High humidity
2023-10-23,7.801111111111111,9,10.9,11.6,0.8,88,2023,10,Oct,43,Mon,Autumn,0,7.319744444444445,2.282909126380274,0,Rainy,Mild,Calm,High humidity
2023-10-24,8.254444444444445,9,10.3,9,3.2,88,2023,10,Oct,43,Tue,Autumn,0,7.3901925925925935,2.277883815854064,0,Rainy,Mild,Calm,High humidity
2023-10-25,9.132222222222222,9,10.2,10.7,0.8,89,2023,10,Oct,43,Wed,Autumn,0,7.4750000000000005,2.294290297160716,0,Rainy,Mild,Calm,High humidity
2023-10-26,9.485555555555557,9,11.1,10.5,2.6,89,2023,10,Oct,43,Thu,Autumn,0,7.519318518518519,2.320589400243807,0,Rainy,Mild,Calm,High humidity
2023-10-27,7.007777777777777,9,10,10,1.7,90,2023,10,Oct,43,Fri,Autumn,0,7.482444444444445,2.3196027953379508,0,Rainy,Mild,Calm,High humidity
2023-10-28,5.11,9,11.8,16.2,10.6,86,2023,10,Oct,43,Sat,Autumn,0,7.385177777777779,2.35681838693238,0,Rainy,Mild,Windy,High humidity
2023-10-29,3.8466666666666662,3,10.7,18.3,5.8,86,2023,10,Oct,43,Sun,Autumn,0,7.321133333333334,2.427329599495954,0,Rainy,Mild,Windy,High humidity
2023-10-30,6.263333333333334,3,10.7,11.9,0.8,87,2023,10,Oct,44,Mon,Autumn,0,7.297977777777778,2.434216791005045,0,Rainy,Mild,Calm,High humidity
2023-10-31,4.116666666666667,3,10,10.3,2.5,91,2023,10,Oct,44,Tue,Autumn,0,7.137566666666667,2.4811390970054066,0,Rainy,Mild,Calm,High humidity
2023-11-01,4.89125,8,12,22.9,11.2,83,2023,11,Nov,44,Wed,Autumn,0,7.015908333333334,2.499363893458006,0,Rainy,Mild,Windy,High humidity
2023-11-02,4.394444444444444,9,10.3,27.8,17.9,86,2023,11,Nov,44,Thu,Autumn,0,6.918575000000001,2.5437991683869847,0,Rainy,Mild,Windy,High humidity
2023-11-03,5.017777777777778,9,9.4,18.7,5.7,81,2023,11,Nov,44,Fri,Autumn,0,6.92103425925926,2.5418593131949603,0,Rainy,Mild,Windy,High humidity
2023-11-04,6.481111111111111,9,8.6,15.5,5.5,88,2023,11,Nov,44,Sat,Autumn,0,6.969700925925926,2.5180944173656723,0,Rainy,Cool,Windy,High humidity
2023-11-05,10.46888888888889,9,8.9,18.2,0.1,83,2023,11,Nov,44,Sun,Autumn,0,7.125597222222223,2.586512847655539,0,Rainy,Cool,Windy,High humidity
2023-11-06,6.601111111111111,9,8.8,16.5,0,83,2023,11,Nov,45,Mon,Autumn,0,7.119560185185185,2.5875530881588102,0,Dry,Cool,Windy,High humidity
2023-11-07,5.487777777777778,9,7.8,15.7,0.1,86,2023,11,Nov,45,Tue,Autumn,0,6.9998564814814825,2.5768289393181747,0,Rainy,Cool,Windy,High humidity
2023-11-08,5.364444444444445,9,9.4,17.2,3.3,89,2023,11,Nov,45,Wed,Autumn,0,6.809041666666667,2.47346923604517,0,Rainy,Mild,Windy,High humidity
2023-11-09,6.575555555555555,9,8,17.7,0.1,80,2023,11,Nov,45,Thu,Autumn,0,6.568226851851852,2.0915652930928323,0,Rainy,Cool,Windy,High humidity
2023-11-10,5.364444444444445,9,6.5,13.4,1.7,87,2023,11,Nov,45,Fri,Autumn,0,6.315560185185186,1.71948713129323,0,Rainy,Cool,Windy,High humidity
2023-11-11,8.032222222222222,9,5.3,9.7,0,89,2023,11,Nov,45,Sat,Autumn,0,6.279078703703704,1.6686472509010783,0,Dry,Cool,Calm,High humidity
2023-11-12,15.333333333333334,9,7,9.6,2,93,2023,11,Nov,45,Sun,Autumn,1,6.5646712962962965,2.349197214990989,0,Rainy,Cool,Calm,High humidity
2023-11-13,7.944444444444445,9,12.2,27.3,12.5,80,2023,11,Nov,46,Mon,Autumn,0,6.635671296296296,2.357912597483954,0,Rainy,Mild,Windy,High humidity
2023-11-14,9.011111111111113,9,10.3,20.8,6.1,86,2023,11,Nov,46,Tue,Autumn,0,6.768375000000001,2.3763854653406713,0,Rainy,Mild,Windy,High humidity
2023-11-15,6.1,9,8.5,18.5,0,84,2023,11,Nov,46,Wed,Autumn,0,6.709226851851852,2.369980422866911,0,Dry,Cool,Windy,High humidity
2023-11-16,9.096666666666668,9,5.7,10,3,95,2023,11,Nov,46,Thu,Autumn,0,6.819486111111112,2.402409298687038,0,Rainy,Cool,Calm,High humidity
2023-11-17,10.331111111111111,9,6.2,9.1,1.3,89,2023,11,Nov,46,Fri,Autumn,0,6.922930555555556,2.485955919499083,0,Rainy,Cool,Calm,High humidity
2023-11-18,6.511111111111111,9,12.3,22.1,5.4,91,2023,11,Nov,46,Sat,Autumn,0,6.937930555555556,2.4819308437188323,0,Rainy,Mild,Windy,High humidity
2023-11-19,8.225555555555555,9,11.9,27,0,80,2023,11,Nov,46,Sun,Autumn,0,7.044226851851852,2.465930945171838,0,Dry,Mild,Windy,High humidity
2023-11-20,6.252222222222223,9,9.9,13.8,3,85,2023,11,Nov,47,Mon,Autumn,0,7.0967824074074075,2.430250819999864,0,Rainy,Mild,Windy,High humidity
2023-11-21,4.561111111111111,9,9.2,17.5,0.7,87,2023,11,Nov,47,Tue,Autumn,0,7.102115740740741,2.4242992890733306,0,Rainy,Mild,Windy,High humidity
2023-11-22,5.8566666666666665,9,6.9,11.1,0,91,2023,11,Nov,47,Wed,Autumn,0,7.037300925925927,2.4309506038242468,0,Dry,Cool,Calm,High humidity
2023-11-23,6.682222222222222,9,10.6,20.4,0.2,85,2023,11,Nov,47,Thu,Autumn,0,6.984893518518519,2.4207319408877277,0,Rainy,Mild,Windy,High humidity
2023-11-24,5.947777777777778,9,6.5,17.9,0.1,68,2023,11,Nov,47,Fri,Autumn,0,6.87874537037037,2.3929848363041892,0,Rainy,Cool,Windy,Low humidity
2023-11-25,7.188888888888889,9,1.5,10.1,0,82,2023,11,Nov,47,Sat,Autumn,0,6.802189814814815,2.342926430067623,0,Dry,Cool,Calm,High humidity
2023-11-26,15.333333333333334,9,3.8,8.9,4.9,92,2023,11,Nov,47,Sun,Autumn,1,7.0797083333333335,2.8138663480992503,0,Rainy,Cool,Calm,High humidity
2023-11-27,7.204444444444444,9,7.7,18.6,5.1,91,2023,11,Nov,48,Mon,Autumn,0,7.149523148148148,2.789185122946896,0,Rainy,Cool,Windy,High humidity
2023-11-28,5.927777777777778,9,3.6,10.9,0,90,2023,11,Nov,48,Tue,Autumn,0,7.218893518518518,2.7294466359481913,0,Dry,Cool,Calm,High humidity
2023-11-29,10.157777777777778,9,1.2,6.5,0,90,2023,11,Nov,48,Wed,Autumn,0,7.348708333333334,2.7746691511603534,0,Dry,Cool,Calm,High humidity
2023-11-30,12.72222222222222,9,0.1,12.1,0,88,2023,11,Nov,48,Thu,Autumn,0,7.635560185185185,2.8721307522663846,0,Dry,Cool,Calm,High humidity
2023-12-01,10.02888888888889,9,-0.1,11.8,0,88,2023,12,Dec,48,Fri,Winter,0,7.806814814814815,2.855978944018823,0,Dry,Cool,Calm,High humidity
2023-12-02,12.855555555555556,9,-2.4,8,0,95,2023,12,Dec,48,Sat,Winter,0,8.088851851851851,2.9243391292705487,0,Dry,Cool,Calm,High humidity
2023-12-03,14.61111111111111,9,4.6,12.8,7,90,2023,12,Dec,48,Sun,Winter,0,8.40862962962963,3.0963919827161157,0,Rainy,Cool,Calm,High humidity
2023-12-04,6.717777777777778,9,6.3,17.7,7.8,91,2023,12,Dec,49,Mon,Winter,0,8.416518518518519,3.09160956470603,0,Rainy,Cool,Windy,High humidity
2023-12-05,7.934444444444445,9,5.2,13.3,2.5,92,2023,12,Dec,49,Tue,Winter,0,8.332037037037038,3.0681315159240925,0,Rainy,Cool,Calm,High humidity
2023-12-06,9.847777777777775,9,2.5,6.3,0,95,2023,12,Dec,49,Wed,Winter,0,8.440259259259259,3.062225373594035,0,Dry,Cool,Calm,High humidity
2023-12-07,9.62111111111111,9,6.5,21.2,5.7,88,2023,12,Dec,49,Thu,Winter,0,8.578037037037037,3.0174623137826635,0,Rainy,Cool,Windy,High humidity
2023-12-08,8.768888888888888,9,7.9,15.6,0,89,2023,12,Dec,49,Fri,Winter,0,8.691518518518517,2.9558252906519473,0,Dry,Cool,Windy,High humidity
2023-12-09,7.634444444444444,9,9.6,26.8,7.9,83,2023,12,Dec,49,Sat,Winter,0,8.726814814814816,2.9359420904649887,0,Rainy,Mild,Windy,High humidity
2023-12-10,8.306666666666667,9,9.3,25.6,2.1,80,2023,12,Dec,49,Sun,Winter,0,8.82488888888889,2.868108574371024,0,Rainy,Mild,Windy,High humidity
2023-12-11,7.942222222222222,9,8.3,19.4,0,84,2023,12,Dec,50,Mon,Winter,0,8.8218888888888891,2.869013209168021,0,Dry,Cool,Windy,High humidity
2023-12-12,7.248888888888889,9,9.2,15.9,7.3,92,2023,12,Dec,50,Tue,Winter,0,8.552407407407408,2.6037286209701005,0,Rainy,Mild,Windy,High humidity
2023-12-13,5.842222222222222,9,7,21,0.5,87,2023,12,Dec,50,Wed,Winter,0,8.482333333333333,2.648557530092295,0,Rainy,Cool,Windy,High humidity
2023-12-14,6.6322222222222225,9,4.5,9.5,0.9,93,2023,12,Dec,50,Thu,Winter,0,8.403037037037038,2.6677222676557597,0,Rainy,Cool,Calm,High humidity
2023-12-15,12.077777777777778,9,5,9.6,0,91,2023,12,Dec,50,Fri,Winter,0,8.602296296296297,2.7126404821001295,0,Dry,Cool,Calm,High humidity
2023-12-16,6.641111111111111,9,8.8,16.6,0,94,2023,12,Dec,50,Sat,Winter,0,8.520444444444445,2.734170659524072,0,Dry,Cool,Windy,High humidity
2023-12-17,5.595555555555555,9,8.9,20.8,0,88,2023,12,Dec,50,Sun,Winter,0,8.362592592592593,2.7625820735958597,0,Dry,Cool,Windy,High humidity
2023-12-18,6.637777777777778,9,10,21.8,0,89,2023,12,Dec,51,Mon,Winter,0,8.366814814814814,2.759750109511815,0,Dry,Mild,Windy,High humidity
2023-12-19,6.171111111111111,9,9.8,18.4,12.7,91,2023,12,Dec,51,Tue,Winter,0,8.298333333333334,2.78871413031859,0,Rainy,Mild,Windy,High humidity
2023-12-20,4.9622222222222225,9,7.9,23.3,0,84,2023,12,Dec,51,Wed,Winter,0,8.255333333333333,2.8309768338811785,0,Dry,Cool,Windy,High humidity
2023-12-21,4.073333333333333,3,11,28.3,0.3,75,2023,12,Dec,51,Thu,Winter,0,8.239074074074074,2.8542308611450697,0,Rainy,Mild,Windy,Low humidity
2023-12-22,4.307777777777778,9,9.9,26.9,0.3,74,2023,12,Dec,51,Fri,Winter,0,8.187444444444445,2.9122312657278804,0,Rainy,Mild,Windy,Low humidity
2023-12-23,3.2844444444444445,9,9.5,24.3,0,80,2023,12,Dec,51,Sat,Winter,0,8.074185185185184,3.0362211238523926,0,Dry,Mild,Windy,High humidity
2023-12-24,2.165,8,12.4,30.4,1.2,86,2023,12,Dec,51,Sun,Winter,0,7.948092592592593,3.201618144261292,0,Rainy,Mild,Windy,High humidity
2023-12-25,1.60425,8,12.2,23.6,3.2,88,2023,12,Dec,52,Mon,Winter,0,7.761937962962963,3.403288195463873,0,Rainy,Mild,Windy,High humidity
2023-12-26,5.10125,8,7,14.4,0.2,85,2023,12,Dec,52,Tue,Winter,0,7.420868518518518,3.1191960021990934,0,Rainy,Cool,Windy,High humidity
2023-12-27,7.81875,8,10.1,27.8,6.3,87,2023,12,Dec,52,Wed,Winter,0,7.441345370370371,3.119742576435587,0,Rainy,Mild,Windy,High humidity
2023-12-28,9.165,8,10.6,33.2,0.4,77,2023,12,Dec,52,Thu,Winter,0,7.549252777777778,3.1215700996355324,0,Rainy,Mild,Windy,Low humidity
2023-12-29,7.34875,8,8.5,23,1.5,81,2023,12,Dec,52,Fri,Winter,0,7.455618518518519,3.0825122656817787,0,Rainy,Cool,Windy,High humidity
2023-12-30,4.66625,8,9.1,24.8,3.6,85,2023,12,Dec,52,Sat,Winter,0,7.187086111111111,2.9562018194348982,0,Rainy,Mild,Windy,High humidity
2023-12-31,4.07,8,8.2,28.8,7.6,81,2023,12,Dec,52,Sun,Winter,0,6.988456481481482,2.958864633272935,0,Rainy,Cool,Windy,High humidity
2024-01-01,6.035714285714286,7,7.9,22.8,10.5,79,2024,1,Jan,1,Mon,Winter,0,6.761128439153439,2.7469484172548038,0,Rainy,Cool,Windy,Low humidity
2024-01-02,4.718571428571429,7,10.9,29.5,7.4,87,2024,1,Jan,1,Tue,Winter,0,6.431377116402117,2.334994467618463,0,Rainy,Mild,Windy,High humidity
2024-01-03,5.847777777777778,9,8.3,20.8,2.3,86,2024,1,Jan,1,Wed,Winter,0,6.402377116402117,2.3367167402418056,0,Rainy,Cool,Windy,High humidity
2024-01-04,5.761111111111111,9,6.8,15,30.3,90,2024,1,Jan,1,Thu,Winter,0,6.329932671957673,2.321218871743625,0,Rainy,Cool,Windy,High humidity
2024-01-05,6.516666666666667,9,5.7,19,2.1,88,2024,1,Jan,1,Fri,Winter,0,6.218895634920636,2.224808501282923,0,Rainy,Cool,Windy,High humidity
2024-01-06,7.124444444444444,9,4.7,10.9,0.1,87,2024,1,Jan,1,Sat,Winter,0,6.135673412698413,2.1381637586545925,0,Rainy,Cool,Calm,High humidity
2024-01-07,4.988888888888889,9,3.1,18,0,74,2024,1,Jan,1,Sun,Winter,0,6.0096734126984135,2.088437747298486,0,Dry,Cool,Windy,Low humidity
2024-01-08,5.265555555555555,9,1.9,21.2,0.7,70,2024,1,Jan,2,Mon,Winter,0,5.930710449735451,2.0695857531534414,0,Rainy,Cool,Windy,Low humidity
2024-01-09,7.662222222222223,9,1.6,23.9,0,72,2024,1,Jan,2,Tue,Winter,0,5.909228968253969,2.047298404475772,0,Dry,Cool,Windy,Low humidity
2024-01-10,6.1611111111111105,9,1.9,19.8,0,75,2024,1,Jan,2,Wed,Winter,0,5.849858597883598,2.0118282110195937,0,Dry,Cool,Windy,Low humidity
2024-01-11,7.786666666666666,9,2.6,15.6,0,86,2024,1,Jan,2,Thu,Winter,0,5.867784523809524,2.0270619926940503,0,Dry,Cool,Windy,High humidity
2024-01-12,6.633333333333334,9,5.1,10.8,0,86,2024,1,Jan,2,Fri,Winter,0,5.894154894179894,2.031858152461599,0,Dry,Cool,Calm,High humidity
2024-01-13,12.284444444444444,9,3.2,8.8,0,86,2024,1,Jan,2,Sat,Winter,0,6.082562301587302,2.3411691422091137,0,Dry,Cool,Calm,High humidity
2024-01-14,14.944444444444445,9,3.6,12.2,1.6,87,2024,1,Jan,2,Sun,Winter,0,6.178117857142857,2.634437296473995,0,Rainy,Cool,Calm,High humidity
2024-01-15,7.326666666666666,9,-0.8,11.8,0,79,2024,1,Jan,3,Mon,Winter,0,6.200969708994709,2.641555651917816,0,Dry,Cool,Calm,Low humidity
2024-01-16,12.425555555555556,9,-1.5,8.5,0,79,2024,1,Jan,3,Tue,Winter,0,6.428636375661376,2.8718650129997987,0,Dry,Cool,Calm,Low humidity
2024-01-17,13.95,8,0.1,10.4,0,85,2024,1,Jan,3,Wed,Winter,0,6.672377116402117,3.183608531191682,0,Dry,Cool,Calm,High humidity
2024-01-18,11.0825,8,-2.3,10.8,0,73,2024,1,Jan,3,Thu,Winter,0,6.836090079365079,3.28171209168969,0,Dry,Cool,Calm,Low humidity
2024-01-19,13.4675,8,-0.7,11.1,0,81,2024,1,Jan,3,Fri,Winter,0,7.119599338624339,3.4758887978542803,0,Dry,Cool,Calm,High humidity
2024-01-20,10.79125,8,2.6,20.5,0,73,2024,1,Jan,3,Sat,Winter,0,7.343529894179895,3.4892407054142063,0,Dry,Cool,Windy,Low humidity
2024-01-21,8.57625,8,9.2,36.3,2.2,80,2024,1,Jan,3,Sun,Winter,0,7.485812301587302,3.447966415912665,0,Rainy,Mild,Windy,High humidity
2024-01-22,8.24125,8,9.3,32.7,5.1,77,2024,1,Jan,4,Mon,Winter,0,7.651039153439154,3.3572664199467037,0,Rainy,Mild,Windy,Low humidity
2024-01-23,7.75375,8,8.9,27.1,2.9,88,2024,1,Jan,4,Tue,Winter,0,7.83733082010582,3.1934128484212807,0,Rainy,Cool,Windy,High humidity
2024-01-24,9.05125,8,9.4,24.6,0.1,79,2024,1,Jan,4,Wed,Winter,0,8.085564153439154,2.9740973282859553,0,Rainy,Mild,Windy,Low humidity
2024-01-25,11.9325,8,9.2,16.5,0.1,93,2024,1,Jan,4,Thu,Winter,0,8.313272486772487,2.9991357635300613,0,Rainy,Mild,Windy,High humidity
2024-01-26,5.057142857142857,7,7.6,20.3,1.6,77,2024,1,Jan,4,Fri,Winter,0,8.221218915343917,3.056667423445931,0,Rainy,Cool,Windy,Low humidity
2024-01-27,8.01,6,3.8,10.7,0,86,2024,1,Jan,4,Sat,Winter,0,8.182718915343916,3.0516399185579592,0,Dry,Cool,Calm,High humidity
2024-01-28,11.162857142857144,7,5.9,11.2,0,85,2024,1,Jan,4,Sun,Winter,0,8.30985582010582,3.0948426817034522,0,Dry,Cool,Calm,High humidity
2024-01-29,12.0875,8,10.8,15.9,0,88,2024,1,Jan,5,Mon,Winter,0,8.55723082010582,3.0901533606019065,0,Dry,Mild,Windy,High humidity
2024-01-30,7.761111111111111,9,8.3,16.8,0,82,2024,1,Jan,5,Tue,Winter,0,8.680267857142859,2.97673049498129,0,Dry,Cool,Windy,High humidity
2024-01-31,5.986666666666666,9,7.6,18.3,0.5,83,2024,1,Jan,5,Wed,Winter,0,8.678632936507936,2.9782461417522907,0,Rainy,Cool,Windy,High humidity
2024-02-01,9.805,2,5.9,11.2,0.1,83,2024,2,Feb,5,Thu,Winter,0,8.848180555555556,2.8884596545703998,0,Rainy,Cool,Calm,High humidity
2024-02-02,5.546666666666667,9,9.4,23.5,0,86,2024,2,Feb,5,Fri,Winter,0,8.838143518518518,2.8997463085979924,0,Dry,Mild,Windy,High humidity
2024-02-03,3.5244444444444443,9,11.3,22.5,0.7,86,2024,2,Feb,5,Sat,Winter,0,8.763587962962964,3.0083094373822896,0,Rainy,Mild,Windy,High humidity
2024-02-04,3.65,8,11.4,27,0.1,84,2024,2,Feb,5,Sun,Winter,0,8.668032407407408,3.125391258693095,0,Rainy,Mild,Windy,High humidity
2024-02-05,9.595555555555556,9,9.6,28.5,0,80,2024,2,Feb,6,Mon,Winter,0,8.750402777777778,3.115855636794839,0,Dry,Mild,Windy,High humidity
2024-02-06,9.352222222222222,9,11.7,32.9,8.1,81,2024,2,Feb,6,Tue,Winter,0,8.895847222222223,3.035006740013273,0,Rainy,Mild,Windy,High humidity
2024-02-07,7.813333333333333,9,5.8,10.8,10,85,2024,2,Feb,6,Wed,Winter,0,8.980773148148149,2.964753625825921,0,Rainy,Cool,Calm,High humidity
2024-02-08,8.432222222222222,9,7.4,16.9,16.5,93,2024,2,Feb,6,Thu,Winter,0,9.006439814814815,2.9562658531139046,0,Rainy,Cool,Windy,High humidity
2024-02-09,5.9225,8,10.5,23.1,7.8,89,2024,2,Feb,6,Fri,Winter,0,8.998486111111111,2.964494592858509,0,Rainy,Mild,Windy,High humidity
2024-02-10,5.94875,8,9.2,8.6,2.1,90,2024,2,Feb,6,Sat,Winter,0,8.937222222222223,3.0090576116724916,0,Rainy,Mild,Calm,High humidity
2024-02-11,7.88625,8,7.1,9.7,7.3,89,2024,2,Feb,6,Sun,Winter,0,8.978986111111112,2.984573645561594,0,Rainy,Cool,Calm,High humidity
2024-02-12,5.94625,8,4.8,11.8,0,81,2024,2,Feb,7,Mon,Winter,0,8.767712962962964,2.966799382825188,0,Dry,Cool,Calm,High humidity
2024-02-13,4.982222222222222,9,8,19.7,2.6,87,2024,2,Feb,7,Tue,Winter,0,8.43563888888889,2.8047053529785564,0,Rainy,Cool,Windy,High humidity
2024-02-14,4.62,9,12.1,22.2,2.6,91,2024,2,Feb,7,Wed,Winter,0,8.345416666666667,2.8840218006555007,0,Rainy,Mild,Windy,High humidity
2024-02-15,5.035555555555556,9,12.9,14.3,0.7,86,2024,2,Feb,7,Thu,Winter,0,8.099083333333335,2.838753457259126,0,Rainy,Mild,Windy,High humidity
2024-02-16,7.0287500000000005,8,10.4,15,2,85,2024,2,Feb,7,Fri,Winter,0,7.868375,2.619638775401348,0,Rainy,Mild,Windy,High humidity
2024-02-17,5.83375,8,10,16.2,1.7,90,2024,2,Feb,7,Sat,Winter,0,7.693416666666667,2.5724233772102685,0,Rainy,Mild,Windy,High humidity
2024-02-18,3.9675,8,11.3,18,12.2,88,2024,2,Feb,7,Sun,Winter,0,7.37675,2.417162644508782,0,Rainy,Mild,Windy,High humidity
2024-02-19,6.68,8,9,15.4,2.2,85,2024,2,Feb,8,Mon,Winter,0,7.2397083333333345,2.3319432477469753,0,Rainy,Mild,Windy,High humidity
2024-02-20,9.04111111111111,9,8.6,19.2,0.1,88,2024,2,Feb,8,Tue,Winter,0,7.255203703703704,2.342650467376131,0,Rainy,Cool,Windy,High humidity
2024-02-21,5.654444444444445,9,10,24.7,3.5,89,2024,2,Feb,8,Wed,Winter,0,7.168976851851852,2.3526904332383523,0,Rainy,Mild,Windy,High humidity
2024-02-22,4.2811111111111115,9,7.9,22.9,11.5,90,2024,2,Feb,8,Thu,Winter,0,7.053222222222223,2.4077121121743064,0,Rainy,Cool,Windy,High humidity
2024-02-23,4.011111111111111,9,4.7,15.8,2,82,2024,2,Feb,8,Fri,Winter,0,6.885217592592594,2.439126533755824,0,Rainy,Cool,Windy,High humidity
2024-02-24,6.457777777777777,9,2.9,6.2,1.6,90,2024,2,Feb,8,Sat,Winter,0,6.702726851851852,2.2456038905470455,0,Rainy,Cool,Calm,High humidity
2024-02-25,12.3625,8,4.6,17.7,3.6,90,2024,2,Feb,8,Sun,Winter,0,6.946238756613757,2.447979547863588,0,Rainy,Cool,Windy,High humidity
2024-02-26,6.295,8,6.1,32,0.7,75,2024,2,Feb,9,Mon,Winter,0,6.88907208994709,2.442299617572481,0,Rainy,Cool,Windy,Low humidity
2024-02-27,5.3375,8,4.8,11.2,0.5,85,2024,2,Feb,9,Tue,Winter,0,6.694893518518518,2.3192669247698467,0,Rainy,Cool,Calm,High humidity
2024-02-28,6.763333333333334,9,8.5,15,1.3,90,2024,2,Feb,9,Wed,Winter,0,6.5174212962962965,2.084181478595797,0,Rainy,Cool,Windy,High humidity
2024-02-29,4.116666666666666,9,9.1,17.8,8.3,91,2024,2,Feb,9,Thu,Winter,0,6.395939814814815,2.1151725010101545,0,Rainy,Mild,Windy,High humidity
2024-03-01,4.698888888888889,9,5.1,19.8,6.6,81,2024,3,Mar,9,Fri,Spring,0,6.353013888888889,2.136722311389896,0,Rainy,Cool,Windy,High humidity
2024-03-02,4.26375,8,5,17,2.2,82,2024,3,Mar,9,Sat,Spring,0,6.168305555555556,2.066374346678991,0,Rainy,Cool,Windy,High humidity
2024-03-03,7.609999999999999,8,3.7,6.9,0,84,2024,3,Mar,9,Sun,Spring,0,6.2370833333333335,2.079268121896038,0,Dry,Cool,Calm,High humidity
2024-03-04,8.55888888888889,9,5.3,15.7,1.1,80,2024,3,Mar,10,Mon,Spring,0,6.404898148148148,2.0558146190862674,0,Rainy,Cool,Windy,High humidity
2024-03-05,6.314444444444445,9,7,7.9,1.8,87,2024,3,Mar,10,Tue,Spring,0,6.493712962962963,1.9891682078918416,0,Rainy,Cool,Calm,High humidity
2024-03-06,16,9,5.5,6.4,0,89,2024,3,Mar,10,Wed,Spring,1,6.707194444444444,2.58728822283495,0,Dry,Cool,Calm,High humidity
2024-03-07,25.1625,8,6.7,17.4,0.3,86,2024,3,Mar,10,Thu,Spring,1,7.234203703703704,4.232052239247797,1,Rainy,Cool,Windy,High humidity
2024-03-08,28.6,9,6.7,21.3,0,79,2024,3,Mar,10,Fri,Spring,1,7.927092592592593,5.757024879380842,1,Dry,Cool,Windy,Low humidity
2024-03-09,20.11111111111111,9,8.9,17.2,0.4,78,2024,3,Mar,10,Sat,Spring,1,8.31638888888889,6.17225530658424,0,Rainy,Cool,Windy,Low humidity
2024-03-10,12.7,9,8,10.1,8.6,93,2024,3,Mar,10,Sun,Spring,0,8.542305555555556,6.205557919491758,0,Rainy,Cool,Calm,High humidity
2024-03-11,28.88888888888889,9,8,12.7,1.9,85,2024,3,Mar,11,Mon,Spring,1,9.306976851851852,7.207454906988679,1,Rainy,Cool,Calm,High humidity
2024-03-12,20.82888888888889,9,10.1,15.9,13.3,89,2024,3,Mar,11,Tue,Spring,1,9.738398148148148,7.5008667154529025,0,Rainy,Mild,Windy,High humidity
2024-03-13,5.177777777777778,9,11.4,24.1,0.5,86,2024,3,Mar,11,Wed,Spring,0,9.712782407407408,7.515561393229407,0,Rainy,Mild,Windy,High humidity
2024-03-14,6.302222222222222,9,11.6,21.4,1.2,83,2024,3,Mar,11,Thu,Spring,0,9.756782407407407,7.490734206723897,0,Rainy,Mild,Windy,High humidity
2024-03-15,6.822222222222222,9,11.7,24,1.3,83,2024,3,Mar,11,Fri,Spring,0,9.830189814814815,7.449335356312176,0,Rainy,Mild,Windy,High humidity
2024-03-16,5.525555555555555,9,9.2,11.3,1.3,76,2024,3,Mar,11,Sat,Spring,0,9.84652314814815,7.438990187694577,0,Rainy,Mild,Calm,Low humidity
2024-03-17,5.9,9,11.4,15.2,6.4,89,2024,3,Mar,11,Sun,Spring,0,9.808898148148149,7.456567125444579,0,Rainy,Mild,Windy,High humidity
2024-03-18,6.598888888888889,9,10.7,14.8,0.2,86,2024,3,Mar,12,Mon,Spring,0,9.834402777777777,7.443799196026995,0,Rainy,Mild,Windy,High humidity
2024-03-19,4.765555555555555,9,11.1,18.6,0.2,86,2024,3,Mar,12,Tue,Spring,0,9.86100462962963,7.423508051326257,0,Rainy,Mild,Windy,High humidity
2024-03-20,6.291111111111111,9,12,7.4,0.8,81,2024,3,Mar,12,Wed,Spring,0,9.848041666666667,7.429591323941086,0,Rainy,Mild,Calm,High humidity
2024-03-21,9.94,2,10.6,12.1,0,87,2024,3,Mar,12,Thu,Spring,0,9.87800462962963,7.4280372309377745,0,Dry,Mild,Calm,High humidity
2024-03-22,8.777777777777779,9,9.5,15.2,0.4,76,2024,3,Mar,12,Fri,Spring,0,9.982115740740742,7.3885821532063085,0,Rainy,Mild,Windy,Low humidity
2024-03-23,5.743333333333333,9,6.3,22.7,1.7,68,2024,3,Mar,12,Sat,Spring,0,10.030856481481482,7.354421127555798,0,Rainy,Cool,Windy,Low humidity
2024-03-24,5.2411111111111115,9,7.8,19.7,0,66,2024,3,Mar,12,Sun,Spring,0,10.071856481481483,7.323066273910843,0,Dry,Cool,Windy,Low humidity
2024-03-25,7.692222222222222,9,7.8,13.9,0.9,75,2024,3,Mar,13,Mon,Spring,0,10.11300462962963,7.305505692187695,0,Rainy,Cool,Windy,Low humidity
2024-03-26,9.035555555555556,9,9.2,10.9,11.9,79,2024,3,Mar,13,Tue,Spring,0,10.002106481481482,7.2954253598356065,0,Rainy,Mild,Calm,Low humidity
2024-03-27,5.815555555555555,9,7.3,19.6,2.9,80,2024,3,Mar,13,Wed,Spring,0,9.986125,7.3043459246105344,0,Rainy,Cool,Windy,High humidity
2024-03-28,4.362222222222222,9,8,32.5,10.2,80,2024,3,Mar,13,Thu,Spring,0,9.95361574074074,7.327881273295674,0,Rainy,Cool,Windy,High humidity
2024-03-29,5.264444444444444,9,9.3,23.3,5,79,2024,3,Mar,13,Fri,Spring,0,9.90365277777778,7.355441362286365,0,Rainy,Mild,Windy,Low humidity
2024-03-30,5.344444444444444,9,8.7,9.3,0,77,2024,3,Mar,13,Sat,Spring,0,9.944578703703705,7.325486769329715,0,Dry,Cool,Calm,Low humidity
2024-03-31,17.4,3,8.6,14.8,2,86,2024,3,Mar,13,Sun,Spring,1,10.367949074074074,7.378694181217149,0,Rainy,Cool,Windy,High humidity
2024-04-01,5.016666666666667,3,9.6,15.8,4.3,81,2024,4,Apr,14,Mon,Spring,0,10.393046296296296,7.358468702510358,0,Rainy,Mild,Windy,High humidity
2024-04-02,3.32,3,10.3,19.6,4.3,81,2024,4,Apr,14,Tue,Spring,0,10.250046296296297,7.455463062820009,0,Rainy,Mild,Windy,High humidity
2024-04-03,2.76,3,11.4,23.7,0.7,80,2024,4,Apr,14,Wed,Spring,0,10.05675,7.57503574897746,0,Rainy,Mild,Windy,High humidity
2024-04-04,5.696666666666666,3,12.1,24.1,3.6,81,2024,4,Apr,14,Thu,Spring,0,10.036157407407408,7.586391140371907,0,Rainy,Mild,Windy,High humidity
2024-04-05,6.7475,4,13.7,26.4,5.4,78,2024,4,Apr,14,Fri,Spring,0,9.72774074074074,7.523390673076794,0,Rainy,Mild,Windy,Low humidity
2024-04-06,5.635,2,16,29.6,0.1,67,2024,4,Apr,14,Sat,Spring,0,9.076824074074073,6.966047629070107,0,Rainy,Warm,Windy,Low humidity
2024-04-07,8.255,2,12.6,31,0,72,2024,4,Apr,14,Sun,Spring,0,8.398657407407407,5.91016792831165,0,Dry,Mild,Windy,Low humidity
2024-04-08,7.593333333333334,3,12.1,15.7,1.7,80,2024,4,Apr,15,Mon,Spring,0,7.981398148148148,5.481052880556417,0,Rainy,Mild,Windy,High humidity
2024-04-09,3.105,2,9.3,29.7,0.5,70,2024,4,Apr,15,Tue,Spring,0,7.661564814814815,5.476160038761895,0,Rainy,Mild,Windy,Low humidity
2024-04-10,5.466666666666667,9,9.5,20.1,1.7,84,2024,4,Apr,15,Wed,Spring,0,6.8808240740740745,3.7397821333429127,0,Rainy,Mild,Windy,High humidity
2024-04-11,3.971111111111111,9,14.5,18.4,0.4,84,2024,4,Apr,15,Thu,Spring,0,6.318898148148149,2.6912260813228857,0,Rainy,Mild,Windy,High humidity
2024-04-12,5.0777777777777775,9,14,21.4,0,78,2024,4,Apr,15,Fri,Spring,0,6.315564814814816,2.6927497005447045,0,Dry,Mild,Windy,Low humidity
2024-04-13,5.138888888888889,9,14.1,19,0,77,2024,4,Apr,15,Sat,Spring,0,6.276787037037037,2.7013113308049386,0,Dry,Mild,Windy,Low humidity
2024-04-14,4.751111111111111,9,10.5,13.7,0,68,2024,4,Apr,15,Sun,Spring,0,6.207750000000001,2.713329856451012,0,Dry,Mild,Windy,Low humidity
2024-04-15,3.915555555555556,9,8.5,30.1,4.6,66,2024,4,Apr,16,Mon,Spring,0,6.154083333333333,2.7430474568482217,0,Rainy,Cool,Windy,Low humidity
2024-04-16,4.276666666666666,9,8.8,20.9,4.6,73,2024,4,Apr,16,Tue,Spring,0,6.099972222222222,2.7641626891760303,0,Rainy,Cool,Windy,Low humidity
2024-04-17,4.122222222222222,9,7.3,17.7,0.5,68,2024,4,Apr,16,Wed,Spring,0,6.017416666666667,2.7856490633762645,0,Rainy,Cool,Windy,Low humidity
2024-04-18,3.8766666666666665,9,8.4,15.1,1.1,68,2024,4,Apr,16,Thu,Spring,0,5.987787037037037,2.8040899765238896,0,Rainy,Cool,Windy,Low humidity
2024-04-19,4.105555555555555,9,10,20.7,1,72,2024,4,Apr,16,Fri,Spring,0,5.914935185185185,2.824256175393678,0,Rainy,Mild,Windy,Low humidity
2024-04-20,5.588888888888889,9,6.9,16.2,0.2,63,2024,4,Apr,16,Sat,Spring,0,5.769898148148148,2.7202329549312387,0,Rainy,Cool,Windy,Low humidity
2024-04-21,5.878888888888889,9,7.3,18.2,0,65,2024,4,Apr,16,Sun,Spring,0,5.673268518518518,2.6605338659185125,0,Dry,Cool,Windy,Low humidity
2024-04-22,6.044444444444444,9,6.2,8.5,1,79,2024,4,Apr,17,Mon,Spring,0,5.683305555555555,2.6613751522255096,0,Rainy,Cool,Calm,Low humidity
2024-04-23,6.371111111111111,9,7.6,11.4,1.5,80,2024,4,Apr,17,Tue,Spring,0,5.720972222222222,2.662896987064765,0,Rainy,Cool,Calm,High humidity
2024-04-24,5.762222222222222,9,6.7,13.7,0,67,2024,4,Apr,17,Wed,Spring,0,5.65663888888889,2.636816930436799,0,Dry,Cool,Windy,Low humidity
2024-04-25,7.02125,8,7.2,10.5,4.2,77,2024,4,Apr,17,Thu,Spring,0,5.58949537037037,2.5726756519665566,0,Rainy,Cool,Calm,Low humidity
2024-04-26,8.983333333333333,9,7.3,8.3,0,74,2024,4,Apr,17,Fri,Spring,0,5.695087962962963,2.646231408415363,0,Dry,Cool,Calm,Low humidity
2024-04-27,6.256666666666667,9,9,17.4,9.2,82,2024,4,Apr,17,Sat,Spring,0,5.7582361111111116,2.6359117263149274,0,Rainy,Mild,Windy,High humidity
2024-04-28,5.156666666666667,9,8.2,17.7,12.3,84,2024,4,Apr,17,Sun,Spring,0,5.7546435185185185,2.636681277559724,0,Rainy,Cool,Windy,High humidity
2024-04-29,5.676666666666667,9,10.4,19.2,0.3,72,2024,4,Apr,18,Mon,Spring,0,5.765717592592593,2.635596475570443,0,Rainy,Mild,Windy,Low humidity
2024-04-30,5.492222222222222,9,12.5,14.7,0.4,76,2024,4,Apr,18,Tue,Spring,0,5.368791666666667,1.4555063290268686,0,Rainy,Mild,Windy,Low humidity
2024-05-01,12.997777777777776,9,14,7.2,0.1,82,2024,5,May,18,Wed,Spring,0,5.634828703703704,2.0119524524521526,0,Rainy,Mild,Calm,High humidity
2024-05-02,19.477777777777774,9,13.8,13.3,3.3,83,2024,5,May,18,Thu,Spring,1,6.173421296296296,3.189189580187764,0,Rainy,Mild,Calm,High humidity
2024-05-03,10.672222222222222,9,10.6,18.1,8.2,88,2024,5,May,18,Fri,Spring,0,6.437162037037037,3.2241436427756933,0,Rainy,Mild,Windy,High humidity
2024-05-04,5.803333333333334,9,11.4,7.8,2.7,80,2024,5,May,18,Sat,Spring,0,6.440717592592593,3.223357592052949,0,Rainy,Mild,Calm,High humidity
2024-05-05,7.765555555555555,9,11.5,8.2,0.3,82,2024,5,May,18,Sun,Spring,0,6.474652777777778,3.2320460216717573,0,Rainy,Mild,Calm,High humidity
2024-05-06,8.681111111111111,9,11.7,10.4,9.9,91,2024,5,May,19,Mon,Spring,0,6.576189814814815,3.2525410310047884,0,Rainy,Mild,Calm,High humidity
2024-05-07,13.9,9,13.6,10.7,0.3,79,2024,5,May,19,Tue,Spring,0,6.764356481481482,3.5063944677970182,0,Rainy,Mild,Calm,Low humidity
2024-05-08,13.566666666666666,9,13.2,6.8,0,79,2024,5,May,19,Wed,Spring,0,6.963467592592592,3.718287179592142,0,Dry,Mild,Calm,Low humidity
2024-05-09,13.222222222222223,9,15.3,6.2,0,75,2024,5,May,19,Thu,Spring,0,7.300708333333334,3.8138424138918934,0,Dry,Warm,Calm,Low humidity
2024-05-10,11.79,9,15.4,8.3,0,71,2024,5,May,19,Fri,Spring,0,7.511486111111111,3.8830917182024742,0,Dry,Warm,Calm,Low humidity
2024-05-11,17.87777777777778,9,15.2,14.5,0,78,2024,5,May,19,Sat,Spring,1,7.975041666666667,4.257864417969015,0,Dry,Warm,Windy,Low humidity
2024-05-12,20.525,8,17.6,12.4,0,73,2024,5,May,19,Sun,Spring,1,8.489949074074074,4.7954946515304036,0,Dry,Warm,Calm,Low humidity
2024-05-13,12.03111111111111,9,15.2,18.4,0.3,76,2024,5,May,20,Mon,Spring,0,8.719689814814815,4.794512307016976,0,Rainy,Warm,Windy,Low humidity
2024-05-14,8.056666666666667,9,14.7,14.5,6.7,81,2024,5,May,20,Tue,Spring,0,8.829875,4.737811436832489,0,Rainy,Mild,Windy,High humidity
2024-05-15,6.265555555555555,9,14.9,10.3,0.5,77,2024,5,May,20,Wed,Spring,0,8.908208333333333,4.6727381561277,0,Rainy,Warm,Calm,Low humidity
2024-05-16,9.875555555555556,9,13.8,5.8,2.1,85,2024,5,May,20,Thu,Spring,0,9.094837962962963,4.592496272124404,0,Rainy,Mild,Calm,High humidity
2024-05-17,7.6177777777777775,9,15.2,4,0.2,75,2024,5,May,20,Fri,Spring,0,9.211356481481483,4.50550292192851,0,Rainy,Warm,Calm,Low humidity
2024-05-18,9.47,9,15.2,9.9,1.6,81,2024,5,May,20,Sat,Spring,0,9.397800925925926,4.391419046155342,0,Rainy,Warm,Calm,High humidity
2024-05-19,13.35888888888889,9,15.2,12.8,0.2,72,2024,5,May,20,Sun,Spring,0,9.70624537037037,4.331442753426054,0,Rainy,Warm,Calm,Low humidity
2024-05-20,13.45888888888889,9,14.4,13,0.1,75,2024,5,May,21,Mon,Spring,0,9.968578703703704,4.311754739634886,0,Rainy,Mild,Calm,Low humidity
2024-05-21,9.664444444444444,9,13.2,8.9,9.8,88,2024,5,May,21,Tue,Spring,0,10.094763888888888,4.24278248382129,0,Rainy,Mild,Calm,High humidity
2024-05-22,11.036666666666669,9,13.6,15.9,12.9,91,2024,5,May,21,Wed,Spring,0,10.261171296296295,4.175818083917255,0,Rainy,Mild,Windy,High humidity
2024-05-23,7.0744444444444445,9,14,17.2,0,73,2024,5,May,21,Thu,Spring,0,10.284615740740742,4.15514809045122,0,Dry,Mild,Windy,Low humidity
2024-05-24,5.412222222222223,9,13,8.3,0,71,2024,5,May,21,Fri,Spring,0,10.272949074074074,4.168752836253853,0,Dry,Mild,Calm,Low humidity
2024-05-25,8.171111111111111,9,14.7,6.5,0.1,71,2024,5,May,21,Sat,Spring,0,10.311277777777779,4.143031579327538,0,Rainy,Mild,Calm,Low humidity
2024-05-26,5.901111111111111,9,14.9,17.2,5.4,76,2024,5,May,21,Sun,Spring,0,10.208537037037038,4.214695445036209,0,Rainy,Warm,Windy,Low humidity
2024-05-27,4.163333333333333,9,12.9,15,0.8,75,2024,5,May,22,Mon,Spring,0,10.138759259259258,4.2988659827221865,0,Rainy,Mild,Windy,Low humidity
2024-05-28,4.302222222222222,9,14.2,19.5,4,86,2024,5,May,22,Tue,Spring,0,10.110277777777778,4.3356851088288675,0,Rainy,Mild,Windy,High humidity
2024-05-29,3.975555555555556,9,15.4,17.4,0.5,72,2024,5,May,22,Wed,Spring,0,10.053574074074074,4.406219137269421,0,Rainy,Warm,Windy,Low humidity
2024-05-30,3.938888888888889,9,13.8,16.8,3.4,77,2024,5,May,22,Thu,Spring,0,10.001796296296297,4.47032846719159,0,Rainy,Mild,Windy,Low humidity
2024-05-31,4.9325,8,13.2,24.5,1.1,76,2024,5,May,22,Fri,Spring,0,9.732953703703705,4.526111337132374,0,Rainy,Mild,Windy,Low humidity
2024-06-01,8.20875,8,13.2,19.7,0,73,2024,6,Jun,22,Sat,Summer,0,9.357319444444444,4.1406870954122015,0,Dry,Mild,Windy,Low humidity
2024-06-02,8.285,8,15.4,10.6,0,71,2024,6,Jun,22,Sun,Summer,0,9.277745370370372,4.1374835668775205,0,Dry,Warm,Calm,Low humidity
2024-06-03,6.592222222222222,9,16.1,7.5,0.3,76,2024,6,Jun,23,Mon,Summer,0,9.304041666666668,4.117096769357768,0,Rainy,Warm,Calm,Low humidity
2024-06-04,6.564444444444445,9,15.6,15.6,3.7,79,2024,6,Jun,23,Tue,Summer,0,9.26400462962963,4.138359049002285,0,Rainy,Warm,Windy,Low humidity
2024-06-05,8.63888888888889,9,12.1,12.5,0,64,2024,6,Jun,23,Wed,Summer,0,9.262597222222222,4.138571294153027,0,Dry,Mild,Calm,Low humidity
2024-06-06,11.396666666666668,9,13,11.2,0.1,66,2024,6,Jun,23,Thu,Summer,0,9.179152777777778,4.066453410943927,0,Rainy,Mild,Calm,Low humidity
2024-06-07,8.984444444444444,9,13.8,14.5,0.1,69,2024,6,Jun,23,Fri,Summer,0,9.026412037037037,3.9811322170153245,0,Rainy,Mild,Windy,Low humidity
2024-06-08,6.137777777777778,9,13.8,14.9,0.6,69,2024,6,Jun,23,Sat,Summer,0,8.790263888888889,3.9334963147605575,0,Rainy,Mild,Windy,Low humidity
2024-06-09,5.441111111111111,9,12.7,13.5,0,66,2024,6,Jun,23,Sun,Summer,0,8.578634259259259,3.937328864709175,0,Dry,Mild,Windy,Low humidity
2024-06-10,5.025555555555556,9,11.7,18,8,77,2024,6,Jun,24,Mon,Summer,0,8.150226851851851,3.5729757228797343,0,Rainy,Mild,Windy,Low humidity
2024-06-11,4.85,9,11.1,9.9,2,76,2024,6,Jun,24,Tue,Summer,0,7.627726851851852,2.752959594114007,0,Rainy,Mild,Calm,Low humidity
2024-06-12,6.28125,8,12.1,7,1,72,2024,6,Jun,24,Wed,Summer,0,7.436064814814815,2.63337980132358,0,Rainy,Mild,Calm,Low humidity
2024-06-13,7.373333333333333,9,12.4,17.6,1.6,74,2024,6,Jun,24,Thu,Summer,0,7.413287037037038,2.630780728015162,0,Rainy,Mild,Windy,Low humidity
2024-06-14,4.648888888888889,9,14.8,22.4,2.5,74,2024,6,Jun,24,Fri,Summer,0,7.3593981481481485,2.671346677856246,0,Rainy,Warm,Windy,Low humidity
2024-06-15,4.875555555555556,9,13.4,22.9,2.5,73,2024,6,Jun,24,Sat,Summer,0,7.1927314814814824,2.6649176199864106,0,Rainy,Mild,Windy,Low humidity
2024-06-16,6.423333333333334,9,15,18.5,0.1,69,2024,6,Jun,24,Sun,Summer,0,7.152916666666667,2.6672699738595145,0,Rainy,Warm,Windy,Low humidity
2024-06-17,5.07,9,15.9,12,0,69,2024,6,Jun,25,Mon,Summer,0,7.00625,2.6564162897138566,0,Dry,Warm,Calm,Low humidity
2024-06-18,5.627777777777777,9,16.4,10.8,0.3,71,2024,6,Jun,25,Tue,Summer,0,6.748546296296297,2.3794501427357733,0,Rainy,Warm,Calm,Low humidity
2024-06-19,5.898888888888889,9,15,16.1,0,71,2024,6,Jun,25,Wed,Summer,0,6.496546296296297,2.016995088903749,0,Dry,Warm,Windy,Low humidity
2024-06-20,5,9,15.4,9.2,0,68,2024,6,Jun,25,Thu,Summer,0,6.341064814814815,1.9427907751000422,0,Dry,Warm,Calm,Low humidity
2024-06-21,6.807777777777778,9,17,12.1,0.1,69,2024,6,Jun,25,Fri,Summer,0,6.200101851851852,1.7323660460675625,0,Rainy,Warm,Calm,Low humidity
2024-06-22,5.6466666666666665,9,17.4,13.9,1.6,68,2024,6,Jun,25,Sat,Summer,0,6.15250925925926,1.727121736603036,0,Rainy,Warm,Windy,Low humidity
2024-06-23,5.361111111111111,9,17.9,6.7,0,69,2024,6,Jun,25,Sun,Summer,0,6.150805555555555,1.7279021998171142,0,Dry,Warm,Calm,Low humidity
2024-06-24,6.332222222222223,9,20.4,6.2,0,72,2024,6,Jun,26,Mon,Summer,0,6.08950925925926,1.6858671639780087,0,Dry,Warm,Calm,Low humidity
2024-06-25,7.651111111111111,9,20.8,7.1,0,66,2024,6,Jun,26,Tue,Summer,0,6.1478425925925935,1.7092377600490418,0,Dry,Warm,Calm,Low humidity
2024-06-26,11.575555555555557,9,21.7,8.2,0,66,2024,6,Jun,26,Wed,Summer,0,6.394916666666668,1.933495503118373,0,Dry,Warm,Calm,Low humidity
2024-06-27,12.151111111111112,9,19.4,18.2,0,61,2024,6,Jun,26,Thu,Summer,0,6.6565462962962965,2.1585007848538864,0,Dry,Warm,Windy,Low humidity
2024-06-28,6.604444444444445,9,16.8,17.9,0,59,2024,6,Jun,26,Fri,Summer,0,6.744175925925926,2.0984335553437727,0,Dry,Warm,Windy,Low humidity
2024-06-29,5.9799999999999995,9,17.6,5.6,0,60,2024,6,Jun,26,Sat,Summer,0,6.812212962962963,2.0365177897656057,0,Dry,Warm,Calm,Low humidity
2024-06-30,5.761111111111111,9,17,12.9,0.3,63,2024,6,Jun,26,Sun,Summer,0,6.839833333333334,2.0156571980970694,0,Rainy,Warm,Calm,Low humidity
2024-07-01,5.152222222222222,9,16.6,13.2,0.1,63,2024,7,Jul,27,Mon,Summer,0,6.737949074074074,2.0213176875024645,0,Rainy,Warm,Calm,Low humidity
2024-07-02,5.471111111111111,9,15.2,13.2,0.1,67,2024,7,Jul,27,Tue,Summer,0,6.644152777777778,2.0123207576767728,0,Rainy,Warm,Calm,Low humidity
2024-07-03,6.783333333333333,9,15.5,13.8,1.6,73,2024,7,Jul,27,Wed,Summer,0,6.650523148148149,2.0124531874393794,0,Rainy,Warm,Windy,Low humidity
2024-07-04,5.526666666666666,9,15.9,22.3,0.4,58,2024,7,Jul,27,Thu,Summer,0,6.615930555555556,2.022876166299386,0,Rainy,Warm,Windy,Low humidity
2024-07-05,4.795555555555556,9,16.3,18.2,23.1,84,2024,7,Jul,27,Fri,Summer,0,6.487819444444445,2.0120142811568935,0,Rainy,Warm,Windy,High humidity
2024-07-06,2.885555555555555,9,14.5,21.8,9.2,75,2024,7,Jul,27,Sat,Summer,0,6.2041157407407415,1.892478149912742,0,Rainy,Mild,Windy,Low humidity
2024-07-07,3.8133333333333335,9,13.6,15.6,12.3,78,2024,7,Jul,27,Sun,Summer,0,6.031745370370371,1.8658177403921408,0,Rainy,Mild,Windy,Low humidity
2024-07-08,4.036666666666666,9,14.7,10.2,7.1,81,2024,7,Jul,28,Mon,Summer,0,5.961708333333333,1.9008069061208301,0,Rainy,Mild,Calm,High humidity
2024-07-09,5.34,9,17.1,16.8,15.8,89,2024,7,Jul,28,Tue,Summer,0,5.958337962962963,1.9018511756779484,0,Rainy,Warm,Windy,High humidity
2024-07-10,3.241111111111111,9,17.6,21.4,0.2,75,2024,7,Jul,28,Wed,Summer,0,5.898856481481482,1.9590743440864884,0,Rainy,Warm,Windy,Low humidity
2024-07-11,4.937777777777778,9,16.9,12.2,0.3,71,2024,7,Jul,28,Thu,Summer,0,5.901782407407408,1.9575187655661985,0,Rainy,Warm,Calm,Low humidity
2024-07-12,6.00375,8,14.9,14.1,0,73,2024,7,Jul,28,Fri,Summer,0,5.8925324074074075,1.9563190864291427,0,Dry,Warm,Windy,Low humidity
2024-07-13,4.715,8,14.6,9.4,0.6,74,2024,7,Jul,28,Sat,Summer,0,5.803921296296297,1.9471163469459754,0,Rainy,Mild,Calm,Low humidity
2024-07-14,5.38875,8,16,10.5,0.1,76,2024,7,Jul,28,Sun,Summer,0,5.8285833333333334,1.936639649680872,0,Rainy,Warm,Calm,Low humidity
2024-07-15,5.6725,8,16.5,9.7,7.3,83,2024,7,Jul,29,Mon,Summer,0,5.855148148148149,1.928565218237869,0,Rainy,Warm,Calm,High humidity
2024-07-16,5.045555555555556,9,17.4,15,1.1,78,2024,7,Jul,29,Tue,Summer,0,5.809222222222222,1.9309715284786653,0,Rainy,Warm,Windy,Low humidity
2024-07-17,6.833333333333333,9,17.5,7.5,0,75,2024,7,Jul,29,Wed,Summer,0,5.868,1.934528272975638,0,Dry,Warm,Calm,Low humidity
2024-07-18,7.705555555555556,9,19.4,8.3,0,72,2024,7,Jul,29,Thu,Summer,0,5.9372592592592595,1.9626212932710811,0,Dry,Warm,Calm,Low humidity
2024-07-19,8.95111111111111,9,22.3,9.2,0,69,2024,7,Jul,29,Fri,Summer,0,6.039000000000001,2.038220008031219,0,Dry,Warm,Calm,Low humidity
2024-07-20,7.814444444444445,9,19.9,14.5,0.1,78,2024,7,Jul,29,Sat,Summer,0,6.132814814814815,2.0534624134824613,0,Rainy,Warm,Windy,Low humidity
2024-07-21,3.761111111111111,9,19,12,0,71,2024,7,Jul,29,Sun,Summer,0,6.03125925925926,2.0938705798924517,0,Dry,Warm,Calm,Low humidity
2024-07-22,4.081111111111111,9,18.4,20,0.4,76,2024,7,Jul,30,Mon,Summer,0,5.979074074074075,2.123091383724406,0,Rainy,Warm,Windy,Low humidity
2024-07-23,5.001111111111111,9,19.2,12.3,2.1,76,2024,7,Jul,30,Tue,Summer,0,5.967074074074074,2.1277169812689953,0,Rainy,Warm,Calm,Low humidity
2024-07-24,6.515555555555555,9,18.7,12.3,0.5,76,2024,7,Jul,30,Wed,Summer,0,5.973185185185185,2.129064756745801,0,Rainy,Warm,Calm,Low humidity
2024-07-25,4.252222222222223,9,17.9,19.3,2.3,86,2024,7,Jul,30,Thu,Summer,0,5.859888888888889,2.127130023735696,0,Rainy,Warm,Windy,High humidity
2024-07-26,4.562222222222222,9,17.8,13.4,0,71,2024,7,Jul,30,Fri,Summer,0,5.626111111111111,1.8438276702546932,0,Dry,Warm,Windy,Low humidity
2024-07-27,6.227777777777778,9,17.4,9.5,0,68,2024,7,Jul,30,Sat,Summer,0,5.428666666666667,1.3797571296630828,0,Dry,Warm,Calm,Low humidity
2024-07-28,6.4511111111111115,9,18.4,5.5,0,71,2024,7,Jul,30,Sun,Summer,0,5.423555555555556,1.3755289631363603,0,Dry,Warm,Calm,Low humidity
2024-07-29,7.171111111111111,9,20.5,9.4,0,65,2024,7,Jul,31,Mon,Summer,0,5.463259259259259,1.4089289940962735,0,Dry,Warm,Calm,Low humidity
2024-07-30,11.776666666666667,9,22.3,9.2,0,65,2024,7,Jul,31,Tue,Summer,0,5.663777777777778,1.8206811294596001,0,Dry,Warm,Calm,Low humidity
2024-07-31,10.584444444444443,9,21.4,15.3,0.4,64,2024,7,Jul,31,Wed,Summer,0,5.844851851851852,2.026540709996407,0,Rainy,Warm,Windy,Low humidity
2024-08-01,9.817777777777778,9,21.5,6.7,7.6,75,2024,8,Aug,31,Thu,Summer,0,5.989740740740741,2.1504917224127804,0,Rainy,Warm,Calm,Low humidity
2024-08-02,14.944444444444445,9,21.2,9.7,1.5,74,2024,8,Aug,31,Fri,Summer,0,6.2617777777777786,2.7002594353603224,0,Rainy,Warm,Calm,Low humidity
2024-08-03,8.383333333333333,9,20,15.7,0.8,69,2024,8,Aug,31,Sat,Summer,0,6.357,2.723709571147171,0,Rainy,Warm,Windy,Low humidity
2024-08-04,7.014444444444445,9,17.3,10.2,0,63,2024,8,Aug,31,Sun,Summer,0,6.430962962962964,2.7099384765795285,0,Dry,Warm,Calm,Low humidity
2024-08-05,7.544444444444444,9,19.2,15.4,0,74,2024,8,Aug,32,Mon,Summer,0,6.5862592592592595,2.632133322495479,0,Dry,Warm,Windy,Low humidity
2024-08-06,6.135555555555555,9,18.8,14.7,2.2,77,2024,8,Aug,32,Tue,Summer,0,6.663666666666667,2.581431756099407,0,Rainy,Warm,Windy,Low humidity
2024-08-07,6.1177777777777775,9,17.1,15.2,0,69,2024,8,Aug,32,Wed,Summer,0,6.733037037037037,2.535964794035298,0,Dry,Warm,Windy,Low humidity
2024-08-08,7.214444444444444,9,17.8,22,0.1,79,2024,8,Aug,32,Thu,Summer,0,6.795518518518519,2.523520314140508,0,Rainy,Warm,Windy,Low humidity
2024-08-09,4.544444444444444,9,20.3,21.9,0,66,2024,8,Aug,32,Fri,Summer,0,6.838962962962963,2.4708883532813246,0,Dry,Warm,Windy,Low humidity
2024-08-10,6.247777777777777,9,19.1,15.2,0,74,2024,8,Aug,32,Sat,Summer,0,6.88262962962963,2.447596849963168,0,Dry,Warm,Windy,Low humidity
2024-08-11,7.083333333333333,9,21,13.2,0,74,2024,8,Aug,32,Sun,Summer,0,6.918615740740742,2.4421597453049806,0,Dry,Warm,Calm,Low humidity
2024-08-12,7.885555555555555,9,24.3,15.2,0,67,2024,8,Aug,33,Mon,Summer,0,7.024300925925926,2.411925485979882,0,Dry,Warm,Windy,Low humidity
2024-08-13,6.254444444444444,9,19.6,12.6,0,64,2024,8,Aug,33,Tue,Summer,0,7.053157407407408,2.396814144268039,0,Dry,Warm,Calm,Low humidity
2024-08-14,5.4944444444444445,9,19.9,7.6,0.6,77,2024,8,Aug,33,Wed,Summer,0,7.0472222222222225,2.400568450311667,0,Rainy,Warm,Calm,Low humidity
2024-08-15,5.465,8,18.8,22.6,0.1,78,2024,8,Aug,33,Thu,Summer,0,7.061203703703703,2.3897051536180967,0,Rainy,Warm,Windy,Low humidity
2024-08-16,3.865,8,19.3,8.1,1.2,66,2024,8,Aug,33,Fri,Summer,0,6.962259259259259,2.459885924134679,0,Rainy,Warm,Calm,Low humidity
2024-08-17,6.01375,8,17.2,7.7,0,62,2024,8,Aug,33,Sat,Summer,0,6.90586574074074,2.46164997648975,0,Dry,Warm,Calm,Low humidity
2024-08-18,6.69625,8,18.2,12.4,0,65,2024,8,Aug,33,Sun,Summer,0,6.830703703703704,2.43128551051245,0,Dry,Warm,Calm,Low humidity
2024-08-19,15.0875,8,17,16.3,1.7,74,2024,8,Aug,34,Mon,Summer,1,7.073138888888889,2.857941280002163,0,Rainy,Warm,Windy,Low humidity
2024-08-20,12.30375,8,18.9,21.2,0.3,67,2024,8,Aug,34,Tue,Summer,0,7.357893518518519,2.9409371662571933,0,Rainy,Warm,Windy,Low humidity
2024-08-21,5.38625,8,16.2,19.6,0.1,64,2024,8,Aug,34,Wed,Summer,0,7.401398148148148,2.900163649930447,0,Rainy,Warm,Windy,Low humidity
2024-08-22,5.7425,8,17.7,29.4,0.7,78,2024,8,Aug,34,Thu,Summer,0,7.426111111111111,2.8821075261987206,0,Rainy,Warm,Windy,Low humidity
2024-08-23,4.01625,8,18.7,25.2,0.9,65,2024,8,Aug,34,Fri,Summer,0,7.342800925925927,2.9447767537491205,0,Rainy,Warm,Windy,Low humidity
2024-08-24,5.678888888888889,9,15.5,13.4,11.4,82,2024,8,Aug,34,Sat,Summer,0,7.390356481481481,2.9043883228688974,0,Rainy,Warm,Windy,High humidity
2024-08-25,5.221111111111111,9,15.1,20.7,0,70,2024,8,Aug,34,Sun,Summer,0,7.412319444444445,2.884688982857197,0,Dry,Warm,Windy,Low humidity
2024-08-26,6.99,9,17.6,16.8,0,72,2024,8,Aug,35,Mon,Summer,0,7.437726851851852,2.8772432565844763,0,Dry,Warm,Windy,Low humidity
2024-08-27,9.094444444444443,9,18.5,13.8,0,74,2024,8,Aug,35,Tue,Summer,0,7.525837962962964,2.8864471031186287,0,Dry,Warm,Windy,Low humidity
2024-08-28,9.5,8,20.1,10.9,0,70,2024,8,Aug,35,Wed,Summer,0,7.603467592592593,2.907816003055334,0,Dry,Warm,Calm,Low humidity
2024-08-29,7.87125,8,17,12.3,0,68,2024,8,Aug,35,Thu,Summer,0,7.4732870370370375,2.7999638600847363,0,Dry,Warm,Calm,Low humidity
2024-08-30,11.55875,8,16.3,10.5,0,68,2024,8,Aug,35,Fri,Summer,0,7.50576388888889,2.8426201836511606,0,Dry,Warm,Calm,Low humidity
2024-08-31,11.06,8,17.2,20.4,0,74,2024,8,Aug,35,Sat,Summer,0,7.5471712962962965,2.886173607319206,0,Dry,Warm,Windy,Low humidity
2024-09-01,12.5,8,20.7,14.3,0,81,2024,9,Sep,35,Sun,Autumn,0,7.465689814814815,2.6985413035447823,0,Dry,Warm,Windy,High humidity
2024-09-02,13.1875,8,19.5,14.1,1.4,85,2024,9,Sep,36,Mon,Autumn,0,7.625828703703704,2.8905872097464953,0,Rainy,Warm,Windy,High humidity
2024-09-03,5.25375,8,18.2,10.7,2.9,82,2024,9,Sep,36,Tue,Autumn,0,7.5671388888888895,2.9211415454646916,0,Rainy,Warm,Calm,High humidity
2024-09-04,5.6975,8,16.2,8.4,0.6,74,2024,9,Sep,36,Wed,Autumn,0,7.505574074074074,2.9410313560153383,0,Rainy,Warm,Calm,Low humidity
2024-09-05,6.705,8,17.4,18.1,9.2,87,2024,9,Sep,36,Thu,Autumn,0,7.524555555555556,2.933712822856083,0,Rainy,Warm,Windy,High humidity
2024-09-06,15.0125,8,18,9,9.4,91,2024,9,Sep,36,Fri,Autumn,1,7.821046296296297,3.221942776463761,0,Rainy,Warm,Calm,High humidity
2024-09-07,10.172222222222222,9,16.6,5.7,6.2,88,2024,9,Sep,36,Sat,Autumn,0,7.919638888888889,3.247890508165755,0,Rainy,Warm,Calm,High humidity
2024-09-08,10.071111111111112,9,16.1,7.7,8.8,86,2024,9,Sep,36,Sun,Autumn,0,8.103861111111112,3.2063178484228514,0,Rainy,Warm,Calm,High humidity
2024-09-09,5.72,9,15.1,16.4,0,77,2024,9,Sep,37,Mon,Autumn,0,8.08626851851852,3.2182786879479512,0,Dry,Warm,Windy,Low humidity
2024-09-10,7.377777777777777,9,14.2,22.2,2.2,78,2024,9,Sep,37,Tue,Autumn,0,8.096083333333333,3.215562394699903,0,Rainy,Mild,Windy,Low humidity
2024-09-11,4.705555555555556,9,11.1,19.5,3.9,69,2024,9,Sep,37,Wed,Autumn,0,7.990083333333334,3.2746133258368695,0,Rainy,Mild,Windy,Low humidity
2024-09-12,3.34,9,9.7,13.4,2.6,76,2024,9,Sep,37,Thu,Autumn,0,7.892935185185185,3.3697302683028028,0,Rainy,Mild,Windy,Low humidity
2024-09-13,4.547777777777778,9,10.7,7.9,0,69,2024,9,Sep,37,Fri,Autumn,0,7.86137962962963,3.397285062124467,0,Dry,Mild,Calm,Low humidity
2024-09-14,8.494444444444444,9,11.8,10.1,0,73,2024,9,Sep,37,Sat,Autumn,0,7.962361111111111,3.368500361867148,0,Dry,Mild,Calm,Low humidity
2024-09-15,6.071111111111112,9,13.6,10.6,1.5,81,2024,9,Sep,37,Sun,Autumn,0,8.035898148148148,3.299337830964868,0,Rainy,Mild,Calm,High humidity
2024-09-16,5.445555555555555,9,15,11.4,0,75,2024,9,Sep,38,Mon,Autumn,0,8.016958333333333,3.312949012787844,0,Dry,Warm,Calm,Low humidity
2024-09-17,4.657777777777778,9,14.9,16.5,0,73,2024,9,Sep,38,Tue,Autumn,0,7.94900925925926,3.361519642403578,0,Dry,Warm,Windy,Low humidity
2024-09-18,6.955555555555556,9,17.5,20,0,77,2024,9,Sep,38,Wed,Autumn,0,7.677944444444445,3.0823145751905496,0,Dry,Warm,Windy,Low humidity
2024-09-19,18.255555555555556,9,18.3,20,0.1,79,2024,9,Sep,38,Thu,Autumn,1,7.876337962962963,3.5468597631635963,0,Rainy,Warm,Windy,Low humidity
2024-09-20,25.155555555555555,9,17.5,18.7,4.3,80,2024,9,Sep,38,Fri,Autumn,1,8.535314814814816,4.7130395749543474,1,Rainy,Warm,Windy,High humidity
2024-09-21,22.122222222222224,9,18.3,13.1,0.6,80,2024,9,Sep,38,Sat,Autumn,1,9.081305555555556,5.291602262583105,0,Rainy,Warm,Calm,High humidity
2024-09-22,20.322222222222223,9,17.3,10.4,18.8,88,2024,9,Sep,38,Sun,Autumn,1,9.624837962962964,5.582828278547939,0,Rainy,Warm,Calm,High humidity
2024-09-23,10.032222222222222,9,15.7,16.4,51.6,90,2024,9,Sep,39,Mon,Autumn,0,9.769949074074075,5.533082033355342,0,Rainy,Warm,Windy,High humidity
2024-09-24,7.192222222222222,9,14.5,13.2,2.4,80,2024,9,Sep,39,Tue,Autumn,0,9.835652777777778,5.488728721776594,0,Rainy,Mild,Calm,High humidity
2024-09-25,5.851111111111111,9,13.7,12,10,83,2024,9,Sep,39,Wed,Autumn,0,9.797689814814815,5.512974487895538,0,Rainy,Mild,Calm,High humidity
2024-09-26,4.9255555555555555,9,13.7,19,13.1,87,2024,9,Sep,39,Thu,Autumn,0,9.658726851851851,5.583403857549505,0,Rainy,Mild,Windy,High humidity
2024-09-27,3.9733333333333336,9,10.5,19.3,2.9,77,2024,9,Sep,39,Fri,Autumn,0,9.47450462962963,5.6791753010163815,0,Rainy,Mild,Windy,Low humidity
2024-09-28,5.585,8,9.3,9.4,0,75,2024,9,Sep,39,Sat,Autumn,0,9.398296296296298,5.716646956838993,0,Dry,Mild,Calm,Low humidity
2024-09-29,7.4975,8,11,18.4,5.1,72,2024,9,Sep,39,Sun,Autumn,0,9.262921296296296,5.7118062698975125,0,Rainy,Mild,Windy,Low humidity
2024-09-30,2.657777777777778,9,13.9,25.2,11.7,84,2024,9,Sep,40,Mon,Autumn,0,8.982847222222222,5.8255157519320475,0,Rainy,Mild,Windy,High humidity
2024-10-01,2.6277777777777778,9,12.5,22,12.7,86,2024,10,Oct,40,Tue,Autumn,0,8.653773148148149,5.898363978604559,0,Rainy,Mild,Windy,High humidity
2024-10-02,4.015555555555555,9,13.7,20,1,83,2024,10,Oct,40,Wed,Autumn,0,8.348041666666667,5.892966181886443,0,Rainy,Mild,Windy,High humidity
2024-10-03,5.315555555555556,9,11.3,12.3,0,80,2024,10,Oct,40,Thu,Autumn,0,8.350101851851852,5.891857812414695,0,Dry,Mild,Calm,High humidity
2024-10-04,8.546666666666667,9,10.2,7,0,80,2024,10,Oct,40,Fri,Autumn,0,8.445074074074075,5.8705501575641295,0,Dry,Mild,Calm,High humidity
2024-10-05,9.056666666666668,9,11.8,13.1,0,74,2024,10,Oct,40,Sat,Autumn,0,8.523462962962963,5.8622087710939175,0,Dry,Mild,Calm,Low humidity
2024-10-06,6.0777777777777775,9,13.8,16.9,4,82,2024,10,Oct,40,Sun,Autumn,0,8.22563888888889,5.7469993897411715,0,Rainy,Mild,Windy,High humidity
2024-10-07,5.2877777777777775,9,14.1,14.9,10.7,86,2024,10,Oct,41,Mon,Autumn,0,8.062824074074074,5.759126606741173,0,Rainy,Mild,Windy,High humidity
2024-10-08,5.448888888888889,9,14.1,18.2,3.9,85,2024,10,Oct,41,Tue,Autumn,0,7.90875,5.7653719999066295,0,Rainy,Mild,Windy,High humidity
2024-10-09,4.65,9,13.8,16,2.1,84,2024,10,Oct,41,Wed,Autumn,0,7.873083333333333,5.78266307905044,0,Rainy,Mild,Windy,High humidity
2024-10-10,4.551111111111111,9,9.2,13.7,3.3,79,2024,10,Oct,41,Thu,Autumn,0,7.7788611111111114,5.813955900944273,0,Rainy,Mild,Windy,Low humidity
2024-10-11,7.997777777777777,9,7.2,6.3,0,77,2024,10,Oct,41,Fri,Autumn,0,7.888601851851852,5.784944311386368,0,Dry,Cool,Calm,Low humidity
2024-10-12,6.191111111111112,9,10.6,16.5,3.4,79,2024,10,Oct,41,Sat,Autumn,0,7.98363888888889,5.730807774637041,0,Rainy,Mild,Windy,Low humidity
2024-10-13,4.653333333333333,9,7.9,9,0,73,2024,10,Oct,41,Sun,Autumn,0,7.987157407407408,5.728657533250345,0,Dry,Cool,Calm,Low humidity
2024-10-14,7.298888888888889,9,10.3,15.3,14.1,87,2024,10,Oct,42,Mon,Autumn,0,7.947305555555556,5.729165327597661,0,Rainy,Mild,Windy,High humidity
2024-10-15,12.337777777777776,9,13.3,14.9,0.2,91,2024,10,Oct,42,Tue,Autumn,0,8.156194444444445,5.772478786511917,0,Rainy,Mild,Windy,High humidity
2024-10-16,13.99,9,17.3,17.7,7.6,88,2024,10,Oct,42,Wed,Autumn,0,8.441009259259259,5.844466786666852,0,Rainy,Warm,Windy,High humidity
2024-10-17,5.782222222222222,9,14.5,11.3,1.3,87,2024,10,Oct,42,Thu,Autumn,0,8.47849074074074,5.822933645080575,0,Rainy,Mild,Calm,High humidity
2024-10-18,7.704444444444444,9,11.5,10.6,0.8,89,2024,10,Oct,42,Fri,Autumn,0,8.503453703703704,5.8177826455655515,0,Rainy,Mild,Calm,High humidity
2024-10-19,5.804444444444444,9,13.6,13.5,7.1,86,2024,10,Oct,42,Sat,Autumn,0,8.088416666666667,5.5353557671838445,0,Rainy,Mild,Windy,High humidity
2024-10-20,7.4255555555555555,9,14,24.8,3.6,87,2024,10,Oct,42,Sun,Autumn,0,7.497416666666667,4.499955806716206,0,Rainy,Mild,Windy,High humidity
2024-10-21,9.143333333333333,9,12.3,13.8,1.7,86,2024,10,Oct,43,Mon,Autumn,0,7.064787037037037,3.574080628600419,0,Rainy,Mild,Windy,High humidity
2024-10-22,7.308888888888888,9,11.2,12,0.2,89,2024,10,Oct,43,Tue,Autumn,0,6.631009259259259,2.553581805352838,0,Rainy,Mild,Calm,High humidity
2024-10-23,7.55,9,11.5,9.5,0.2,91,2024,10,Oct,43,Wed,Autumn,0,6.548268518518518,2.4786921921478933,0,Rainy,Mild,Calm,High humidity
2024-10-24,6.83,9,12.6,12.1,0,88,2024,10,Oct,43,Thu,Autumn,0,6.536194444444445,2.476328325372581,0,Dry,Mild,Calm,High humidity
2024-10-25,10.2,9,13.8,10.6,4.2,92,2024,10,Oct,43,Fri,Autumn,0,6.681157407407408,2.5606946890989883,0,Rainy,Mild,Calm,High humidity
2024-10-26,10.843333333333334,9,11.6,5.6,0,94,2024,10,Oct,43,Sat,Autumn,0,6.878416666666666,2.6472614056653905,0,Dry,Mild,Calm,High humidity
2024-10-27,10.01375,8,10.2,8.5,0.1,88,2024,10,Oct,43,Sun,Autumn,0,7.079763888888889,2.6483982170650147,0,Rainy,Mild,Calm,High humidity
2024-10-28,4.5375,4,13.6,19.3,0.4,88,2024,10,Oct,44,Mon,Autumn,0,7.044847222222222,2.6755508086304607,0,Rainy,Mild,Windy,High humidity
2024-10-29,5.5375,4,13.9,8.4,0.6,90,2024,10,Oct,44,Tue,Autumn,0,6.979513888888889,2.688017725818427,0,Rainy,Mild,Calm,High humidity
2024-10-30,10.68,4,10.5,5.9,0,91,2024,10,Oct,44,Wed,Autumn,0,7.246921296296296,2.64189542937917,0,Dry,Mild,Calm,High humidity
2024-10-31,17.025,4,9.8,4,0,94,2024,10,Oct,44,Thu,Autumn,1,7.726828703703704,3.050006981530049,0,Dry,Mild,Calm,High humidity
2024-11-01,15.975,4,10.1,7.5,0,91,2024,11,Nov,44,Fri,Autumn,1,8.125476851851852,3.318001610890577,0,Dry,Mild,Calm,High humidity
2024-11-02,8.4175,4,12.2,9.7,0.1,88,2024,11,Nov,44,Sat,Autumn,0,8.228875,3.275477277792754,0,Rainy,Mild,Calm,High humidity
2024-11-03,14.8,4,11.9,10.1,0,84,2024,11,Nov,44,Sun,Autumn,0,8.437319444444444,3.4884489694062384,0,Dry,Mild,Calm,High humidity
2024-11-04,20.4,4,10.9,8.8,0,86,2024,11,Nov,45,Mon,Autumn,1,8.815430555555556,4.116167052316135,0,Dry,Mild,Calm,High humidity
2024-11-05,36.875,4,10.8,4.4,0,90,2024,11,Nov,45,Tue,Autumn,1,9.84200462962963,6.537876829420972,1,Dry,Mild,Calm,High humidity
2024-11-06,28.725,4,10.8,3.7,0,91,2024,11,Nov,45,Wed,Autumn,1,10.62324537037037,7.327528606170623,1,Dry,Mild,Calm,High humidity
2024-11-07,21.15,4,10.9,10,0,88,2024,11,Nov,45,Thu,Autumn,1,11.14661574074074,7.503812112682428,0,Dry,Mild,Calm,High humidity
2024-11-08,23.525,4,8.7,10.2,0.2,83,2024,11,Nov,45,Fri,Autumn,1,11.775782407407407,7.728254365067698,0,Rainy,Cool,Calm,High humidity
2024-11-09,24.475,4,7.8,2.8,0,81,2024,11,Nov,45,Sat,Autumn,1,12.439912037037036,7.939195124627528,1,Dry,Cool,Calm,High humidity
2024-11-10,23.9,4,8.6,7,0,91,2024,11,Nov,45,Sun,Autumn,1,12.96998611111111,8.160175499299726,0,Dry,Cool,Calm,High humidity
2024-11-11,9.37,4,8.8,11.8,0,84,2024,11,Nov,46,Mon,Autumn,0,13.075949074074073,8.089446872635863,0,Dry,Cool,Calm,High humidity
2024-11-12,7.0125,4,8.9,17.7,0,81,2024,11,Nov,46,Tue,Autumn,0,13.154587962962962,8.015878223150752,0,Dry,Cool,Windy,High humidity
2024-11-13,11.875,4,8.6,7.2,0,85,2024,11,Nov,46,Wed,Autumn,0,13.307125000000001,7.943821963491607,0,Dry,Cool,Calm,High humidity
2024-11-14,14.975,4,9.5,6.1,0.5,87,2024,11,Nov,46,Thu,Autumn,0,13.395032407407406,7.947316302292805,0,Rainy,Mild,Calm,High humidity
2024-11-15,15.65,4,8.1,4.7,0,82,2024,11,Nov,46,Fri,Autumn,1,13.450365740740741,7.957374144358943,0,Dry,Cool,Calm,High humidity
2024-11-16,12.075,4,7.5,8.7,0.6,90,2024,11,Nov,46,Sat,Autumn,0,13.660124999999999,7.830192520689761,0,Rainy,Cool,Calm,High humidity
2024-11-17,4.2725,4,8.2,11.4,0.5,83,2024,11,Nov,46,Sun,Autumn,0,13.545726851851851,7.944441337084043,0,Rainy,Cool,Calm,High humidity
2024-11-18,6.4675,4,7.1,5.5,10.8,93,2024,11,Nov,47,Mon,Autumn,0,13.567828703703704,7.923055584140685,0,Rainy,Cool,Calm,High humidity
2024-11-19,4.4,4,4.2,12.5,9.5,91,2024,11,Nov,47,Tue,Autumn,0,13.466976851851852,8.022567124455513,0,Rainy,Cool,Calm,High humidity
2024-11-20,5.66,4,1.4,11.7,0,77,2024,11,Nov,47,Wed,Autumn,0,13.35086574074074,8.112009945480915,0,Dry,Cool,Calm,Low humidity
2024-11-21,8.0375,4,0.5,7.1,0,85,2024,11,Nov,47,Thu,Autumn,0,13.375152777777778,8.094368265105746,0,Dry,Cool,Calm,High humidity
2024-11-22,6.585,4,3,12.9,1.5,77,2024,11,Nov,47,Fri,Autumn,0,13.342986111111111,8.12019164830562,0,Rainy,Cool,Calm,Low humidity
2024-11-23,5.03,4,8.7,22.2,11.6,86,2024,11,Nov,47,Sat,Autumn,0,13.28298611111111,8.17643082438187,0,Rainy,Cool,Windy,High humidity
2024-11-24,10.19,4,15.9,29.4,7.4,75,2024,11,Nov,47,Sun,Autumn,0,13.282652777777777,8.176561047075555,0,Rainy,Warm,Windy,Low humidity
2024-11-25,5.885,4,10,15,1.4,77,2024,11,Nov,48,Mon,Autumn,0,13.117375000000001,8.277063970318823,0,Rainy,Mild,Windy,Low humidity
2024-11-26,7.8,4,6.9,7.8,0.6,82,2024,11,Nov,48,Tue,Autumn,0,13.043583333333334,8.315466444589381,0,Rainy,Cool,Calm,High humidity
2024-11-27,6.925,4,5.9,11.2,18,90,2024,11,Nov,48,Wed,Autumn,0,13.123166666666666,8.242355050688438,0,Rainy,Cool,Calm,High humidity
2024-11-28,18.02,5,2.4,4.4,0,93,2024,11,Nov,48,Thu,Autumn,1,13.539250000000001,8.16088011729085,0,Dry,Cool,Calm,High humidity
2024-11-29,7.4075,4,6.3,9.8,0,80,2024,11,Nov,48,Fri,Autumn,0,13.430166666666667,8.22205829726828,0,Dry,Cool,Calm,High humidity
2024-11-30,10.39,4,11.5,10.5,0,91,2024,11,Nov,48,Sat,Autumn,0,13.209,8.21125674471248,0,Dry,Mild,Calm,High humidity
2024-12-01,7.1375,4,11.7,14.7,2.2,92,2024,12,Dec,48,Sun,Winter,0,12.914416666666666,8.266939471507863,0,Rainy,Mild,Windy,High humidity
2024-12-02,3.4425,4,8.9,13,0.4,86,2024,12,Dec,49,Mon,Winter,0,12.748583333333332,8.408936714820166,0,Rainy,Cool,Calm,High humidity
2024-12-03,9.8375,4,5.6,4.4,0,85,2024,12,Dec,49,Tue,Winter,0,12.583166666666667,8.415997695617774,0,Dry,Cool,Calm,High humidity
2024-12-04,9.115,4,6.2,8.9,0.8,88,2024,12,Dec,49,Wed,Winter,0,12.206999999999999,8.306046312465853,0,Rainy,Cool,Calm,High humidity
2024-12-05,1.84,5,11.8,20.9,8.4,88,2024,12,Dec,49,Thu,Winter,0,11.039166666666667,7.092422326259413,0,Rainy,Mild,Windy,High humidity
2024-12-06,6.157500000000001,4,8.1,16.1,0.6,74,2024,12,Dec,49,Fri,Winter,0,10.286916666666666,6.304997322982468,0,Rainy,Cool,Windy,Low humidity
2024-12-07,2.255,4,8,25.7,5.9,80,2024,12,Dec,49,Sat,Winter,0,9.657083333333334,6.123558665153353,0,Rainy,Cool,Windy,High humidity
2024-12-08,3.0225,4,7.1,24.7,8.1,83,2024,12,Dec,49,Sun,Winter,0,8.973666666666668,5.648093923728993,0,Rainy,Cool,Windy,High humidity
2024-12-09,5.9,4,7.3,18.5,0.2,81,2024,12,Dec,50,Mon,Winter,0,8.3545,4.852241057064464,0,Rainy,Cool,Windy,High humidity
2024-12-10,4.455,4,6.7,17.2,0,80,2024,12,Dec,50,Tue,Winter,0,7.706333333333333,3.9116227524483063,0,Dry,Cool,Windy,High humidity
2024-12-11,5.09,4,6.2,11.9,0.1,83,2024,12,Dec,50,Wed,Winter,0,7.563666666666666,3.9268737419297643,0,Rainy,Cool,Calm,High humidity
2024-12-12,6.91,4,6.4,5.7,0.3,92,2024,12,Dec,50,Thu,Winter,0,7.56025,3.927414387552162,0,Rainy,Cool,Calm,High humidity
2024-12-13,17,5,5.1,5,0,88,2024,12,Dec,50,Fri,Winter,1,7.731083333333333,4.221983604084805,0,Dry,Cool,Calm,High humidity
2024-12-14,9.735,4,5.4,9.7,0.3,87,2024,12,Dec,50,Sat,Winter,0,7.556416666666666,4.015295415943745,0,Rainy,Cool,Calm,High humidity
2024-12-15,2.6225,4,9.1,13.1,0,90,2024,12,Dec,50,Sun,Winter,0,7.122166666666667,3.8089530268722847,0,Dry,Mild,Calm,High humidity
2024-12-16,2.25,4,10.1,14.5,0.2,83,2024,12,Dec,51,Mon,Winter,0,6.794666666666667,3.7907570628036034,0,Rainy,Mild,Windy,High humidity
2024-12-17,5.824999999999999,4,8.5,11.7,0,91,2024,12,Dec,51,Tue,Winter,0,6.846416666666667,3.7656520296401967,0,Dry,Cool,Calm,High humidity
2024-12-18,4.7575,4,12.7,22.1,3.8,86,2024,12,Dec,51,Wed,Winter,0,6.789416666666667,3.7844803134401546,0,Rainy,Mild,Windy,High humidity
2024-12-19,3.82,4,6.5,17.4,3,79,2024,12,Dec,51,Thu,Winter,0,6.770083333333333,3.79856304973553,0,Rainy,Cool,Windy,Low humidity
2024-12-20,5.0024999999999995,4,5.5,11.7,0.7,86,2024,12,Dec,51,Fri,Winter,0,6.748166666666666,3.807076041860176,0,Rainy,Cool,Calm,High humidity
2024-12-21,5.915,4,8.2,17.2,2.3,86,2024,12,Dec,51,Sat,Winter,0,6.677416666666667,3.802007777394441,0,Rainy,Cool,Windy,High humidity
2024-12-22,6.43,4,5.6,20.6,1.8,68,2024,12,Dec,51,Sun,Winter,0,6.672250000000001,3.802243005779615,0,Rainy,Cool,Windy,Low humidity
2024-12-23,8.8575,4,5.2,11.8,1.7,75,2024,12,Dec,52,Mon,Winter,0,6.799833333333334,3.80944611625413,0,Rainy,Cool,Calm,Low humidity
2024-12-24,7.91,4,9.4,8.8,0,97,2024,12,Dec,52,Tue,Winter,0,6.723833333333333,3.7619257342330745,0,Dry,Mild,Calm,High humidity
2024-12-25,5.885,4,9.3,6.6,0,94,2024,12,Dec,52,Wed,Winter,0,6.723833333333333,3.7619257342330745,0,Dry,Mild,Calm,High humidity
2024-12-26,7.525,4,7.4,3,0,93,2024,12,Dec,52,Thu,Winter,0,6.714666666666667,3.7595473139391564,0,Dry,Cool,Calm,High humidity
2024-12-27,9.445,4,6.5,2.1,0,96,2024,12,Dec,52,Fri,Winter,0,6.798666666666667,3.79241749923525,0,Dry,Cool,Calm,High humidity
2024-12-28,7.672499999999999,4,5.4,4.2,0,94,2024,12,Dec,52,Sat,Winter,0,6.45375,3.1533601228935417,0,Dry,Cool,Calm,High humidity
2024-12-29,5.25,4,5.8,8.6,0,93,2024,12,Dec,52,Sun,Winter,0,6.381833333333334,3.155460164631256,0,Dry,Cool,Calm,High humidity
2024-12-30,2.43,4,7.4,12.9,0,89,2024,12,Dec,1,Mon,Winter,0,6.1165,3.1414386666862884,0,Dry,Cool,Calm,High humidity
2024-12-31,4.2525,4,9.5,18.2,0,85,2024,12,Dec,1,Tue,Winter,0,6.020333333333334,3.1532418138768885,0,Dry,Mild,Windy,High humidity
2025-01-01,3.4000000000000004,4,8.8,21.2,10.5,87,2025,1,Jan,1,Wed,Winter,0,6.018916666666667,3.154449217138508,0,Rainy,Cool,Windy,High humidity
2025-01-02,6.345,4,1.9,7.6,0,86,2025,1,Jan,1,Thu,Winter,0,5.902500000000001,3.072032420020201,0,Dry,Cool,Calm,High humidity
2025-01-03,10.405,4,0.3,8.7,0,86,2025,1,Jan,1,Fri,Winter,0,5.9455,3.1270840912570774,0,Dry,Cool,Calm,High humidity
2025-01-04,9.55,4,0.8,7.1,3.5,88,2025,1,Jan,1,Sat,Winter,0,6.202500000000001,3.094694082703045,0,Rainy,Cool,Calm,High humidity
2025-01-05,2.5125,4,8.1,18.3,22.3,94,2025,1,Jan,1,Sun,Winter,0,6.081,3.1672245001708923,0,Rainy,Cool,Windy,High humidity
2025-01-06,2.9450000000000003,4,6.9,20.9,6.9,86,2025,1,Jan,2,Mon,Winter,0,6.104,3.140878254071073,0,Rainy,Cool,Windy,High humidity
2025-01-07,4.69,4,2.4,11.1,0.1,82,2025,1,Jan,2,Tue,Winter,0,6.159583333333333,3.0989399663804207,0,Rainy,Cool,Calm,High humidity
2025-01-08,8.52,4,0.6,7.6,3.2,93,2025,1,Jan,2,Wed,Winter,0,6.2469166666666665,3.1281525259447807,0,Rainy,Cool,Calm,High humidity
2025-01-09,13.025,4,0.9,9.6,0.4,88,2025,1,Jan,2,Thu,Winter,0,6.532583333333333,3.3428157320854766,0,Rainy,Cool,Calm,High humidity
2025-01-10,22.625,4,-0.8,3.7,0,90,2025,1,Jan,2,Fri,Winter,1,7.117083333333334,4.436112438881852,0,Dry,Cool,Calm,High humidity
2025-01-11,43.7,4,-2.3,2.2,0,95,2025,1,Jan,2,Sat,Winter,1,8.343416666666666,8.016886958254856,1,Dry,Cool,Calm,High humidity
2025-01-12,35.449999999999996,4,-0.5,3,0,92,2025,1,Jan,2,Sun,Winter,1,8.958416666666666,9.307630339453729,1,Dry,Cool,Calm,High humidity
2025-01-13,11.296666666666669,3,3.3,9,0,83,2025,1,Jan,3,Mon,Winter,0,9.010472222222223,9.316486187370751,0,Dry,Cool,Calm,High humidity
2025-01-14,12.5,3,5.4,8.3,0,90,2025,1,Jan,3,Tue,Winter,0,9.339722222222223,9.257297176914618,0,Dry,Cool,Calm,High humidity
2025-01-15,11.833333333333334,3,8.6,4.2,0,96,2025,1,Jan,3,Wed,Winter,0,9.659166666666668,9.169141599017612,0,Dry,Cool,Calm,High humidity
2025-01-16,11.833333333333334,3,7.4,5.8,0,91,2025,1,Jan,3,Thu,Winter,0,9.859444444444446,9.148100242278948,0,Dry,Cool,Calm,High humidity
2025-01-17,20.075,4,5.2,5.7,0,86,2025,1,Jan,3,Fri,Winter,1,10.370027777777779,9.280032850021472,0,Dry,Cool,Calm,High humidity
2025-01-18,25.375,4,2.5,4.3,0,91,2025,1,Jan,3,Sat,Winter,1,11.088527777777779,9.584848570075103,1,Dry,Cool,Calm,High humidity
2025-01-19,21.6,4,2.5,5.6,0.2,84,2025,1,Jan,3,Sun,Winter,1,11.641777777777778,9.699767307053474,0,Rainy,Cool,Calm,High humidity
2025-01-20,18.174999999999997,4,3.6,4.2,0.1,89,2025,1,Jan,4,Mon,Winter,1,12.050444444444445,9.708431891693824,0,Rainy,Cool,Calm,High humidity
2025-01-21,20.950000000000003,4,2.3,5.1,0,93,2025,1,Jan,4,Tue,Winter,1,12.534444444444444,9.780241971140006,0,Dry,Cool,Calm,High humidity
2025-01-22,26.125,4,3.3,5.5,1,93,2025,1,Jan,4,Wed,Winter,1,13.110027777777779,10.060481328137312,1,Rainy,Cool,Calm,High humidity
2025-01-23,9.72,4,4.7,14.4,4.7,87,2025,1,Jan,4,Thu,Winter,0,13.170361111111111,10.033612558367201,0,Rainy,Cool,Windy,High humidity
2025-01-24,9.4175,4,9,20.3,3.8,75,2025,1,Jan,4,Fri,Winter,0,13.288111111111112,9.965664460945298,0,Rainy,Mild,Windy,Low humidity
2025-01-25,8.41,4,5.2,7.4,2.1,80,2025,1,Jan,4,Sat,Winter,0,13.317611111111113,9.949312898004617,0,Rainy,Cool,Calm,High humidity
2025-01-26,5.325,4,5,18,11,84,2025,1,Jan,4,Sun,Winter,0,13.180277777777778,10.032696356640454,0,Rainy,Cool,Windy,High humidity
2025-01-27,4.9825,4,7.6,23.1,6.3,79,2025,1,Jan,5,Mon,Winter,0,13.090611111111112,10.095443886097508,0,Rainy,Cool,Windy,Low humidity
2025-01-28,4.3966666666666665,3,8.3,19.8,4,83,2025,1,Jan,5,Tue,Winter,0,13.062166666666666,10.119470555316784,0,Rainy,Cool,Windy,High humidity
2025-01-29,6.696666666666666,3,6,9.3,0.2,86,2025,1,Jan,5,Wed,Winter,0,13.20438888888889,9.994095934143742,0,Rainy,Cool,Calm,High humidity
2025-01-30,5.008,5,4.5,9.5,0,79,2025,1,Jan,5,Thu,Winter,0,13.229572222222224,9.971687684113872,0,Dry,Cool,Calm,Low humidity
2025-01-31,6.445,4,5.3,7.7,3.5,91,2025,1,Jan,5,Fri,Winter,0,13.331072222222222,9.883289563846727,0,Rainy,Cool,Calm,High humidity
2025-02-01,10.7475,4,5,7.5,0,86,2025,2,Feb,5,Sat,Winter,0,13.477822222222223,9.80838230350702,0,Dry,Cool,Calm,High humidity
2025-02-02,16.375,4,3.3,6.6,0,85,2025,2,Feb,5,Sun,Winter,1,13.676822222222222,9.80444992497233,0,Dry,Cool,Calm,High humidity
2025-02-03,14.925,4,4.3,8.8,0,93,2025,2,Feb,6,Mon,Winter,0,13.85598888888889,9.77550453215126,0,Dry,Cool,Calm,High humidity
2025-02-04,6.48,4,8.2,15.3,0.2,87,2025,2,Feb,6,Tue,Winter,0,13.98823888888889,9.642685179981573,0,Rainy,Cool,Windy,High humidity
2025-02-05,8.945,4,5.7,7.4,0,84,2025,2,Feb,6,Wed,Winter,0,14.18823888888889,9.466348894282433,0,Dry,Cool,Calm,High humidity
2025-02-06,10.205,4,3.8,11.1,0,84,2025,2,Feb,6,Thu,Winter,0,14.372072222222222,9.328075695932604,0,Dry,Cool,Calm,High humidity
2025-02-07,11.625,4,3.5,16.8,4.7,86,2025,2,Feb,6,Fri,Winter,0,14.475572222222223,9.277996176498323,0,Rainy,Cool,Windy,High humidity
2025-02-08,21.125,4,4.7,9.6,2.1,90,2025,2,Feb,6,Sat,Winter,1,14.745572222222222,9.351892503442556,0,Rainy,Cool,Calm,High humidity
2025-02-09,17.4,4,3.4,10,1,90,2025,2,Feb,6,Sun,Winter,1,14.571405555555556,9.248167558236448,0,Rainy,Cool,Calm,High humidity
2025-02-10,36.725,4,3.5,14.9,3.5,90,2025,2,Feb,7,Mon,Winter,1,14.338905555555556,8.552101047295228,1,Rainy,Cool,Windy,High humidity
2025-02-11,27.975,4,3.8,6.2,0,88,2025,2,Feb,7,Tue,Winter,1,14.08973888888889,8.00736036318982,1,Dry,Cool,Calm,High humidity
2025-02-12,20.4,4,4.3,6.9,0.2,85,2025,2,Feb,7,Wed,Winter,1,14.393183333333333,8.070107819899832,0,Rainy,Cool,Calm,High humidity
2025-02-13,23.45,4,3.4,8.1,0.2,81,2025,2,Feb,7,Thu,Winter,1,14.758183333333333,8.227618756190774,0,Rainy,Cool,Calm,High humidity
2025-02-14,22.175,4,2.4,9.6,0,76,2025,2,Feb,7,Fri,Winter,1,15.102905555555557,8.317010033761665,0,Dry,Cool,Calm,Low humidity
2025-02-15,25.45,4,3.2,7.5,0.9,84,2025,2,Feb,7,Sat,Winter,1,15.556794444444446,8.501924383320512,1,Rainy,Cool,Calm,High humidity
2025-02-16,20.675,4,2.7,10.8,0,78,2025,2,Feb,7,Sun,Winter,1,15.576794444444443,8.513617236497359,0,Dry,Cool,Calm,Low humidity
2025-02-17,18.375,4,1.7,9.5,0,76,2025,2,Feb,8,Mon,Winter,1,15.343461111111111,8.329756514069576,0,Dry,Cool,Calm,Low humidity
2025-02-18,28.525,4,2.5,10.4,0,76,2025,2,Feb,8,Tue,Winter,1,15.574294444444444,8.600662828716349,1,Dry,Cool,Calm,Low humidity
2025-02-19,31.299999999999997,4,4.8,8.6,0,81,2025,2,Feb,8,Wed,Winter,1,16.011794444444444,9.059121122854602,1,Dry,Cool,Calm,High humidity
2025-02-20,5.26,4,11.2,18.2,3.1,91,2025,2,Feb,8,Thu,Winter,0,15.488794444444444,9.215751002579168,0,Rainy,Mild,Windy,High humidity
2025-02-21,8.6125,4,12.7,17.1,6.3,87,2025,2,Feb,8,Fri,Winter,0,14.905044444444446,9.072321613864311,0,Rainy,Mild,Windy,High humidity
2025-02-22,7.315,4,10.2,9.4,5.1,87,2025,2,Feb,8,Sat,Winter,0,14.824877777777777,9.130160047773344,0,Rainy,Mild,Calm,High humidity
2025-02-23,5.345,4,9.1,18.6,2,87,2025,2,Feb,8,Sun,Winter,0,14.689127777777777,9.242910347033634,0,Rainy,Mild,Windy,High humidity
2025-02-24,4.405,4,10.3,16.2,13.2,86,2025,2,Feb,9,Mon,Winter,0,14.555627777777778,9.364849042021614,0,Rainy,Mild,Windy,High humidity
2025-02-25,5.63,4,8,8.7,0.8,80,2025,2,Feb,9,Tue,Winter,0,14.565794444444444,9.354642533648388,0,Rainy,Cool,Calm,High humidity
2025-02-26,4.28,4,5.4,12.4,5.8,87,2025,2,Feb,9,Wed,Winter,0,14.542377777777778,9.380302832722872,0,Rainy,Cool,Calm,High humidity
2025-02-27,6.1925,4,5.6,11.2,0,75,2025,2,Feb,9,Thu,Winter,0,14.602238888888888,9.318853452024712,0,Dry,Cool,Calm,Low humidity
2025-02-28,12.475,4,4.7,4.9,0,77,2025,2,Feb,9,Fri,Winter,0,14.79485,9.208886192104773,0,Dry,Cool,Calm,Low humidity
2025-03-01,12.825,4,4,3.8,0,84,2025,3,Mar,9,Sat,Spring,0,15.055416666666668,9.03129613896658,0,Dry,Cool,Calm,High humidity
2025-03-02,17.625,4,3.7,2.7,0,85,2025,3,Mar,9,Sun,Spring,1,15.428083333333335,8.893356797190048,0,Dry,Cool,Calm,High humidity
2025-03-03,26.674999999999997,4,4.3,2.4,0,81,2025,3,Mar,10,Mon,Spring,1,15.959,9.077807644906947,1,Dry,Cool,Calm,High humidity
2025-03-04,24.3,4,5.3,4.2,0,78,2025,3,Mar,10,Tue,Spring,1,16.223166666666668,9.204753010727977,0,Dry,Cool,Calm,Low humidity
2025-03-05,36.6,4,6.5,6.8,0,77,2025,3,Mar,10,Wed,Spring,1,16.945666666666668,9.922052718247276,1,Dry,Cool,Calm,Low humidity
2025-03-06,21.825,4,9.6,8.1,0,69,2025,3,Mar,10,Thu,Spring,1,17.45716666666667,9.758101005312717,0,Dry,Mild,Calm,Low humidity
2025-03-07,12.275,4,12.2,10.2,0,74,2025,3,Mar,10,Fri,Spring,0,17.568166666666666,9.676533580081081,0,Dry,Mild,Calm,Low humidity
2025-03-08,27.825,4,11.1,9.4,0,71,2025,3,Mar,10,Sat,Spring,1,18.1555,9.748671624804881,1,Dry,Mild,Calm,Low humidity
2025-03-09,39.275,4,10.9,9.3,0,72,2025,3,Mar,10,Sun,Spring,1,19.077166666666667,10.39556125712194,1,Dry,Mild,Calm,Low humidity
2025-03-10,61.18,5,9.1,9.2,0.4,80,2025,3,Mar,11,Mon,Spring,1,20.412333333333333,12.930767870853032,1,Rainy,Mild,Calm,High humidity
2025-03-11,9.765,4,6.3,12.4,0.4,74,2025,3,Mar,11,Tue,Spring,0,20.157833333333333,13.066522664436391,0,Rainy,Cool,Calm,Low humidity
2025-03-12,5.276,5,4.3,7.4,4,80,2025,3,Mar,11,Wed,Spring,0,19.10953333333333,12.95258779491795,0,Rainy,Cool,Calm,High humidity
2025-03-13,5.865,4,3.7,10.3,0.7,82,2025,3,Mar,11,Thu,Spring,0,18.372533333333333,13.059337366310988,0,Rainy,Cool,Calm,High humidity
2025-03-14,7.9825,4,3.7,6.3,0.4,82,2025,3,Mar,11,Fri,Spring,0,17.958616666666668,13.189003834623472,0,Rainy,Cool,Calm,High humidity
2025-03-15,5.8025,4,3.9,12.6,0.2,69,2025,3,Mar,11,Sat,Spring,0,17.370366666666666,13.328449714499959,0,Rainy,Cool,Calm,Low humidity
2025-03-16,4.175,4,4,11,0,75,2025,3,Mar,11,Sun,Spring,0,16.770366666666668,13.508634252882892,0,Dry,Cool,Calm,Low humidity
2025-03-17,8.31,4,5.8,11.8,0.3,79,2025,3,Mar,12,Mon,Spring,0,16.199033333333333,13.491327863338432,0,Rainy,Cool,Calm,Low humidity
2025-03-18,11.8375,4,5.7,11.6,0,69,2025,3,Mar,12,Tue,Spring,0,15.90445,13.486707649123675,0,Dry,Cool,Calm,Low humidity
2025-03-19,18.5,4,8.7,5.4,0,73,2025,3,Mar,12,Wed,Spring,1,15.908616666666667,13.48751652051229,0,Dry,Cool,Calm,Low humidity
2025-03-20,18.45,4,12.5,6.6,0,70,2025,3,Mar,12,Thu,Spring,1,15.572783333333332,13.286474759930279,0,Dry,Mild,Calm,Low humidity
2025-03-21,24.25,4,13.1,11.6,0.9,69,2025,3,Mar,12,Fri,Spring,1,15.337783333333334,13.059114837513597,0,Rainy,Mild,Calm,Low humidity
2025-03-22,11.595,4,12.8,7.4,1.3,83,2025,3,Mar,12,Sat,Spring,0,15.54895,12.94122375918695,0,Rainy,Mild,Calm,High humidity
2025-03-23,31.3,4,10.8,8.4,2.8,87,2025,3,Mar,12,Sun,Spring,1,16.3052,13.182546866582921,1,Rainy,Mild,Calm,High humidity
2025-03-24,36.575,4,9.3,8.2,0,77,2025,3,Mar,13,Mon,Spring,1,17.280533333333334,13.571152922164778,1,Dry,Mild,Calm,Low humidity
2025-03-25,27.5,4,10.2,7.5,0.2,82,2025,3,Mar,13,Tue,Spring,1,18.019033333333333,13.50188828807579,1,Rainy,Mild,Calm,High humidity
2025-03-26,11.0275,4,11.9,4.8,0.3,76,2025,3,Mar,13,Wed,Spring,0,18.23978333333333,13.324603055278875,0,Rainy,Mild,Calm,Low humidity
2025-03-27,9.988333333333332,6,10,9.4,0,81,2025,3,Mar,13,Thu,Spring,0,18.38506111111111,13.205606141344399,0,Dry,Mild,Calm,High humidity
2025-03-28,4.891666666666667,6,10.1,13.3,0.8,71,2025,3,Mar,13,Fri,Spring,0,18.40545,13.183531323705443,0,Rainy,Mild,Calm,Low humidity
2025-03-29,5.4,7,8.8,11.6,0,63,2025,3,Mar,13,Sat,Spring,0,18.379033333333332,13.209615219959549,0,Dry,Cool,Calm,Low humidity
2025-03-30,6.096,10,12.1,14.3,0,64,2025,3,Mar,13,Sun,Spring,0,18.1664,13.358431411834038,0,Dry,Mild,Windy,Low humidity
2025-03-31,7.758,10,10.5,6.5,0,62,2025,3,Mar,14,Mon,Spring,0,17.9975,13.459942388634655,0,Dry,Mild,Calm,Low humidity
2025-04-01,7.546666666666667,9,9.2,14.2,0,67,2025,4,Apr,14,Tue,Spring,0,17.661555555555555,13.594657704628041,0,Dry,Mild,Windy,Low humidity
2025-04-02,11.006666666666666,9,11.2,16.1,0,60,2025,4,Apr,14,Wed,Spring,0,17.139277777777775,13.537290728957993,0,Dry,Mild,Windy,Low humidity
2025-04-03,16.22222222222222,9,13.3,12.9,0,61,2025,4,Apr,14,Thu,Spring,1,16.870018518518517,13.470118909718693,0,Dry,Mild,Calm,Low humidity
2025-04-04,25.9,9,14.8,12.4,0,56,2025,4,Apr,14,Fri,Spring,1,16.51335185185185,13.065262000064873,1,Dry,Warm,Calm,Low humidity
2025-04-05,13.9,9,11.2,15.2,0,54,2025,4,Apr,14,Sat,Spring,0,16.249185185185187,13.034243419174281,0,Dry,Mild,Windy,Low humidity
2025-04-06,6.6925,8,9.8,13.4,0,55,2025,4,Apr,14,Sun,Spring,0,16.06310185185185,13.132416876375716,0,Dry,Mild,Windy,Low humidity
2025-04-07,7.11,8,9.3,9.9,0,55,2025,4,Apr,15,Mon,Spring,0,15.37260185185185,13.03690106853835,0,Dry,Mild,Calm,Low humidity
2025-04-08,11.566666666666666,9,9.9,8.1,0,55,2025,4,Apr,15,Tue,Spring,0,14.448990740740742,12.242424364816085,0,Dry,Mild,Calm,Low humidity
2025-04-09,10.075555555555557,9,8.9,10.4,0,62,2025,4,Apr,15,Wed,Spring,0,12.74550925925926,8.49891658352255,0,Dry,Cool,Calm,Low humidity
2025-04-10,8.061111111111112,9,10.8,5.1,0,61,2025,4,Apr,15,Thu,Spring,0,12.688712962962963,8.525174253865204,0,Dry,Mild,Calm,Low humidity
2025-04-11,15.055555555555555,9,14.5,5.3,0,55,2025,4,Apr,15,Fri,Spring,1,13.014698148148149,8.41825792008316,0,Dry,Mild,Calm,Low humidity
2025-04-12,21.31111111111111,9,15.4,8.9,0,50,2025,4,Apr,15,Sat,Spring,1,13.529568518518518,8.438222695192252,0,Dry,Warm,Calm,Low humidity
2025-04-13,16.375,8,13.5,11.5,0.3,57,2025,4,Apr,15,Sun,Spring,1,13.80931851851852,8.386942179709123,0,Rainy,Mild,Calm,Low humidity
2025-04-14,6.795555555555556,9,11.4,10.3,0.7,65,2025,4,Apr,16,Mon,Spring,0,13.842420370370371,8.356154103789358,0,Rainy,Mild,Calm,Low humidity
2025-04-15,9.594444444444443,9,12.6,9,9.2,77,2025,4,Apr,16,Tue,Spring,0,14.023068518518519,8.197016490518026,0,Rainy,Mild,Calm,Low humidity
2025-04-16,6.24375,8,11,19.1,0.2,58,2025,4,Apr,16,Wed,Spring,0,13.954193518518519,8.255150185094354,0,Rainy,Mild,Windy,Low humidity
2025-04-17,5.404444444444445,9,11.8,6,0,57,2025,4,Apr,16,Thu,Spring,0,13.739758333333333,8.394406957949313,0,Dry,Mild,Calm,Low humidity
2025-04-18,7.263333333333334,9,13.1,12.5,0.1,58,2025,4,Apr,16,Fri,Spring,0,13.365202777777778,8.425313666982042,0,Rainy,Mild,Calm,Low humidity
2025-04-19,10.0875,8,12.3,15.6,0.2,58,2025,4,Apr,16,Sat,Spring,0,13.086452777777778,8.389543013030814,0,Rainy,Mild,Windy,Low humidity
2025-04-20,6.948888888888889,9,10.2,11.2,0,67,2025,4,Apr,16,Sun,Spring,0,12.509749074074074,8.18791332962226,0,Dry,Mild,Calm,Low humidity
2025-04-21,11.846666666666666,9,12.2,5.7,3.7,73,2025,4,Apr,17,Mon,Spring,0,12.518137962962962,8.187072689171506,0,Rainy,Mild,Calm,Low humidity
2025-04-22,8.301111111111112,9,11.9,10.2,0,64,2025,4,Apr,17,Tue,Spring,0,11.751508333333334,7.407382062407291,0,Dry,Mild,Calm,Low humidity
2025-04-23,4.954444444444444,9,10,13.7,9.5,78,2025,4,Apr,17,Wed,Spring,0,10.697489814814816,5.836495315296595,0,Rainy,Mild,Windy,Low humidity
2025-04-24,7.391111111111111,9,11,8.3,0,73,2025,4,Apr,17,Thu,Spring,0,10.02719351851852,4.923569378293071,0,Dry,Mild,Calm,Low humidity
2025-04-25,9.075555555555557,9,10.6,7.1,0,75,2025,4,Apr,17,Fri,Spring,0,9.962128703703705,4.922791912203898,0,Dry,Mild,Calm,Low humidity
2025-04-26,14.088888888888889,9,12.5,8,0,72,2025,4,Apr,17,Sat,Spring,0,10.09881388888889,4.9801381502195214,0,Dry,Mild,Calm,Low humidity
2025-04-27,23,9,15,3.8,0,62,2025,4,Apr,17,Sun,Spring,1,10.702425,5.406405312024807,0,Dry,Warm,Calm,Low humidity
2025-04-28,14.7125,8,17.2,5.2,0,51,2025,4,Apr,18,Mon,Spring,0,11.012841666666667,5.3585946721630044,0,Dry,Warm,Calm,Low humidity
2025-04-29,14.533333333333331,9,16.8,9.1,0,47,2025,4,Apr,18,Tue,Spring,0,11.294086111111111,5.312857356514875,0,Dry,Warm,Calm,Low humidity
2025-04-30,15.3875,8,17.9,7.2,0,54,2025,4,Apr,18,Wed,Spring,1,11.548402777777778,5.320354436928422,0,Dry,Warm,Calm,Low humidity
2025-05-01,23.9,8,20.9,7.1,0,47,2025,5,May,18,Thu,Spring,1,12.093513888888888,5.71903249303438,0,Dry,Warm,Calm,Low humidity
2025-05-02,16.9,8,19.5,6.7,1.5,56,2025,5,May,18,Fri,Spring,1,12.289958333333335,5.781289697106929,0,Rainy,Warm,Calm,Low humidity
2025-05-03,14.066666666666666,9,14.6,10.2,0,60,2025,5,May,18,Sat,Spring,0,12.218106481481481,5.744007728736658,0,Dry,Mild,Calm,Low humidity
2025-05-04,6.515555555555555,9,10.2,13.8,0,60,2025,5,May,18,Sun,Spring,0,11.571958333333333,5.218054772897684,0,Dry,Mild,Windy,Low humidity
2025-05-05,5.218888888888889,9,9.4,16.1,0.9,61,2025,5,May,19,Mon,Spring,0,11.282587962962964,5.324129942851267,0,Rainy,Mild,Windy,Low humidity
2025-05-06,5.332222222222223,9,10.1,11.6,0.1,64,2025,5,May,19,Tue,Spring,0,11.23724537037037,5.370162446083213,0,Rainy,Mild,Calm,Low humidity
2025-05-07,5.495555555555556,9,11.2,12,0,62,2025,5,May,19,Wed,Spring,0,11.183430555555557,5.42079858850135,0,Dry,Mild,Calm,Low humidity
2025-05-08,5.536666666666667,9,11.9,11,0,61,2025,5,May,19,Thu,Spring,0,10.982430555555556,5.517038514912621,0,Dry,Mild,Calm,Low humidity
2025-05-09,7.498888888888889,9,12.9,11.7,0,53,2025,5,May,19,Fri,Spring,0,10.896541666666668,5.5515920006743436,0,Dry,Mild,Calm,Low humidity
2025-05-10,8.42,9,15.9,11.4,0,49,2025,5,May,19,Sat,Spring,0,10.908504629629629,5.545654830068069,0,Dry,Warm,Calm,Low humidity
2025-05-11,9.216666666666669,9,18,10.5,0,52,2025,5,May,19,Sun,Spring,0,10.713875,5.497341680028154,0,Dry,Warm,Calm,Low humidity
2025-05-12,9.95888888888889,9,18,6.2,4.7,69,2025,5,May,20,Mon,Spring,0,10.335467592592591,5.120530100239077,0,Rainy,Warm,Calm,Low humidity
2025-05-13,8.871111111111112,9,17.7,8.9,0,56,2025,5,May,20,Tue,Spring,0,10.085337962962964,4.997124931923703,0,Dry,Warm,Calm,Low humidity
2025-05-14,9.024444444444445,9,15.7,11.3,0,53,2025,5,May,20,Wed,Spring,0,10.15963425925926,4.962979147553925,0,Dry,Warm,Calm,Low humidity
2025-05-15,9.367777777777778,9,12.2,14,0,67,2025,5,May,20,Thu,Spring,0,10.152078703703703,4.964041676172332,0,Dry,Mild,Windy,Low humidity
2025-05-16,10.966666666666669,9,13.2,10.8,0,63,2025,5,May,20,Fri,Spring,0,10.30950925925926,4.910420208225153,0,Dry,Mild,Calm,Low humidity
2025-05-17,10.107142857142858,7,14.2,9.9,0,60,2025,5,May,20,Sat,Spring,0,10.466265873015875,4.8227145177204305,0,Dry,Mild,Calm,Low humidity
2025-05-18,9.792222222222222,9,13.4,8.6,0,64,2025,5,May,20,Sun,Spring,0,10.55056216931217,4.7867671989301375,0,Dry,Mild,Calm,Low humidity
2025-05-19,10.807777777777778,9,14.7,10.7,0.2,59,2025,5,May,21,Mon,Spring,0,10.57457142857143,4.786170833754321,0,Rainy,Mild,Calm,Low humidity
2025-05-20,7.641111111111111,9,16.2,7,0,48,2025,5,May,21,Tue,Spring,0,10.597645502645502,4.769729080050347,0,Dry,Warm,Calm,Low humidity
2025-05-21,7.4255555555555555,9,14.8,6.1,3,59,2025,5,May,21,Wed,Spring,0,10.450275132275133,4.79802297430796,0,Rainy,Warm,Calm,Low humidity
2025-05-22,9.163333333333334,9,11.8,6.3,0,66,2025,5,May,21,Thu,Spring,0,10.479015873015873,4.787275669350385,0,Dry,Mild,Calm,Low humidity
2025-05-23,7.776666666666666,9,12.9,9.1,0.1,60,2025,5,May,21,Fri,Spring,0,10.573089947089947,4.701938505287134,0,Rainy,Mild,Calm,Low humidity
2025-05-24,7.315,8,16.6,16.1,6,76,2025,5,May,21,Sat,Spring,0,10.570552910052909,4.703734808131308,0,Rainy,Warm,Windy,Low humidity
2025-05-25,5.288888888888889,9,16.5,19.2,1,61,2025,5,May,21,Sun,Spring,0,10.44433068783069,4.795153837640734,0,Rainy,Warm,Windy,Low humidity
2025-05-26,5.3244444444444445,9,14.7,18.1,0.1,63,2025,5,May,22,Mon,Spring,0,10.15218253968254,4.832295891555934,0,Rainy,Mild,Windy,Low humidity
2025-05-27,5.53,9,15.5,19.6,6.6,80,2025,5,May,22,Tue,Spring,0,9.569849206349206,4.247945623256092,0,Rainy,Warm,Windy,High humidity
2025-05-28,4.523333333333333,9,17,15.3,1,66,2025,5,May,22,Wed,Spring,0,9.230210317460317,4.229885653267671,0,Rainy,Warm,Windy,Low humidity
2025-05-29,5.0925,8,18.2,15.7,2.1,72,2025,5,May,22,Thu,Spring,0,8.915515873015872,4.172539959523043,0,Rainy,Warm,Windy,Low humidity
2025-05-30,5.68625,8,19.1,12.9,0.2,68,2025,5,May,22,Fri,Spring,0,8.592140873015873,4.027050942540273,0,Rainy,Warm,Calm,Low humidity
2025-05-31,5.652222222222222,9,20.9,9.9,0,59,2025,5,May,22,Sat,Spring,0,7.983881613756614,2.83761817525796,0,Dry,Warm,Calm,Low humidity
2025-06-01,5.9944444444444445,9,17.4,14.9,0,54,2025,6,Jun,22,Sun,Summer,0,7.620363095238096,2.3044675660179466,0,Dry,Warm,Windy,Low humidity
2025-06-02,5.474444444444445,9,16.6,11,0.4,50,2025,6,Jun,23,Mon,Summer,0,7.333955687830689,1.9878580844398048,0,Rainy,Warm,Calm,Low humidity
2025-06-03,6.334444444444444,9,14.4,18.4,3.7,75,2025,6,Jun,23,Tue,Summer,0,7.327918650793651,1.990702213021827,0,Rainy,Mild,Windy,Low humidity
2025-06-04,6.035555555555556,9,14.5,13.6,0.1,66,2025,6,Jun,23,Wed,Summer,0,7.355140873015873,1.966301692911233,0,Rainy,Mild,Windy,Low humidity
2025-06-05,5.338888888888889,9,14,15,9.2,82,2025,6,Jun,23,Thu,Summer,0,7.355363095238095,1.9660655511672207,0,Rainy,Mild,Windy,High humidity
2025-06-06,4.765000000000001,8,14.9,14.3,1.2,67,2025,6,Jun,23,Fri,Summer,0,7.331011243386244,1.9942184130800733,0,Rainy,Warm,Windy,Low humidity
2025-06-07,3.832222222222222,9,13.3,11.6,13.2,82,2025,6,Jun,23,Sat,Summer,0,7.274196428571429,2.069943525400718,0,Rainy,Mild,Calm,High humidity
2025-06-08,4.33,9,13.5,14,0,64,2025,6,Jun,23,Sun,Summer,0,7.168566798941799,2.137823555674618,0,Dry,Mild,Windy,Low humidity
2025-06-09,12.11111111111111,9,15.3,11.5,0,68,2025,6,Jun,24,Mon,Summer,0,7.291603835978837,2.311492374675314,0,Dry,Warm,Calm,Low humidity
2025-06-10,11.39111111111111,9,17.6,12.6,0.2,67,2025,6,Jun,24,Tue,Summer,0,7.364085317460318,2.406094266715506,0,Rainy,Warm,Calm,Low humidity
2025-06-11,7.208888888888889,9,17.5,11.6,0.2,69,2025,6,Jun,24,Wed,Summer,0,7.272418650793651,2.3556856825424206,0,Rainy,Warm,Calm,Low humidity
2025-06-12,12.133333333333333,9,19.7,11.8,0.8,67,2025,6,Jun,24,Thu,Summer,0,7.381159391534392,2.5027318420317797,0,Rainy,Warm,Calm,Low humidity
2025-06-13,10.246666666666666,9,22.9,9.1,1.2,58,2025,6,Jun,24,Fri,Summer,0,7.421900132275132,2.5400738888282772,0,Rainy,Warm,Calm,Low humidity
2025-06-14,9.10375,8,20,13.6,4,63,2025,6,Jun,24,Sat,Summer,0,7.413099206349206,2.5335482882496803,0,Rainy,Warm,Windy,Low humidity
2025-06-15,6.84125,8,18.3,11.9,0.2,61,2025,6,Jun,24,Sun,Summer,0,7.275585317460317,2.444409587190728,0,Rainy,Warm,Calm,Low humidity
2025-06-16,6.04,9,20.9,6.9,0,55,2025,6,Jun,25,Mon,Summer,0,7.140013888888889,2.3942212993486827,0,Dry,Warm,Calm,Low humidity
2025-06-17,6.568888888888889,9,21.4,9.1,0,53,2025,6,Jun,25,Tue,Summer,0,7.032569444444445,2.3428704670829497,0,Dry,Warm,Calm,Low humidity
2025-06-18,7.021111111111111,9,22.9,5.9,0,50,2025,6,Jun,25,Wed,Summer,0,6.906347222222222,2.2318400526070237,0,Dry,Warm,Calm,Low humidity
2025-06-19,9.515555555555556,9,25.3,5.8,0,45,2025,6,Jun,25,Thu,Summer,0,6.968828703703704,2.278862107770123,0,Dry,Warm,Calm,Low humidity
2025-06-20,13.044444444444444,9,23.3,9.4,0,54,2025,6,Jun,25,Fri,Summer,0,7.156125,2.5342840437272725,0,Dry,Warm,Calm,Low humidity
2025-06-21,10.69,9,25.7,9.7,0,43,2025,6,Jun,25,Sat,Summer,0,7.2070138888888895,2.5906793787855835,0,Dry,Warm,Calm,Low humidity
2025-06-22,8.002222222222223,9,21.7,17.2,0,57,2025,6,Jun,25,Sun,Summer,0,7.2145324074074075,2.592716095664613,0,Dry,Warm,Windy,Low humidity
2025-06-23,5.104444444444445,9,18.8,18.6,0.4,51,2025,6,Jun,26,Mon,Summer,0,7.140847222222223,2.6210199259043314,0,Rainy,Warm,Windy,Low humidity
2025-06-24,5.183333333333334,9,19.4,15.8,0.3,68,2025,6,Jun,26,Tue,Summer,0,7.137328703703703,2.623661285337935,0,Rainy,Warm,Windy,Low humidity
2025-06-25,5.69,8,21.5,9.3,0,65,2025,6,Jun,26,Wed,Summer,0,7.149513888888889,2.6157883649907387,0,Dry,Warm,Calm,Low humidity
2025-06-26,4.6775,8,20.1,15.6,3.7,63,2025,6,Jun,26,Thu,Summer,0,7.121097222222223,2.6385204616147324,0,Rainy,Warm,Windy,Low humidity
2025-06-27,5.721111111111111,9,20,12.9,1.8,66,2025,6,Jun,26,Fri,Summer,0,7.161023148148148,2.6067265644104265,0,Rainy,Warm,Calm,Low humidity
2025-06-28,4.492222222222222,9,23.4,14.6,0.1,68,2025,6,Jun,26,Sat,Summer,0,7.14101388888889,2.625389148958498,0,Rainy,Warm,Windy,Low humidity
2025-06-29,4.248888888888889,9,23.6,7.7,0,61,2025,6,Jun,26,Sun,Summer,0,7.093101851851852,2.665660036431558,0,Dry,Warm,Calm,Low humidity
2025-06-30,6.123333333333333,9,25.9,8,0,53,2025,6,Jun,27,Mon,Summer,0,7.1088055555555565,2.6582563519523026,0,Dry,Warm,Calm,Low humidity
2025-07-01,8.09,8,28.2,6,0,47,2025,7,Jul,27,Tue,Summer,0,7.178657407407408,2.6554955480376528,0,Dry,Warm,Calm,Low humidity
2025-07-02,7.93625,8,20.2,9.2,4.1,62,2025,7,Jul,27,Wed,Summer,0,7.260717592592593,2.639002097562424,0,Rainy,Warm,Calm,Low humidity
2025-07-03,3.908888888888889,9,18.7,7.1,0,45,2025,7,Jul,27,Thu,Summer,0,7.179865740740741,2.704697657351403,0,Dry,Warm,Calm,Low humidity
2025-07-04,4.076666666666666,9,20.8,10.8,0,44,2025,7,Jul,27,Fri,Summer,0,7.114569444444444,2.756426870105185,0,Dry,Warm,Calm,Low humidity
2025-07-05,4.915555555555556,9,19.4,16.9,2.1,67,2025,7,Jul,27,Sat,Summer,0,7.100458333333334,2.7668943785615054,0,Rainy,Warm,Windy,Low humidity
2025-07-06,4.1322222222222225,9,19.2,10.2,3.8,69,2025,7,Jul,27,Sun,Summer,0,7.079365740740741,2.7876460445554403,0,Rainy,Warm,Calm,Low humidity
2025-07-07,3.89,9,16.4,13.6,10,69,2025,7,Jul,28,Mon,Summer,0,7.081291666666667,2.7853443119340393,0,Rainy,Warm,Windy,Low humidity
2025-07-08,5.573333333333333,9,17.5,9.1,0.2,59,2025,7,Jul,28,Tue,Summer,0,7.122736111111111,2.7520459372758364,0,Rainy,Warm,Calm,Low humidity
2025-07-09,5.7122222222222225,9,20,5.7,0.9,60,2025,7,Jul,28,Wed,Summer,0,6.9094398148148155,2.595618014077656,0,Rainy,Warm,Calm,Low humidity
2025-07-10,4.047777777777778,9,23.9,6.1,0,52,2025,7,Jul,28,Thu,Summer,0,6.664662037037037,2.50300509434013,0,Dry,Warm,Calm,Low humidity
2025-07-11,5.39,9,25.5,5,0,46,2025,7,Jul,28,Fri,Summer,0,6.6040324074074075,2.511383067562866,0,Dry,Warm,Calm,Low humidity
2025-07-12,5.94,8,23.8,7.5,0,50,2025,7,Jul,28,Sat,Summer,0,6.397587962962963,2.2855882325818744,0,Dry,Warm,Calm,Low humidity
2025-07-13,6.4975000000000005,8,22.2,5.3,0.1,57,2025,7,Jul,28,Sun,Summer,0,6.272615740740742,2.167308257092751,0,Rainy,Warm,Calm,Low humidity
2025-07-14,7.773333333333333,9,21.1,15.4,0.9,56,2025,7,Jul,29,Mon,Summer,0,6.228268518518519,2.1204859492807113,0,Rainy,Warm,Windy,Low humidity
2025-07-15,6.208888888888889,9,18.5,16.1,0.7,59,2025,7,Jul,29,Tue,Summer,0,6.207189814814815,2.1173231236856207,0,Rainy,Warm,Windy,Low humidity
2025-07-16,5.51625,8,20.1,11.8,0,58,2025,7,Jul,29,Wed,Summer,0,6.189731481481482,2.1209054725733534,0,Dry,Warm,Calm,Low humidity
2025-07-17,3.661111111111111,9,22,6.5,0.8,63,2025,7,Jul,29,Thu,Summer,0,6.0928055555555565,2.1688808672114317,0,Rainy,Warm,Calm,Low humidity
2025-07-18,4.1675,8,23.7,8.8,0,58,2025,7,Jul,29,Fri,Summer,0,5.997685185185186,2.189244051552754,0,Dry,Warm,Calm,Low humidity
2025-07-19,5.3675,8,20,5.8,16.2,77,2025,7,Jul,29,Sat,Summer,0,5.859416666666666,2.0880536385716124,0,Rainy,Warm,Calm,Low humidity
2025-07-20,4.3575,8,18.1,12,2.7,79,2025,7,Jul,29,Sun,Summer,0,5.569851851851852,1.6033883085927219,0,Rainy,Warm,Calm,Low humidity
2025-07-21,3.42125,8,18.1,8.1,0.6,74,2025,7,Jul,30,Mon,Summer,0,5.327560185185186,1.328652198626501,0,Rainy,Warm,Calm,Low humidity
2025-07-22,3.67625,8,18.8,9.6,1.2,76,2025,7,Jul,30,Tue,Summer,0,5.183361111111111,1.261408495853778,0,Rainy,Warm,Calm,Low humidity
2025-07-23,5.1875,8,18.6,7.1,1.5,69,2025,7,Jul,30,Wed,Summer,0,5.18612962962963,1.26132045968023,0,Rainy,Warm,Calm,Low humidity
2025-07-24,12.575,8,18,11.4,0.9,78,2025,7,Jul,30,Thu,Summer,0,5.432518518518519,1.8468157381722214,0,Rainy,Warm,Calm,Low humidity
2025-07-25,7.5075,8,20.7,6.6,0,66,2025,7,Jul,30,Fri,Summer,0,5.4931018518518515,1.8849701724422268,0,Dry,Warm,Calm,Low humidity
2025-07-26,9.73625,8,20,8,0.4,65,2025,7,Jul,30,Sat,Summer,0,5.661726851851852,2.030171829712165,0,Rainy,Warm,Calm,Low humidity
2025-07-27,5.18375,8,18.5,9.2,0.1,56,2025,7,Jul,30,Sun,Summer,0,5.6438148148148155,2.0319995438083445,0,Rainy,Warm,Calm,Low humidity
2025-07-28,6.57625,8,20,9.5,0,50,2025,7,Jul,31,Mon,Summer,0,5.713282407407408,2.026889409889306,0,Dry,Warm,Calm,Low humidity
2025-07-29,5.98,8,18.3,6.2,0.8,64,2025,7,Jul,31,Tue,Summer,0,5.770986111111112,2.0083183743706368,0,Rainy,Warm,Calm,Low humidity
2025-07-30,6.58125,8,20.4,8.5,0.8,64,2025,7,Jul,31,Wed,Summer,0,5.78625,2.012823779974687,0,Rainy,Warm,Calm,Low humidity
2025-07-31,5.3125,8,18.6,8.3,26.7,79,2025,7,Jul,31,Thu,Summer,0,5.693666666666667,1.966550912913816,0,Rainy,Warm,Calm,Low humidity
2025-08-01,4.905,8,16.4,8.5,1.2,73,2025,8,Aug,31,Fri,Summer,0,5.592625,1.924782879394238,0,Rainy,Warm,Calm,Low humidity
2025-08-02,4.17125,8,16.7,8,0,64,2025,8,Aug,31,Sat,Summer,0,5.601370370370371,1.9174509839991867,0,Dry,Warm,Calm,Low humidity
2025-08-03,5.32125,8,18.4,11,2.5,75,2025,8,Aug,31,Sun,Summer,0,5.642856481481482,1.896676249985375,0,Rainy,Warm,Calm,Low humidity
2025-08-04,5.07625,8,19.1,14.8,1,79,2025,8,Aug,32,Mon,Summer,0,5.648212962962963,1.8947773832635713,0,Rainy,Warm,Windy,Low humidity
2025-08-05,4.2425,8,17.1,14.1,0,58,2025,8,Aug,32,Tue,Summer,0,5.651888888888889,1.8918395924836766,0,Dry,Warm,Windy,Low humidity
2025-08-06,5.415,8,17.2,7.4,0,60,2025,8,Aug,32,Wed,Summer,0,5.7027222222222225,1.8631360040916078,0,Dry,Warm,Calm,Low humidity
2025-08-07,7.3525,8,18.9,13.5,0,66,2025,8,Aug,32,Thu,Summer,0,5.762027777777778,1.8870384394456592,0,Dry,Warm,Windy,Low humidity
2025-08-08,8.52125,8,20.3,9.2,0,57,2025,8,Aug,32,Fri,Summer,0,5.855662037037037,1.9530198855693446,0,Dry,Warm,Calm,Low humidity
2025-08-09,5.91625,8,19.7,11.4,0,52,2025,8,Aug,32,Sat,Summer,0,5.917944444444445,1.9229392551208246,0,Dry,Warm,Calm,Low humidity
2025-08-10,8.82125,8,20.8,3.6,0,55,2025,8,Aug,32,Sun,Summer,0,6.032319444444444,1.9912842380233287,0,Dry,Warm,Calm,Low humidity
2025-08-11,15.3125,8,22.9,6.1,0.5,54,2025,8,Aug,33,Mon,Summer,1,6.344736111111112,2.6141279131102335,0,Rainy,Warm,Calm,Low humidity
2025-08-12,14.0375,8,24.8,8.8,0.6,53,2025,8,Aug,33,Tue,Summer,0,6.596069444444444,2.9678536523315326,0,Rainy,Warm,Calm,Low humidity
2025-08-13,15.95,8,22,7.5,0,71,2025,8,Aug,33,Wed,Summer,1,6.868625,3.420616875179998,0,Dry,Warm,Calm,Low humidity
2025-08-14,12.455,8,21.9,9.6,0,65,2025,8,Aug,33,Thu,Summer,0,7.076828703703703,3.566075041436153,0,Dry,Warm,Calm,Low humidity
2025-08-15,5.1674999999999995,8,23,7.1,0,61,2025,8,Aug,33,Fri,Summer,0,7.065203703703704,3.571901458380518,0,Dry,Warm,Calm,Low humidity
2025-08-16,8.1225,8,19.3,11.2,0.1,69,2025,8,Aug,33,Sat,Summer,0,7.213916666666667,3.517750474093992,0,Rainy,Warm,Calm,Low humidity
2025-08-17,6.94875,8,18.2,9.6,0,69,2025,8,Aug,33,Sun,Summer,0,7.306625,3.471034315409457,0,Dry,Warm,Calm,Low humidity
2025-08-18,5.06625,8,18.8,11.5,0.2,70,2025,8,Aug,34,Mon,Summer,0,7.296583333333333,3.4772677872674422,0,Rainy,Warm,Calm,Low humidity
2025-08-19,5.0075,8,19.4,12.9,0.1,69,2025,8,Aug,34,Tue,Summer,0,7.318250000000001,3.4603067185159895,0,Rainy,Warm,Calm,Low humidity
2025-08-20,6.02375,8,17.2,14,0,65,2025,8,Aug,34,Wed,Summer,0,7.405,3.3911716486875254,0,Dry,Warm,Windy,Low humidity
2025-08-21,6.00625,8,16.7,11.1,0.1,62,2025,8,Aug,34,Thu,Summer,0,7.482666666666668,3.328939310421754,0,Rainy,Warm,Calm,Low humidity
2025-08-22,4.12,8,17.5,5.1,0,53,2025,8,Aug,34,Fri,Summer,0,7.4470833333333335,3.3598800415607344,0,Dry,Warm,Calm,Low humidity
2025-08-23,5.25375,8,19,5.3,0,57,2025,8,Aug,34,Sat,Summer,0,7.203041666666667,3.2382600406509106,0,Dry,Warm,Calm,Low humidity
2025-08-24,5.71375,8,19.3,6.2,0,55,2025,8,Aug,34,Sun,Summer,0,7.14325,3.2489868878488557,0,Dry,Warm,Calm,Low humidity
2025-08-25,5.3025,8,20.7,8.5,0,49,2025,8,Aug,35,Mon,Summer,0,6.9954583333333336,3.227740740696548,0,Dry,Warm,Calm,Low humidity
2025-08-26,6.805,8,21,12.2,0.2,58,2025,8,Aug,35,Tue,Summer,0,7.0495,3.2098843604962815,0,Rainy,Warm,Calm,Low humidity
2025-08-27,7.24125,8,18.2,13.5,1.3,74,2025,8,Aug,35,Wed,Summer,0,7.071666666666667,3.2087994977801313,0,Rainy,Warm,Windy,Low humidity
2025-08-28,5.93,8,17,12.1,2.4,74,2025,8,Aug,35,Thu,Summer,0,7.069999999999999,3.2093989964015766,0,Rainy,Warm,Calm,Low humidity
2025-08-29,4.43375,8,16.5,10.9,19.5,81,2025,8,Aug,35,Fri,Summer,0,6.998416666666667,3.244434108867309,0,Rainy,Warm,Calm,High humidity
2025-08-30,4.14,8,16.9,14.9,2,82,2025,8,Aug,35,Sat,Summer,0,6.959333333333333,3.2723851553393066,0,Rainy,Warm,Windy,High humidity
2025-08-31,4.8275,8,16.9,14.2,0.9,76,2025,8,Aug,35,Sun,Summer,0,6.95675,3.2740929844293754,0,Rainy,Warm,Windy,Low humidity
2025-09-01,5.58125,8,16.4,13.6,3.3,77,2025,9,Sep,36,Mon,Autumn,0,7.00375,3.24269779791776,0,Rainy,Warm,Windy,Low humidity
2025-09-02,5.14875,8,15.8,11.6,1.9,83,2025,9,Sep,36,Tue,Autumn,0,6.998,3.2459354324903864,0,Rainy,Warm,Calm,High humidity
2025-09-03,4.21,8,17.7,19.3,25.6,85,2025,9,Sep,36,Wed,Autumn,0,6.969125000000001,3.2674023009626785,0,Rainy,Warm,Windy,High humidity
2025-09-04,4.5825000000000005,8,16,13.8,4.7,75,2025,9,Sep,36,Thu,Autumn,0,6.980458333333333,3.2581952787543482,0,Rainy,Warm,Windy,Low humidity
2025-09-05,4.29,8,15.9,8.2,0,76,2025,9,Sep,36,Fri,Autumn,0,6.942958333333333,3.2832121388413293,0,Dry,Warm,Calm,Low humidity
2025-09-06,5.25625,8,17.7,10.8,0,72,2025,9,Sep,36,Sat,Autumn,0,6.873083333333333,3.2964754514934356,0,Dry,Warm,Calm,Low humidity
2025-09-07,4.65,8,19.3,12.9,0,74,2025,9,Sep,36,Sun,Autumn,0,6.744041666666666,3.3054910181467516,0,Dry,Warm,Calm,Low humidity
2025-09-08,4.967142857142857,7,16.3,10.1,0.1,71,2025,9,Sep,37,Mon,Autumn,0,6.712404761904763,3.318204535193661,0,Rainy,Warm,Calm,Low humidity
2025-09-09,4.887142857142857,7,15.7,7.8,0.3,70,2025,9,Sep,37,Tue,Autumn,0,6.581267857142858,3.3097161297851287,0,Rainy,Warm,Calm,Low humidity
2025-09-10,4.872857142857143,7,15.5,13.4,7.7,80,2025,9,Sep,37,Wed,Autumn,0,6.233279761904763,2.88111440326564,0,Rainy,Warm,Windy,High humidity
2025-09-11,5.002857142857143,7,14.3,15.5,3.7,73,2025,9,Sep,37,Thu,Autumn,0,5.932125,2.4817335884325056,0,Rainy,Mild,Windy,Low humidity
2025-09-12,4.7425,8,13.9,13.8,4.4,73,2025,9,Sep,37,Fri,Autumn,0,5.558541666666667,1.613322759158393,0,Rainy,Mild,Windy,Low humidity
2025-09-13,4.30375,8,14,12.4,3,75,2025,9,Sep,37,Sat,Autumn,0,5.286833333333334,0.9698933724292803,0,Rainy,Mild,Calm,Low humidity
2025-09-14,4.6425,8,13.8,12.7,3.5,84,2025,9,Sep,37,Sun,Autumn,0,5.269333333333334,0.9768323006214603,0,Rainy,Mild,Calm,High humidity
2025-09-15,5.6775,8,15.6,24.6,0.4,67,2025,9,Sep,38,Mon,Autumn,0,5.187833333333334,0.8199792146773797,0,Rainy,Warm,Windy,Low humidity
2025-09-16,5.735,8,14.7,16.3,0,67,2025,9,Sep,38,Tue,Autumn,0,5.147375,0.7576749602127497,0,Dry,Mild,Windy,Low humidity
2025-09-17,4.0175,8,16.2,16.7,1.1,85,2025,9,Sep,38,Wed,Autumn,0,5.112416666666666,0.7852397550097421,0,Rainy,Warm,Windy,High humidity
2025-09-18,3.09125,8,18.5,16.5,0,85,2025,9,Sep,38,Thu,Autumn,0,5.048541666666667,0.8676792159376491,0,Dry,Warm,Windy,High humidity
2025-09-19,4.635,8,18.9,9.5,0,79,2025,9,Sep,38,Fri,Autumn,0,5.00225,0.850736948199423,0,Dry,Warm,Calm,Low humidity
2025-09-20,7.545,8,16.6,15.1,0,81,2025,9,Sep,38,Sat,Autumn,0,5.053541666666667,0.953532159672024,0,Dry,Warm,Windy,High humidity
2025-09-21,4.535,8,12.5,12,0,64,2025,9,Sep,38,Sun,Autumn,0,5.067375,0.9424679339586511,0,Dry,Mild,Calm,Low humidity
2025-09-22,4.3774999999999995,8,11.4,11.1,0,64,2025,9,Sep,39,Mon,Autumn,0,5.038166666666667,0.9500404068100986,0,Dry,Mild,Calm,Low humidity
2025-09-23,5.1725,8,11.6,10.4,0,68,2025,9,Sep,39,Tue,Autumn,0,5.020125000000001,0.9418725665079584,0,Dry,Mild,Calm,Low humidity
2025-09-24,3.641125,8,13.2,12.2,0,65,2025,9,Sep,39,Wed,Autumn,0,4.964745833333334,0.9730239712648139,0,Dry,Mild,Calm,Low humidity
2025-09-25,3.5842857142857145,7,13.4,13,0,58,2025,9,Sep,39,Thu,Autumn,0,4.85738869047619,0.940100175691051,0,Dry,Mild,Calm,Low humidity
2025-09-26,5.07875,8,12.8,8.3,1.1,70,2025,9,Sep,39,Fri,Autumn,0,4.785305357142858,0.8271302225720836,0,Rainy,Mild,Calm,Low humidity
2025-09-27,9.59875,8,13.7,9.9,0,72,2025,9,Sep,39,Sat,Autumn,0,4.907597023809524,1.192656462663439,0,Dry,Mild,Calm,Low humidity
2025-09-28,8.665,8,13.7,6.8,0.5,83,2025,9,Sep,39,Sun,Autumn,0,5.048638690476191,1.3714731228145953,0,Rainy,Mild,Calm,High humidity
2025-09-29,9.62125,8,13.2,3.6,0,72,2025,9,Sep,40,Mon,Autumn,0,5.231347023809524,1.593401232427612,0,Dry,Mild,Calm,Low humidity
2025-09-30,9.09125,8,13.7,3,0,72,2025,9,Sep,40,Tue,Autumn,0,5.373472023809525,1.7395864573549285,0,Dry,Mild,Calm,Low humidity
2025-10-01,10.3475,8,13.1,5.7,0.1,80,2025,10,Oct,40,Wed,Autumn,0,5.532347023809524,1.962574091617445,0,Rainy,Mild,Calm,High humidity
2025-10-02,12.7875,8,14.7,9.4,0,79,2025,10,Oct,40,Thu,Autumn,0,5.786972023809525,2.3652972124978517,0,Dry,Mild,Calm,Low humidity
2025-10-03,8.725,8,16.2,20.1,12.4,86,2025,10,Oct,40,Fri,Autumn,0,5.937472023809524,2.4048080884434855,0,Rainy,Warm,Windy,High humidity
2025-10-04,4.6475,8,13,23.2,3.6,69,2025,10,Oct,40,Sat,Autumn,0,5.93963869047619,2.4035741642512343,0,Rainy,Mild,Windy,Low humidity
2025-10-05,5.73875,8,12.7,16.7,0,66,2025,10,Oct,40,Sun,Autumn,0,5.987930357142857,2.3837595634467146,0,Dry,Mild,Windy,Low humidity
2025-10-06,5.6587499999999995,8,14,9.9,0,80,2025,10,Oct,41,Mon,Autumn,0,6.001347023809524,2.3806300483605183,0,Dry,Mild,Calm,High humidity
2025-10-07,6.87,8,14.1,7.8,0,80,2025,10,Oct,41,Tue,Autumn,0,6.075347023809524,2.371662610489621,0,Dry,Mild,Calm,High humidity
2025-10-08,6.733750000000001,8,13.7,6.2,0.4,85,2025,10,Oct,41,Wed,Autumn,0,6.134233928571429,2.3651206179003657,0,Rainy,Mild,Calm,High humidity
2025-10-09,7.09125,8,12.3,6.5,0,79,2025,10,Oct,41,Thu,Autumn,0,6.207704166666668,2.359272081802932,0,Dry,Mild,Calm,Low humidity
2025-10-10,8.69125,8,13.9,4.8,0.1,83,2025,10,Oct,41,Fri,Autumn,0,6.334983928571429,2.387604174429526,0,Rainy,Mild,Calm,High humidity
2025-10-11,10.48125,8,12.6,2.6,0,82,2025,10,Oct,41,Sat,Autumn,0,6.517597023809524,2.4895332023614025,0,Dry,Mild,Calm,High humidity
2025-10-12,16.325,8,11.4,5.5,0,85,2025,10,Oct,41,Sun,Autumn,1,6.903680357142858,3.0416525957812053,0,Dry,Mild,Calm,High humidity
2025-10-13,11.44625,8,13.7,9.5,0.2,88,2025,10,Oct,42,Mon,Autumn,0,7.141763690476191,3.1098988550973297,0,Rainy,Mild,Calm,High humidity
2025-10-14,3.54625,8,12.3,8.9,0.1,85,2025,10,Oct,42,Tue,Autumn,0,7.105222023809524,3.1465032407689764,0,Rainy,Mild,Calm,High humidity
2025-10-15,3.63875,8,11.6,8.4,0,85,2025,10,Oct,42,Wed,Autumn,0,7.037263690476191,3.1999648960543325,0,Dry,Mild,Calm,High humidity
2025-10-16,3.975,8,12.3,6.1,0,84,2025,10,Oct,42,Thu,Autumn,0,6.978597023809524,3.2405395442658094,0,Dry,Mild,Calm,High humidity
2025-10-17,6.43125,8,12.8,5.6,0,80,2025,10,Oct,42,Fri,Autumn,0,7.059055357142857,3.1941168250963257,0,Dry,Mild,Calm,High humidity
2025-10-18,8.46125,8,12.6,9.4,0,73,2025,10,Oct,42,Sat,Autumn,0,7.238055357142857,3.1135439777650054,0,Dry,Mild,Calm,Low humidity
2025-10-19,9.4325,8,13.6,12.3,6.1,86,2025,10,Oct,42,Sun,Autumn,0,7.397972023809524,3.0984034644819913,0,Rainy,Mild,Calm,High humidity
2025-10-20,6.24125,8,13.1,12.3,3.4,90,2025,10,Oct,43,Mon,Autumn,0,7.354513690476191,3.1054054465988385,0,Rainy,Mild,Calm,High humidity
2025-10-21,8.11375,8,12.8,13.3,0.2,85,2025,10,Oct,43,Tue,Autumn,0,7.473805357142857,3.061792431510754,0,Rainy,Mild,Calm,High humidity
2025-10-22,5.74375,8,11.4,7.5,9.9,86,2025,10,Oct,43,Wed,Autumn,0,7.519347023809525,3.0240779574428696,0,Rainy,Mild,Calm,High humidity
2025-10-23,3.9725,8,9.6,21,14.2,83,2025,10,Oct,43,Thu,Autumn,0,7.479347023809524,3.063865094182826,0,Rainy,Mild,Windy,High humidity
2025-10-24,3.41,8,8.7,15.6,0,75,2025,10,Oct,43,Fri,Autumn,0,7.471642857142857,3.074122618960971,0,Dry,Cool,Windy,Low humidity
2025-10-25,4.1,8,9,14.2,1.1,77,2025,10,Oct,43,Sat,Autumn,0,7.488833333333333,3.053004348696693,0,Rainy,Mild,Windy,Low humidity
2025-10-26,3.1028571428571428,7,7.8,14.8,0.7,78,2025,10,Oct,43,Sun,Autumn,0,7.422970238095238,3.127201999871722,0,Rainy,Cool,Windy,Low humidity
2025-10-27,6.0475,4,11.1,16.7,0,71,2025,10,Oct,44,Mon,Autumn,0,7.304595238095238,3.1091627638812813,0,Dry,Mild,Windy,Low humidity
2025-10-28,5.775,4,12.4,16.1,0.3,75,2025,10,Oct,44,Tue,Autumn,0,7.208261904761906,3.110330156661651,0,Rainy,Mild,Windy,Low humidity
2025-10-29,5.07,4,10.9,9.9,4.7,91,2025,10,Oct,44,Wed,Autumn,0,7.056553571428571,3.099553063962386,0,Rainy,Mild,Calm,High humidity
2025-10-30,6.0625,4,9.6,11.2,0,81,2025,10,Oct,44,Thu,Autumn,0,6.955595238095238,3.080259852941122,0,Dry,Mild,Calm,High humidity
2025-10-31,6.258,5,14.6,18.9,4.4,85,2025,10,Oct,44,Fri,Autumn,0,6.819278571428572,3.0147692556618466,0,Rainy,Mild,Windy,High humidity
2025-11-01,6.675000000000001,4,12.6,17.4,4.5,80,2025,11,Nov,44,Sat,Autumn,0,6.615528571428571,2.796129737088866,0,Rainy,Mild,Windy,High humidity
2025-11-02,5.705,4,9.3,11.3,3.8,80,2025,11,Nov,44,Sun,Autumn,0,6.514861904761904,2.7718230209864445,0,Rainy,Mild,Calm,High humidity
2025-11-03,6.6,4,13.1,18,1.3,84,2025,11,Nov,45,Mon,Autumn,0,6.579945238095238,2.7492959332816627,0,Rainy,Mild,Windy,High humidity
2025-11-04,6.495,4,14.5,16.2,0,83,2025,11,Nov,45,Tue,Autumn,0,6.605153571428572,2.744780364285256,0,Dry,Mild,Windy,High humidity
2025-11-05,7.8575,4,15.4,13.5,0.1,75,2025,11,Nov,45,Wed,Autumn,0,6.678445238095239,2.7479917432106964,0,Rainy,Warm,Windy,Low humidity
2025-11-06,8.4275,4,15,8.6,1.1,87,2025,11,Nov,45,Thu,Autumn,0,6.730361904761905,2.7663865334856435,0,Rainy,Warm,Calm,High humidity
2025-11-07,8.2775,4,13.3,9,1.7,93,2025,11,Nov,45,Fri,Autumn,0,6.781820238095238,2.7807721895268647,0,Rainy,Mild,Calm,High humidity
2025-11-08,15.4,4,12,8.6,1.5,88,2025,11,Nov,45,Sat,Autumn,1,7.058778571428572,3.1954937193955946,0,Rainy,Mild,Calm,High humidity
2025-11-09,11.01,4,10.4,10,0,88,2025,11,Nov,45,Sun,Autumn,0,7.136070238095239,3.2636566702176086,0,Dry,Mild,Calm,High humidity
2025-11-10,4.865,4,11.7,14.6,5.8,90,2025,11,Nov,46,Mon,Autumn,0,6.9488619047619045,3.226016624342238,0,Rainy,Mild,Windy,High humidity
2025-11-11,6.1875,4,12.4,15.8,1.5,85,2025,11,Nov,46,Tue,Autumn,0,6.610945238095239,2.6977026670608946,0,Rainy,Mild,Windy,High humidity
2025-11-12,8.15,4,14.4,13.8,0.3,81,2025,11,Nov,46,Wed,Autumn,0,6.501070238095238,2.5574551782033135,0,Rainy,Mild,Windy,High humidity
2025-11-13,9.11,4,14.4,10.8,4.7,85,2025,11,Nov,46,Thu,Autumn,0,6.686528571428571,2.5374467259776163,0,Rainy,Mild,Calm,High humidity
2025-11-14,16.05,4,13,8.8,15.2,96,2025,11,Nov,46,Fri,Autumn,1,7.100236904761904,2.9940829356973753,0,Rainy,Mild,Calm,High humidity
2025-11-15,11.6825,4,11.8,6.6,0.2,94,2025,11,Nov,46,Sat,Autumn,0,7.357153571428571,3.046882467228079,0,Rainy,Mild,Calm,High humidity
2025-11-16,4.495,4,9,11.1,0.6,82,2025,11,Nov,46,Sun,Autumn,0,7.2926119047619045,3.08741018098993,0,Rainy,Mild,Calm,High humidity
2025-11-17,7.54,4,5.5,11.2,0,78,2025,11,Nov,47,Mon,Autumn,0,7.261903571428572,3.079958256348718,0,Dry,Cool,Calm,Low humidity
2025-11-18,9.581428571428573,7,3.3,9.1,0.1,89,2025,11,Nov,47,Tue,Autumn,0,7.2668678571428575,3.0836952251713154,0,Rainy,Cool,Calm,High humidity
2025-11-19,5.74625,8,3.3,14.6,6.3,85,2025,11,Nov,47,Wed,Autumn,0,7.250367857142858,3.090688630939592,0,Rainy,Cool,Windy,High humidity
2025-11-20,4.31,8,1.3,11.4,0,74,2025,11,Nov,47,Thu,Autumn,0,7.12357619047619,3.131796778527101,0,Dry,Cool,Calm,Low humidity
2025-11-21,6.72625,8,2.3,8.6,0,84,2025,11,Nov,47,Fri,Autumn,0,7.156326190476191,3.121991802925594,0,Dry,Cool,Calm,High humidity
2025-11-22,9.7425,8,5.6,15.4,10.4,84,2025,11,Nov,47,Sat,Autumn,0,7.348659523809524,3.096716470921812,0,Rainy,Cool,Windy,High humidity
2025-11-23,4.191428571428571,7,7.6,14.2,9.7,85,2025,11,Nov,47,Sun,Autumn,0,7.374707142857144,3.0655744144507135,0,Rainy,Cool,Windy,High humidity
2025-11-24,4.87125,8,5.6,11.1,1.6,88,2025,11,Nov,48,Mon,Autumn,0,7.400415476190476,3.0402949690612187,0,Rainy,Cool,Calm,High humidity
2025-11-25,4.68625,8,5,12.7,0,81,2025,11,Nov,48,Tue,Autumn,0,7.453195238095238,2.9761843598682636,0,Dry,Cool,Calm,High humidity
2025-11-26,8.92,8,3.7,7.7,0.9,88,2025,11,Nov,48,Wed,Autumn,0,7.548945238095238,2.9756078614348436,0,Rainy,Cool,Calm,High humidity
2025-11-27,6.44125,8,11.8,16,1.1,93,2025,11,Nov,48,Thu,Autumn,0,7.571153571428572,2.964376616078323,0,Rainy,Mild,Windy,High humidity
2025-11-28,5.6575,8,10.5,13.7,0,85,2025,11,Nov,48,Fri,Autumn,0,7.590736904761905,2.9491853260358205,0,Dry,Mild,Windy,High humidity
2025-11-29,6.87875,8,8.9,16.3,3.9,87,2025,11,Nov,48,Sat,Autumn,0,7.6179452380952375,2.938345400257619,0,Rainy,Cool,Windy,High humidity
2025-11-30,4.285,8,5.3,11.1,0,80,2025,11,Nov,48,Sun,Autumn,0,7.552178571428572,2.991434048455048,0,Dry,Cool,Calm,High humidity
2025-12-01,4.573333333333333,9,10.1,23.4,6.7,87,2025,12,Dec,49,Mon,Winter,0,7.482123015873016,3.0369477395038675,0,Rainy,Mild,Windy,High humidity
2025-12-02,4.621111111111111,9,8.6,10.8,2.6,87,2025,12,Dec,49,Tue,Winter,0,7.445993386243386,3.0651351885772504,0,Rainy,Cool,Calm,High humidity
2025-12-03,4.863333333333333,9,6.3,7.8,0.8,89,2025,12,Dec,49,Wed,Winter,0,7.388104497354498,3.0978883377341395,0,Rainy,Cool,Calm,High humidity
2025-12-04,5.318888888888889,9,6.4,12.1,6.1,91,2025,12,Dec,49,Thu,Winter,0,7.348900793650794,3.1169633880927403,0,Rainy,Cool,Calm,High humidity
2025-12-05,6.517777777777778,9,4.9,14.7,10.6,86,2025,12,Dec,49,Fri,Winter,0,7.304243386243386,3.119021873160365,0,Rainy,Cool,Windy,High humidity
2025-12-06,7.207777777777777,9,10.1,17.2,1,84,2025,12,Dec,49,Sat,Winter,0,7.263585978835979,3.1118163858732415,0,Rainy,Mild,Windy,High humidity
2025-12-07,6.921111111111111,9,11.1,15.7,4.3,89,2025,12,Dec,49,Sun,Winter,0,7.2183730158730155,3.106425911660295,0,Rainy,Mild,Windy,High humidity
2025-12-08,5.932222222222222,9,12.1,14.3,0.6,87,2025,12,Dec,50,Mon,Winter,0,6.902780423280423,2.7010456443693642,0,Rainy,Mild,Windy,High humidity
2025-12-09,5.778888888888889,9,13.2,21.1,6.7,81,2025,12,Dec,50,Tue,Winter,0,6.728410052910053,2.5934633239253384,0,Rainy,Mild,Windy,High humidity
2025-12-10,8.966666666666667,9,10.7,15.1,0,81,2025,12,Dec,50,Wed,Winter,0,6.865132275132276,2.5999483749920325,0,Dry,Mild,Windy,High humidity
2025-12-11,9.001111111111111,9,9.4,11.7,0,89,2025,12,Dec,50,Thu,Winter,0,6.9589193121693125,2.625285238125371,0,Dry,Mild,Calm,High humidity
2025-12-12,7.231111111111111,9,10.1,10,0.2,90,2025,12,Dec,50,Fri,Winter,0,6.928289682539683,2.6162543955723727,0,Rainy,Mild,Calm,High humidity
2025-12-13,8.553333333333333,9,6.4,7.6,0,90,2025,12,Dec,50,Sat,Winter,0,6.9097341269841275,2.602183449936728,0,Dry,Cool,Calm,High humidity
2025-12-14,7.48,9,8.3,14.9,0,88,2025,12,Dec,50,Sun,Winter,0,6.624067460317461,1.9537936758838526,0,Dry,Cool,Windy,High humidity
2025-12-15,8.517777777777777,9,10.5,14.6,0,87,2025,12,Dec,51,Mon,Winter,0,6.5185767195767195,1.7456006991593622,0,Dry,Mild,Windy,High humidity
2025-12-16,9.598888888888888,9,9.5,9.6,4.5,90,2025,12,Dec,51,Tue,Winter,0,6.68870634920635,1.789737698180131,0,Rainy,Mild,Calm,High humidity
2025-12-17,9.435555555555556,9,6.4,12.4,0,87,2025,12,Dec,51,Wed,Winter,0,6.751891534391534,1.8531648462512336,0,Dry,Cool,Calm,High humidity
2025-12-18,5.116666666666667,9,11.1,21.6,17.7,89,2025,12,Dec,51,Thu,Winter,0,6.603066137566137,1.7965060825632293,0,Rainy,Mild,Windy,High humidity
2025-12-19,5.192222222222222,9,8.5,11.2,0.2,81,2025,12,Dec,51,Fri,Winter,0,6.584598544973545,1.8084257217020894,0,Rainy,Cool,Calm,High humidity
2025-12-20,7.725555555555555,9,6.6,8.8,0,89,2025,12,Dec,51,Sat,Winter,0,6.698450396825397,1.7673360156148863,0,Dry,Cool,Calm,High humidity
2025-12-21,10.725555555555555,9,8.9,11,5.1,96,2025,12,Dec,51,Sun,Winter,0,6.831760582010583,1.9142341238631964,0,Rainy,Cool,Calm,High humidity
2025-12-22,14.855555555555556,9,9.1,9.3,0.9,95,2025,12,Dec,52,Mon,Winter,0,7.002195767195768,2.3584178901695476,0,Rainy,Mild,Calm,High humidity
2025-12-23,18.1,9,6.8,13.3,0.1,89,2025,12,Dec,52,Tue,Winter,1,7.465814814814816,3.051932577761589,0,Rainy,Cool,Calm,High humidity
2025-12-24,12.5,9,4.9,17.3,0,75,2025,12,Dec,52,Wed,Winter,0,7.720106481481482,3.1447044028907416,0,Dry,Cool,Windy,Low humidity
2025-12-25,6.681111111111111,9,3.8,18.8,0,71,2025,12,Dec,52,Thu,Winter,0,7.786601851851852,3.0991010090595026,0,Dry,Cool,Windy,Low humidity
2025-12-26,10.928888888888888,9,4.2,12.5,0,85,2025,12,Dec,52,Fri,Winter,0,7.853564814814815,3.145786674130079,0,Dry,Cool,Calm,High humidity
2025-12-27,10.734444444444444,9,5.2,15.3,0,86,2025,12,Dec,52,Sat,Winter,0,7.996671296296297,3.1768217175504545,0,Dry,Cool,Windy,High humidity
